id,name,tenure_months,monthly_revenue,support_tickets_90d,payment_failures_90d,usage_change_pct,nps,plan_type,days_since_login,discount_pct,price_increase_pct,engagement_trend_pct,complaint_recency_days,feature_adoption_pct,competitor_pressure,churned
rahul-sharma,Rahul Sharma,8,420,8,2,-48,2,premium,46,10,15,-42,8,31,3,1
maya-patel,Maya Patel,38,1250,1,0,4,72,premium,2,35,0,6,70,88,0,0
arjun-reddy,Arjun Reddy,14,210,5,1,-22,24,standard,18,15,10,-16,13,49,2,1
sara-khan,Sara Khan,55,680,0,0,15,81,premium,1,5,0,12,90,92,0,0
viktor-lee,Viktor Lee,5,95,7,1,-38,12,basic,41,25,10,-35,9,28,2,1
cust-00006,Customer 00006,72,419.2,2,0,-16.6,19,standard,16,11,10,-10.0,66,46.9,0,0
cust-00007,Customer 00007,45,997.3,2,1,-12.1,46,premium,60,18,0,-9.3,47,52.4,0,0
cust-00008,Customer 00008,17,153.56,2,0,-5.4,30,basic,17,3,0,-4.1,28,56.0,1,0
cust-00009,Customer 00009,36,143.37,1,0,-29.7,69,basic,33,13,15,-3.8,25,55.8,0,0
cust-00010,Customer 00010,26,281.52,1,1,-1.1,70,standard,22,7,0,-7.4,20,76.1,1,0
cust-00011,Customer 00011,3,1500.57,3,0,-7.1,33,premium,41,0,0,-9.0,49,80.8,0,0
cust-00012,Customer 00012,5,1064.26,1,0,12.7,63,premium,51,3,10,3.9,38,51.6,0,0
cust-00013,Customer 00013,29,1151.19,3,0,-7.2,51,premium,23,2,0,-12.6,22,41.1,1,0
cust-00014,Customer 00014,36,348.68,0,0,22.8,20,standard,36,19,0,24.6,31,68.0,1,0
cust-00015,Customer 00015,25,442.09,0,1,29.9,71,standard,34,28,0,6.3,88,68.2,0,0
cust-00016,Customer 00016,34,227.13,2,1,1.6,55,basic,34,8,0,-2.6,36,45.5,2,0
cust-00017,Customer 00017,72,709.06,0,1,-20.2,44,premium,20,14,15,-23.7,53,53.3,0,1
cust-00018,Customer 00018,38,820.09,4,2,16.1,45,premium,15,0,5,18.2,23,12.1,0,0
cust-00019,Customer 00019,23,217.55,0,0,7.7,71,basic,15,5,0,11.6,35,57.7,1,0
cust-00020,Customer 00020,6,929.42,1,0,-15.9,10,premium,12,0,0,-15.8,53,47.2,0,1
cust-00021,Customer 00021,28,170.91,2,0,-6.7,43,basic,13,5,10,-23.1,36,79.5,0,0
cust-00022,Customer 00022,14,373.52,0,0,-4.7,82,standard,2,24,5,3.7,85,53.9,0,0
cust-00023,Customer 00023,32,703.2,1,0,39.7,78,premium,2,12,0,47.1,26,50.1,1,0
cust-00024,Customer 00024,11,446.58,1,4,-15.3,36,standard,15,15,0,-13.5,32,45.8,2,1
cust-00025,Customer 00025,13,113.21,1,0,-41.8,68,basic,24,3,10,-41.9,6,92.5,0,1
cust-00026,Customer 00026,14,240.89,2,0,-4.9,16,standard,13,14,5,-4.8,2,62.5,0,0
cust-00027,Customer 00027,37,171.33,6,0,3.6,65,basic,10,12,5,2.9,22,71.9,0,0
cust-00028,Customer 00028,5,128.82,2,0,13.9,5,basic,16,14,10,10.4,50,63.1,1,0
cust-00029,Customer 00029,17,458.1,0,0,-25.8,55,standard,21,16,10,-23.9,54,57.8,2,1
cust-00030,Customer 00030,15,973.86,5,2,23.0,48,premium,4,0,0,24.8,13,40.4,1,0
cust-00031,Customer 00031,9,413.24,2,0,-37.5,62,standard,39,22,5,-36.2,7,54.3,1,1
cust-00032,Customer 00032,5,1013.94,2,0,-18.5,6,premium,31,5,5,-10.7,6,32.1,0,1
cust-00033,Customer 00033,9,1083.08,0,1,-2.1,28,premium,16,0,5,-1.6,26,39.2,1,1
cust-00034,Customer 00034,51,269.13,0,0,-12.0,77,basic,12,33,10,-24.9,53,16.4,0,0
cust-00035,Customer 00035,10,137.5,4,0,45,70,basic,20,17,15,45.5,43,44.4,0,0
cust-00036,Customer 00036,17,1244.4,1,0,34.6,46,premium,12,0,20,26.6,30,83.6,0,0
cust-00037,Customer 00037,55,339.42,8,1,27.8,24,standard,17,0,0,34.5,66,91.9,1,0
cust-00038,Customer 00038,4,912.66,4,0,0.8,24,premium,12,0,0,0.3,34,79.2,0,0
cust-00039,Customer 00039,50,159.42,0,0,29.9,88,basic,12,8,5,19.9,46,25.7,0,0
cust-00040,Customer 00040,7,398.62,0,0,30.5,34,standard,7,13,0,26.6,88,50.7,2,0
cust-00041,Customer 00041,23,151.37,6,0,-0.4,31,basic,34,19,0,8.0,32,31.7,1,0
cust-00042,Customer 00042,15,1356.69,2,0,20.5,43,premium,12,8,5,21.7,15,77.9,2,0
cust-00043,Customer 00043,7,155.14,0,1,20.1,38,basic,60,0,0,16.0,26,78.3,1,0
cust-00044,Customer 00044,33,150.39,0,0,-35.6,24,basic,23,4,0,-30.4,38,72.2,0,0
cust-00045,Customer 00045,7,1530.52,0,1,10.2,20,premium,17,1,0,5.7,59,81.6,3,0
cust-00046,Customer 00046,19,168.09,6,0,9.4,57,basic,7,25,0,19.4,11,84.0,1,0
cust-00047,Customer 00047,30,123.63,0,0,-1.2,60,basic,13,4,5,-6.3,86,66.8,0,0
cust-00048,Customer 00048,21,415.52,0,4,-35.9,80,standard,14,12,0,-37.1,73,75.7,1,0
cust-00049,Customer 00049,18,1496.2,0,0,-32.7,62,premium,7,18,0,-29.2,32,67.5,0,0
cust-00050,Customer 00050,32,753.2,3,0,-11.3,95,premium,13,0,0,-13.0,18,42.9,0,0
cust-00051,Customer 00051,12,444.86,0,0,-34.6,83,standard,20,0,15,-20.1,25,91.7,0,0
cust-00052,Customer 00052,8,152.54,1,2,-1.9,46,basic,1,4,10,4.1,77,56.9,3,1
cust-00053,Customer 00053,28,293.81,0,0,-3.6,48,basic,32,3,20,-12.9,62,72.7,0,0
cust-00054,Customer 00054,14,548.0,4,0,17.6,78,standard,23,31,5,22.4,7,58.9,1,0
cust-00055,Customer 00055,7,726.83,0,0,24.8,33,premium,23,13,5,29.0,39,36.7,1,0
cust-00056,Customer 00056,63,152.87,2,0,-4.6,63,basic,40,18,5,5.1,30,94.6,1,0
cust-00057,Customer 00057,14,327.1,3,1,-28.6,72,standard,35,18,5,-36.2,17,35.0,0,0
cust-00058,Customer 00058,16,99.14,0,2,-7.2,35,basic,14,24,20,-5.2,76,52.4,0,0
cust-00059,Customer 00059,39,182.1,0,3,24.6,82,basic,42,5,10,13.9,41,22.6,0,0
cust-00060,Customer 00060,3,176.28,2,1,8.7,17,basic,35,16,5,5.7,48,12.4,0,1
cust-00061,Customer 00061,17,158.17,5,1,-8.2,68,basic,19,15,0,-8.7,3,100,1,0
cust-00062,Customer 00062,37,1373.63,1,0,-20.2,19,premium,19,0,15,-38.8,14,65.8,1,0
cust-00063,Customer 00063,19,1086.94,1,3,25.6,46,premium,39,18,0,28.1,11,49.0,1,1
cust-00064,Customer 00064,28,141.09,11,2,23.5,83,basic,9,24,10,13.5,31,45.9,0,0
cust-00065,Customer 00065,24,406.79,5,0,9.0,60,standard,11,11,0,19.1,9,55.2,0,0
cust-00066,Customer 00066,16,320.2,0,0,-4.3,82,standard,2,1,15,3.9,41,33.3,0,0
cust-00067,Customer 00067,9,1494.14,0,2,-16.7,59,premium,14,4,0,-3.8,51,69.0,1,0
cust-00068,Customer 00068,19,391.48,4,0,19.8,52,standard,8,17,10,12.7,45,94.7,2,1
cust-00069,Customer 00069,14,701.26,1,0,-12.2,37,premium,9,0,0,0.8,2,74.3,0,0
cust-00070,Customer 00070,24,139.42,0,2,-53.2,35,basic,19,11,5,-59.7,74,59.0,2,0
cust-00071,Customer 00071,17,180.44,0,1,44.4,25,basic,16,12,0,45.2,71,100,1,0
cust-00072,Customer 00072,6,311.96,0,0,-41.3,50,standard,50,17,0,-52.6,86,63.8,3,1
cust-00073,Customer 00073,43,415.65,2,2,-20.2,24,standard,5,19,0,-21.4,23,88.1,2,0
cust-00074,Customer 00074,72,1219.28,5,0,36.4,11,premium,26,14,10,32.9,30,36.6,0,0
cust-00075,Customer 00075,32,161.44,0,0,-12.6,68,basic,24,8,10,-12.6,62,70.9,0,0
cust-00076,Customer 00076,14,1303.27,0,0,10.8,35,premium,21,0,0,12.7,29,39.8,0,0
cust-00077,Customer 00077,34,408.03,3,0,1.8,67,standard,7,27,0,2.4,13,68.2,1,0
cust-00078,Customer 00078,23,277.48,0,0,-29.0,68,standard,6,20,5,-33.7,82,8.5,2,0
cust-00079,Customer 00079,17,194.96,0,0,14.7,81,basic,9,16,0,7.3,62,57.2,0,0
cust-00080,Customer 00080,20,399.38,3,2,-9.7,51,standard,6,7,0,2.4,27,54.3,0,0
cust-00081,Customer 00081,24,183.0,4,0,4.2,57,basic,14,20,0,8.2,20,73.6,1,0
cust-00082,Customer 00082,21,483.49,1,0,12.1,54,standard,3,6,0,12.3,33,70.0,2,0
cust-00083,Customer 00083,39,117.99,5,0,-52.2,52,basic,30,17,0,-37.2,30,54.9,0,1
cust-00084,Customer 00084,13,183.01,1,0,42.7,65,basic,17,24,10,42.5,11,44.4,0,0
cust-00085,Customer 00085,16,206.49,0,3,27.2,57,basic,41,0,0,21.2,59,27.9,0,1
cust-00086,Customer 00086,48,102.55,0,3,14.3,72,basic,38,0,5,16.0,77,81.9,1,0
cust-00087,Customer 00087,12,897.12,0,0,9.8,85,premium,20,10,5,8.6,35,63.0,0,0
cust-00088,Customer 00088,28,190.6,1,0,-5.9,64,basic,14,34,0,-6.7,7,53.5,0,0
cust-00089,Customer 00089,72,333.83,0,1,-32.2,47,standard,26,14,0,-32.6,89,55.2,0,0
cust-00090,Customer 00090,30,411.83,0,2,1.0,64,standard,37,10,10,-2.3,31,49.4,0,0
cust-00091,Customer 00091,50,366.62,2,0,31.6,41,standard,26,0,10,28.7,10,49.9,1,0
cust-00092,Customer 00092,38,974.93,2,0,-39.0,57,premium,14,21,0,-27.3,14,73.0,1,0
cust-00093,Customer 00093,9,133.14,1,3,-59.5,47,basic,48,18,0,-62.7,75,58.4,2,1
cust-00094,Customer 00094,2,1600.48,1,1,-15.1,95,premium,10,22,10,-29.3,52,66.4,0,0
cust-00095,Customer 00095,29,254.32,1,1,-31.0,-5,standard,22,4,0,-40.4,46,86.9,2,1
cust-00096,Customer 00096,32,149.11,0,2,45,85,basic,7,13,0,47.6,62,35.8,2,0
cust-00097,Customer 00097,40,136.44,0,3,-46.4,47,basic,36,0,10,-44.0,64,100,1,1
cust-00098,Customer 00098,13,510.28,2,0,-0.4,31,standard,28,2,10,8.8,3,47.4,1,0
cust-00099,Customer 00099,10,170.49,0,0,-27.2,35,basic,20,15,0,-25.8,58,39.5,0,0
cust-00100,Customer 00100,12,1106.21,3,2,7.7,60,premium,18,9,0,-9.1,26,54.2,1,0
cust-00101,Customer 00101,8,328.4,5,1,23.1,54,standard,17,14,10,18.5,69,93.5,0,0
cust-00102,Customer 00102,9,160.18,2,0,-10.3,41,basic,13,9,10,-10.7,34,43.7,1,0
cust-00103,Customer 00103,71,1201.85,2,1,-28.4,85,premium,16,0,5,-17.8,21,63.5,3,0
cust-00104,Customer 00104,17,302.81,2,0,-3.5,20,standard,5,0,0,0.4,30,50.5,1,0
cust-00105,Customer 00105,72,119.64,0,1,-17.4,55,basic,26,4,0,-19.7,77,40.4,0,0
cust-00106,Customer 00106,17,469.5,1,0,1.3,72,standard,31,3,5,-4.8,13,60.0,2,0
cust-00107,Customer 00107,47,799.5,1,0,-1.4,29,premium,11,1,0,-5.8,33,54.5,1,0
cust-00108,Customer 00108,25,238.03,1,0,-51.3,-21,standard,27,23,0,-47.2,36,59.1,0,1
cust-00109,Customer 00109,47,343.06,1,0,-30.6,35,standard,12,10,0,-22.5,33,30.4,0,0
cust-00110,Customer 00110,17,400.26,0,0,-21.3,78,standard,43,26,10,-3.6,33,73.8,3,0
cust-00111,Customer 00111,30,167.82,4,0,-3.7,57,basic,52,16,0,2.4,4,45.1,0,0
cust-00112,Customer 00112,9,164.05,3,0,-38.3,23,basic,57,23,0,-32.2,20,30.7,0,1
cust-00113,Customer 00113,21,1081.22,0,1,-23.0,69,premium,21,0,0,-9.9,50,62.6,1,0
cust-00114,Customer 00114,19,1063.96,0,1,7.8,18,premium,29,5,0,26.2,60,29.3,0,0
cust-00115,Customer 00115,26,227.3,1,1,-12.7,79,standard,33,22,0,-10.1,34,57.2,1,0
cust-00116,Customer 00116,22,480.19,0,0,9.2,22,standard,3,14,0,-4.1,90,76.4,1,0
cust-00117,Customer 00117,29,131.65,0,0,-24.5,30,basic,31,0,0,-24.9,79,63.8,0,0
cust-00118,Customer 00118,27,169.38,1,1,-11.9,33,basic,34,1,5,-9.4,13,66.6,1,0
cust-00119,Customer 00119,3,1162.35,6,2,-33.1,46,premium,29,17,0,-27.8,13,89.5,0,0
cust-00120,Customer 00120,10,344.74,0,0,28.7,52,standard,17,14,0,32.5,73,39.6,0,0
cust-00121,Customer 00121,71,1499.81,2,0,-10.5,58,premium,28,7,5,-0.2,35,36.9,1,0
cust-00122,Customer 00122,31,1029.44,0,0,-23.4,15,premium,12,23,20,-17.9,54,52.8,0,0
cust-00123,Customer 00123,38,171.44,1,0,-26.7,60,basic,18,23,0,-21.6,44,26.3,1,0
cust-00124,Customer 00124,45,829.54,0,1,-0.4,4,premium,38,34,0,15.7,31,100,0,0
cust-00125,Customer 00125,27,1086.1,0,0,22.0,38,premium,8,0,0,17.6,31,34.7,2,0
cust-00126,Customer 00126,11,389.24,0,0,-33.3,34,standard,28,18,0,-22.5,29,58.0,1,0
cust-00127,Customer 00127,42,1159.39,4,0,-15.5,82,premium,14,16,5,-14.0,20,52.4,0,0
cust-00128,Customer 00128,19,201.47,2,1,-15.4,61,basic,25,0,0,-20.8,17,51.8,0,0
cust-00129,Customer 00129,6,181.46,0,0,5.2,50,basic,11,5,0,-6.9,71,61.9,0,0
cust-00130,Customer 00130,55,1340.55,2,0,36.3,57,premium,52,10,10,44.1,29,69.6,2,0
cust-00131,Customer 00131,36,693.33,8,0,-39.4,73,premium,25,12,10,-35.6,8,43.3,0,0
cust-00132,Customer 00132,31,476.46,0,1,-26.1,33,standard,10,27,0,-41.9,57,88.8,1,0
cust-00133,Customer 00133,59,756.12,7,0,-33.3,93,premium,29,19,0,-43.9,46,100,2,0
cust-00134,Customer 00134,33,150.74,0,1,21.5,16,basic,19,0,0,19.5,36,48.9,2,0
cust-00135,Customer 00135,24,1849.22,5,1,9.1,73,premium,19,0,0,10.8,12,100,0,0
cust-00136,Customer 00136,19,418.69,0,1,-22.4,30,standard,37,15,5,-27.6,49,90.5,0,0
cust-00137,Customer 00137,37,162.74,3,0,-26.8,51,basic,25,15,0,-11.1,18,59.6,0,0
cust-00138,Customer 00138,1,278.15,1,0,28.3,14,standard,17,13,10,26.8,10,82.1,0,0
cust-00139,Customer 00139,16,254.22,0,1,-13.2,63,basic,15,0,5,-4.6,72,93.6,1,0
cust-00140,Customer 00140,29,1107.12,1,0,2.4,73,premium,49,0,0,-14.4,20,57.5,1,0
cust-00141,Customer 00141,12,236.03,0,0,23.7,16,basic,25,10,15,23.1,68,80.8,0,0
cust-00142,Customer 00142,44,396.3,0,0,-10.6,33,standard,19,14,0,-4.0,72,98.7,0,0
cust-00143,Customer 00143,15,245.93,0,1,19.1,64,basic,38,12,5,30.3,37,25.7,0,1
cust-00144,Customer 00144,44,409.52,0,0,40.0,50,standard,30,6,20,46.1,40,75.0,1,0
cust-00145,Customer 00145,22,108.91,1,0,-17.2,76,basic,22,14,5,-17.0,43,61.3,1,0
cust-00146,Customer 00146,23,1111.07,1,0,21.2,-3,premium,39,10,0,10.0,36,95.4,0,0
cust-00147,Customer 00147,23,628.16,11,3,27.2,68,standard,18,10,0,34.0,25,65.4,1,0
cust-00148,Customer 00148,10,352.06,4,0,-2.9,56,standard,13,7,0,14.6,17,52.5,0,0
cust-00149,Customer 00149,8,141.6,0,1,-0.7,55,basic,10,1,5,-8.2,72,74.1,1,0
cust-00150,Customer 00150,3,1577.62,2,2,2.0,49,premium,26,0,0,-7.9,38,23.0,2,1
cust-00151,Customer 00151,10,274.84,0,0,8.6,23,standard,16,0,0,11.5,67,29.4,2,0
cust-00152,Customer 00152,40,1232.32,0,1,-32.8,53,premium,47,3,15,-27.5,66,58.3,0,0
cust-00153,Customer 00153,16,960.05,1,1,-6.6,58,premium,8,9,0,-9.8,16,76.7,0,0
cust-00154,Customer 00154,10,1254.29,3,0,-17.0,64,premium,59,2,0,-17.1,10,67.8,1,0
cust-00155,Customer 00155,20,402.6,2,2,9.0,50,standard,26,20,5,0.2,51,71.4,1,1
cust-00156,Customer 00156,55,116.17,3,0,-25.2,33,basic,13,11,0,-20.6,21,66.2,1,0
cust-00157,Customer 00157,41,78.36,0,0,2.4,45,basic,11,9,5,-2.4,53,70.2,2,0
cust-00158,Customer 00158,5,1078.66,0,1,13.7,-1,premium,8,2,0,15.9,77,55.1,1,0
cust-00159,Customer 00159,22,459.78,1,0,19.3,50,standard,15,13,0,23.8,6,53.8,0,0
cust-00160,Customer 00160,11,269.28,0,0,-16.7,33,basic,3,5,0,-19.2,37,32.8,3,0
cust-00161,Customer 00161,6,225.87,7,0,-3.1,-1,standard,28,3,0,-15.9,22,55.9,2,1
cust-00162,Customer 00162,38,474.39,6,1,-24.5,85,standard,11,13,10,-18.9,27,11.4,0,0
cust-00163,Customer 00163,25,582.18,1,3,4.6,50,premium,15,8,0,-7.3,22,59.7,1,1
cust-00164,Customer 00164,52,106.66,1,1,7.1,40,basic,7,7,0,8.3,27,37.7,0,0
cust-00165,Customer 00165,50,281.19,4,3,2.7,71,standard,28,16,0,3.1,12,71.8,0,0
cust-00166,Customer 00166,32,164.97,0,2,-23.0,19,basic,8,1,0,-43.3,55,89.6,1,0
cust-00167,Customer 00167,22,347.78,3,0,-16.2,55,standard,11,7,5,-14.6,48,23.9,2,0
cust-00168,Customer 00168,9,742.73,2,1,-21.8,52,premium,3,6,5,-30.5,45,42.3,0,0
cust-00169,Customer 00169,10,163.33,0,0,-45.1,20,basic,9,9,0,-33.0,76,83.4,0,0
cust-00170,Customer 00170,9,189.44,1,0,-4.5,57,basic,4,22,5,-14.0,18,57.1,1,0
cust-00171,Customer 00171,22,430.64,9,0,2.8,24,standard,39,13,10,0.6,53,49.7,3,1
cust-00172,Customer 00172,29,551.5,5,2,-14.6,75,standard,13,11,0,-5.3,40,44.6,1,0
cust-00173,Customer 00173,72,337.8,1,0,-4.0,83,standard,13,4,10,-9.2,15,78.4,1,0
cust-00174,Customer 00174,15,192.35,0,0,21.9,61,basic,27,13,0,16.5,46,57.6,0,1
cust-00175,Customer 00175,11,269.56,2,1,1.5,48,standard,12,18,0,-4.3,15,57.6,0,0
cust-00176,Customer 00176,28,771.12,1,2,-3.4,19,premium,38,4,0,-1.1,66,97.3,1,0
cust-00177,Customer 00177,57,203.5,2,1,8.2,49,basic,9,4,10,1.3,49,66.6,3,0
cust-00178,Customer 00178,72,149.8,0,0,-36.4,51,basic,53,0,5,-29.6,50,100,2,1
cust-00179,Customer 00179,12,1036.99,0,1,-20.1,37,premium,23,0,5,-19.4,46,52.5,0,0
cust-00180,Customer 00180,17,451.54,1,0,9.3,23,standard,20,18,0,16.3,2,46.3,0,0
cust-00181,Customer 00181,45,429.64,0,0,-31.2,9,standard,24,18,0,-29.6,87,88.2,0,0
cust-00182,Customer 00182,30,375.63,6,2,-14.6,70,standard,10,9,5,-24.8,30,90.0,0,0
cust-00183,Customer 00183,15,337.93,0,3,13.3,49,standard,24,21,0,21.3,45,91.9,0,0
cust-00184,Customer 00184,68,478.48,7,1,3.6,48,standard,65,30,10,3.3,9,49.2,1,1
cust-00185,Customer 00185,22,133.36,0,0,-26.5,39,basic,41,20,0,-28.3,90,73.8,0,0
cust-00186,Customer 00186,47,773.65,3,0,-32.2,92,premium,41,7,5,-31.1,90,75.5,0,0
cust-00187,Customer 00187,43,165.34,1,1,-21.5,21,basic,19,13,0,-28.8,20,100,1,0
cust-00188,Customer 00188,59,1296.18,0,2,12.7,62,premium,13,2,0,-5.9,30,88.9,2,0
cust-00189,Customer 00189,18,346.45,0,1,-40.5,39,standard,24,0,5,-33.6,50,33.3,0,0
cust-00190,Customer 00190,13,157.26,1,0,-27.8,74,basic,50,0,0,-34.2,81,57.3,0,0
cust-00191,Customer 00191,34,441.65,2,0,-11.4,67,standard,12,19,20,-23.7,7,47.8,0,0
cust-00192,Customer 00192,24,1433.36,0,0,-2.9,28,premium,31,4,0,1.8,33,59.3,0,0
cust-00193,Customer 00193,5,532.79,10,0,6.0,29,standard,7,3,0,8.8,11,31.2,1,0
cust-00194,Customer 00194,23,945.47,3,0,-27.4,44,premium,13,0,0,-29.4,11,89.7,0,0
cust-00195,Customer 00195,42,203.17,2,0,-8.5,62,standard,14,29,0,-12.6,49,46.5,0,0
cust-00196,Customer 00196,10,238.91,4,0,-35.1,95,basic,41,11,5,-41.8,9,56.7,0,0
cust-00197,Customer 00197,33,139.46,1,0,-36.9,23,basic,28,0,0,-46.1,22,62.2,1,0
cust-00198,Customer 00198,44,102.03,0,1,43.5,70,basic,9,1,5,44.1,34,86.7,0,0
cust-00199,Customer 00199,33,76.03,2,0,45,20,basic,4,19,10,44.9,59,53.8,1,0
cust-00200,Customer 00200,10,170.52,1,0,20.0,42,basic,45,11,0,27.7,10,30.5,1,1
cust-00201,Customer 00201,54,69.06,1,0,-6.9,80,basic,19,12,10,-17.0,31,32.5,2,0
cust-00202,Customer 00202,11,363.8,0,0,-6.1,41,standard,20,16,0,-16.4,84,37.8,0,0
cust-00203,Customer 00203,13,345.03,2,0,-11.2,83,standard,3,10,0,-6.5,8,66.1,0,0
cust-00204,Customer 00204,16,103.18,2,0,-15.4,63,basic,15,18,0,2.4,14,74.9,0,0
cust-00205,Customer 00205,20,1403.49,0,0,-36.8,43,premium,37,10,0,-44.0,56,27.5,0,0
cust-00206,Customer 00206,36,454.84,1,0,-17.7,15,standard,6,0,0,-13.1,41,59.3,0,0
cust-00207,Customer 00207,20,863.27,2,2,10.1,36,premium,62,6,0,17.4,18,65.1,0,0
cust-00208,Customer 00208,72,414.81,8,0,-20.2,13,standard,32,7,10,-35.8,25,16.2,2,1
cust-00209,Customer 00209,20,587.9,0,0,-15.0,37,premium,28,17,0,-14.2,39,60.0,2,0
cust-00210,Customer 00210,53,491.9,1,0,-33.4,84,standard,23,15,0,-32.0,32,77.1,1,0
cust-00211,Customer 00211,9,321.02,0,0,14.7,67,standard,36,9,10,20.1,25,50.9,1,0
cust-00212,Customer 00212,36,1157.0,0,2,22.6,62,premium,30,5,0,23.8,26,77.4,0,0
cust-00213,Customer 00213,3,310.45,1,2,-3.3,29,standard,17,5,0,0.1,58,64.7,0,0
cust-00214,Customer 00214,6,383.13,0,0,2.4,42,standard,6,3,5,13.3,74,92.9,0,0
cust-00215,Customer 00215,4,1041.02,3,1,0.2,57,premium,17,16,0,4.4,3,72.2,2,0
cust-00216,Customer 00216,12,321.85,0,0,14.6,95,standard,26,13,0,13.6,47,45.7,3,0
cust-00217,Customer 00217,5,180.74,3,0,5.5,56,basic,5,18,5,-5.2,65,43.2,0,1
cust-00218,Customer 00218,23,345.37,5,1,-14.3,61,standard,10,16,0,-21.8,6,13.1,0,0
cust-00219,Customer 00219,63,1181.7,0,2,-5.0,50,premium,14,5,5,-23.5,67,48.2,0,0
cust-00220,Customer 00220,49,100.02,2,0,1.1,70,basic,35,21,5,-11.9,31,56.7,1,0
cust-00221,Customer 00221,4,975.03,5,0,-16.0,36,premium,24,10,10,-18.9,20,44.0,2,1
cust-00222,Customer 00222,57,188.25,0,1,-4.5,64,basic,38,0,0,-16.8,58,71.1,0,0
cust-00223,Customer 00223,35,1096.33,1,0,-4.8,47,premium,3,0,5,4.0,32,100,0,0
cust-00224,Customer 00224,21,233.96,2,0,7.8,4,basic,25,17,15,-0.4,4,43.6,1,1
cust-00225,Customer 00225,16,266.52,0,0,-11.2,27,standard,21,13,15,5.0,78,100,0,1
cust-00226,Customer 00226,46,99.49,5,0,-11.0,79,basic,9,12,0,-18.5,12,46.1,1,0
cust-00227,Customer 00227,9,140.73,5,1,-36.0,33,basic,26,8,0,-45.0,11,66.9,0,0
cust-00228,Customer 00228,28,338.44,1,0,3.6,58,standard,21,0,0,7.4,33,66.7,0,0
cust-00229,Customer 00229,21,407.11,0,0,-24.9,33,standard,21,24,5,-23.3,53,46.1,0,1
cust-00230,Customer 00230,23,326.68,0,1,4.2,46,standard,18,28,5,1.2,80,36.7,2,0
cust-00231,Customer 00231,41,745.86,1,0,-27.0,11,premium,25,3,0,-31.8,33,38.8,0,0
cust-00232,Customer 00232,21,301.51,1,0,-32.5,25,standard,19,6,0,-40.5,38,27.6,1,1
cust-00233,Customer 00233,13,162.02,2,0,-18.9,85,basic,31,19,10,-6.3,40,35.9,0,0
cust-00234,Customer 00234,8,463.84,2,1,11.4,48,standard,9,0,0,-0.0,46,78.8,1,0
cust-00235,Customer 00235,23,174.94,6,0,-10.5,48,basic,38,9,0,-18.4,50,60.3,1,0
cust-00236,Customer 00236,38,158.64,3,1,16.8,89,basic,12,13,20,4.7,51,56.4,1,0
cust-00237,Customer 00237,11,486.46,1,0,-2.3,56,standard,22,11,15,-8.2,15,29.4,0,0
cust-00238,Customer 00238,59,203.46,0,0,45,55,basic,9,8,0,38.1,63,73.1,3,0
cust-00239,Customer 00239,23,271.22,0,0,-42.1,10,standard,23,5,0,-39.4,30,63.7,1,1
cust-00240,Customer 00240,11,128.7,1,2,25.7,13,basic,26,10,5,30.1,21,68.9,0,0
cust-00241,Customer 00241,22,139.28,1,2,22.9,25,basic,39,0,5,21.0,11,91.2,0,1
cust-00242,Customer 00242,4,166.62,9,0,-14.9,32,basic,15,15,10,-14.4,21,67.3,1,1
cust-00243,Customer 00243,20,253.37,5,1,-22.3,62,standard,4,8,0,-22.9,46,25.3,2,1
cust-00244,Customer 00244,16,322.89,1,1,-5.5,95,standard,13,4,0,6.5,11,54.2,0,0
cust-00245,Customer 00245,26,471.57,0,0,17.7,95,standard,13,34,0,24.4,90,72.2,0,0
cust-00246,Customer 00246,33,608.19,0,1,-1.1,19,standard,22,19,0,2.5,82,65.3,0,0
cust-00247,Customer 00247,11,1511.08,3,2,9.3,68,premium,23,5,0,12.0,77,49.7,1,0
cust-00248,Customer 00248,8,639.5,3,3,11.3,73,standard,16,14,0,17.0,38,49.0,0,0
cust-00249,Customer 00249,9,234.52,0,1,33.4,37,standard,28,13,0,33.7,62,53.9,0,0
cust-00250,Customer 00250,42,196.07,1,1,-8.7,46,basic,26,12,0,-5.2,9,72.6,0,0
cust-00251,Customer 00251,36,431.49,0,0,-1.0,42,standard,12,14,0,-16.5,53,78.3,2,1
cust-00252,Customer 00252,25,1038.52,2,0,-7.1,46,premium,7,8,10,-11.2,14,41.2,1,0
cust-00253,Customer 00253,5,528.71,3,3,23.4,55,standard,3,0,0,28.0,28,29.0,0,0
cust-00254,Customer 00254,32,171.31,4,0,4.8,46,basic,9,17,10,9.3,15,87.2,0,0
cust-00255,Customer 00255,20,430.6,0,1,-9.7,35,standard,11,8,0,-11.7,73,30.0,2,1
cust-00256,Customer 00256,12,224.86,0,0,18.4,70,basic,22,11,0,16.7,35,52.2,0,0
cust-00257,Customer 00257,22,463.57,0,0,-5.4,39,standard,19,4,0,-9.2,67,82.7,0,0
cust-00258,Customer 00258,27,1308.16,1,0,21.6,62,premium,19,20,15,17.3,30,100,2,0
cust-00259,Customer 00259,13,105.69,0,0,19.4,64,basic,44,18,0,30.1,27,65.2,3,0
cust-00260,Customer 00260,7,1132.26,1,0,9.1,26,premium,9,1,10,27.3,31,23.3,1,0
cust-00261,Customer 00261,31,264.03,6,0,2.6,30,standard,8,0,5,-2.7,3,82.9,1,0
cust-00262,Customer 00262,16,140.34,1,2,-25.6,63,basic,26,8,0,-12.5,29,83.4,0,0
cust-00263,Customer 00263,11,413.95,2,0,22.6,33,standard,23,27,10,17.1,16,46.0,0,0
cust-00264,Customer 00264,10,166.02,2,1,-1.7,69,basic,11,0,0,-18.0,9,46.3,1,0
cust-00265,Customer 00265,21,332.45,1,0,3.9,68,standard,21,6,0,-8.9,7,57.7,1,0
cust-00266,Customer 00266,13,129.59,8,1,-11.2,38,basic,19,22,0,-18.7,8,66.5,0,0
cust-00267,Customer 00267,11,267.16,0,0,0.0,88,standard,14,13,10,6.8,44,87.0,0,0
cust-00268,Customer 00268,16,629.68,2,0,-17.3,13,premium,16,15,5,-17.0,3,51.4,1,0
cust-00269,Customer 00269,30,438.92,0,0,-6.0,45,standard,10,11,0,-9.6,64,75.1,0,0
cust-00270,Customer 00270,15,1002.37,4,4,-30.8,61,premium,5,0,0,-24.7,45,9.9,2,1
cust-00271,Customer 00271,28,883.63,4,0,-14.2,40,premium,18,0,0,-5.7,24,72.3,0,0
cust-00272,Customer 00272,60,1062.45,0,1,-22.0,35,premium,12,4,5,-25.5,67,35.6,2,0
cust-00273,Customer 00273,32,990.45,0,0,-35.8,45,premium,22,11,0,-30.8,39,57.5,0,0
cust-00274,Customer 00274,23,127.77,0,1,37.2,18,basic,9,10,0,39.6,52,31.7,3,0
cust-00275,Customer 00275,19,119.38,0,0,-19.1,29,basic,19,13,10,-8.8,80,34.4,1,0
cust-00276,Customer 00276,59,173.24,1,0,-54.8,29,basic,13,12,0,-67.5,21,100,0,0
cust-00277,Customer 00277,6,443.05,0,0,5.0,47,standard,33,24,0,1.7,36,28.1,0,0
cust-00278,Customer 00278,6,336.92,0,0,-9.8,58,standard,6,2,0,-9.2,80,48.7,1,0
cust-00279,Customer 00279,8,326.41,5,0,39.1,32,standard,10,22,0,50,34,17.2,0,0
cust-00280,Customer 00280,50,109.36,2,0,14.2,75,basic,13,15,5,22.6,90,93.7,1,0
cust-00281,Customer 00281,16,585.04,3,1,-4.0,41,standard,10,5,0,-6.1,55,50.1,1,1
cust-00282,Customer 00282,10,367.23,0,0,-43.0,78,standard,8,20,15,-30.8,77,57.4,0,0
cust-00283,Customer 00283,28,108.71,0,0,-3.1,49,basic,12,11,0,-7.2,42,15.6,0,0
cust-00284,Customer 00284,13,297.27,0,2,-25.3,28,standard,39,0,10,-27.5,72,100,2,1
cust-00285,Customer 00285,37,1131.56,5,0,-15.6,65,premium,14,16,0,-4.9,12,47.2,1,0
cust-00286,Customer 00286,5,321.62,3,0,43.9,56,standard,43,9,0,50,24,67.8,0,0
cust-00287,Customer 00287,15,915.06,0,1,30.4,54,premium,38,13,0,24.6,57,61.9,3,1
cust-00288,Customer 00288,25,109.75,0,0,32.5,56,basic,18,6,0,44.6,36,25.8,1,0
cust-00289,Customer 00289,7,363.09,4,1,-19.4,62,standard,11,3,10,-21.5,5,93.3,0,0
cust-00290,Customer 00290,32,332.62,2,1,35.6,28,standard,22,20,0,25.0,29,38.2,0,0
cust-00291,Customer 00291,5,1400.54,2,0,-2.1,35,premium,36,11,5,1.0,62,63.8,1,1
cust-00292,Customer 00292,44,751.46,8,0,-3.7,76,premium,11,0,5,4.1,25,19.5,0,0
cust-00293,Customer 00293,26,259.71,1,0,12.5,67,standard,7,7,10,5.4,56,79.2,0,0
cust-00294,Customer 00294,9,764.26,0,0,-21.7,24,premium,24,6,0,-31.9,70,58.7,0,0
cust-00295,Customer 00295,2,165.19,0,0,-22.1,41,basic,28,7,0,-19.9,73,82.2,0,0
cust-00296,Customer 00296,3,668.07,4,0,19.3,-3,premium,15,0,0,11.9,68,80.5,2,0
cust-00297,Customer 00297,7,259.57,1,0,8.0,86,standard,6,15,0,0.5,74,73.7,1,0
cust-00298,Customer 00298,29,1101.96,1,0,13.3,75,premium,12,3,5,14.1,8,96.8,0,0
cust-00299,Customer 00299,39,440.41,0,0,16.4,84,standard,30,9,15,25.4,30,55.4,0,0
cust-00300,Customer 00300,16,343.58,5,0,11.6,15,standard,13,22,0,28.1,42,47.1,0,0
cust-00301,Customer 00301,4,567.62,0,1,-12.2,-8,premium,20,10,0,-1.7,88,55.8,1,0
cust-00302,Customer 00302,40,1545.42,0,0,17.8,43,premium,23,0,0,19.6,82,43.5,2,0
cust-00303,Customer 00303,31,121.15,2,0,7.7,28,basic,39,25,0,15.0,5,55.0,2,0
cust-00304,Customer 00304,18,537.07,0,0,-14.5,31,standard,36,10,0,-3.2,32,58.7,2,0
cust-00305,Customer 00305,24,633.86,0,0,13.5,47,premium,29,13,10,15.0,84,92.7,2,0
cust-00306,Customer 00306,11,409.12,1,2,4.0,61,standard,3,18,0,3.3,18,43.6,1,0
cust-00307,Customer 00307,14,189.79,3,0,-12.4,27,basic,16,23,0,-13.2,9,48.0,1,1
cust-00308,Customer 00308,15,1257.84,1,0,7.9,87,premium,19,6,15,9.8,10,64.8,0,0
cust-00309,Customer 00309,13,417.38,1,3,5.2,42,standard,18,11,0,-1.8,44,5,0,0
cust-00310,Customer 00310,12,134.89,0,0,-3.2,31,basic,3,22,10,-9.6,65,32.6,0,0
cust-00311,Customer 00311,18,138.99,2,0,-52.1,68,basic,29,13,0,-52.9,6,89.3,0,0
cust-00312,Customer 00312,41,129.8,0,0,-26.2,53,basic,13,0,10,-26.3,71,40.7,1,0
cust-00313,Customer 00313,17,447.45,1,0,4.1,85,standard,18,5,15,-1.2,23,45.1,1,1
cust-00314,Customer 00314,16,987.59,0,2,-6.5,81,premium,1,6,15,-1.6,78,26.5,2,0
cust-00315,Customer 00315,20,120.08,0,0,14.1,44,basic,8,0,0,7.0,72,62.1,0,0
cust-00316,Customer 00316,25,846.89,0,0,4.8,36,premium,44,0,10,14.5,72,39.9,0,0
cust-00317,Customer 00317,14,235.18,1,1,-4.9,38,basic,12,8,10,-9.1,11,75.9,0,0
cust-00318,Customer 00318,67,206.66,0,0,-12.7,21,basic,26,0,0,-13.8,63,64.6,0,1
cust-00319,Customer 00319,11,226.91,6,0,20.7,38,standard,22,8,0,18.3,10,65.2,0,0
cust-00320,Customer 00320,7,168.1,1,0,13.6,69,basic,40,26,5,8.5,16,55.3,0,0
cust-00321,Customer 00321,32,937.79,0,0,7.1,46,premium,10,8,15,-7.8,33,28.9,0,0
cust-00322,Customer 00322,10,223.11,0,0,21.0,64,basic,11,14,10,17.4,54,47.7,2,0
cust-00323,Customer 00323,20,211.23,0,0,17.6,46,basic,0,17,5,25.7,81,63.6,1,0
cust-00324,Customer 00324,55,542.84,3,0,3.0,95,standard,24,8,0,2.2,41,77.0,0,0
cust-00325,Customer 00325,58,188.25,1,0,39.8,40,standard,7,8,5,32.3,39,75.7,1,0
cust-00326,Customer 00326,16,443.73,0,1,-23.0,44,standard,10,9,5,-13.4,40,67.9,0,0
cust-00327,Customer 00327,19,1195.75,1,1,-10.5,78,premium,13,13,15,0.8,34,64.4,0,0
cust-00328,Customer 00328,25,334.98,0,2,32.5,65,standard,3,25,0,39.0,53,63.2,2,0
cust-00329,Customer 00329,22,363.76,0,1,3.1,31,standard,18,38,10,7.3,64,59.7,0,0
cust-00330,Customer 00330,27,238.92,1,0,-25.3,32,standard,34,24,0,-27.2,7,78.6,0,0
cust-00331,Customer 00331,72,566.81,4,0,-8.9,50,premium,69,23,5,1.8,60,64.7,0,1
cust-00332,Customer 00332,32,415.73,2,1,16.7,17,standard,28,8,5,4.7,18,94.9,0,0
cust-00333,Customer 00333,10,380.23,5,0,1.9,72,standard,12,16,10,-1.3,23,34.7,1,0
cust-00334,Customer 00334,9,192.65,2,0,14.1,51,basic,22,0,0,20.4,5,16.5,0,0
cust-00335,Customer 00335,29,157.96,0,0,3.5,69,basic,10,0,0,11.4,49,86.8,0,0
cust-00336,Customer 00336,26,199.37,2,1,15.3,50,basic,30,16,5,12.5,5,41.9,0,0
cust-00337,Customer 00337,20,168.87,0,1,-36.4,68,basic,39,0,0,-38.8,27,58.5,0,0
cust-00338,Customer 00338,29,381.54,0,0,-29.4,66,standard,15,18,10,-39.6,78,65.8,0,0
cust-00339,Customer 00339,15,185.22,4,2,-6.9,15,basic,10,8,10,-11.2,44,74.4,2,0
cust-00340,Customer 00340,33,385.9,2,0,-27.4,12,standard,40,5,10,-18.6,19,77.8,0,0
cust-00341,Customer 00341,18,532.42,5,0,-3.6,95,standard,20,12,10,3.7,8,50.4,0,0
cust-00342,Customer 00342,32,253.92,0,0,14.5,50,basic,14,11,15,20.4,68,82.7,2,0
cust-00343,Customer 00343,67,260.59,1,0,24.5,62,standard,7,0,0,18.0,30,5,0,0
cust-00344,Customer 00344,45,883.83,0,1,-40.8,76,premium,17,0,0,-52.4,74,55.4,1,0
cust-00345,Customer 00345,7,503.07,0,2,-32.9,38,standard,50,0,0,-38.4,41,61.8,0,1
cust-00346,Customer 00346,14,150.06,0,0,-20.0,86,basic,14,0,15,-17.8,67,77.3,1,0
cust-00347,Customer 00347,37,492.46,0,0,-2.7,95,standard,19,6,10,-3.7,59,56.0,0,0
cust-00348,Customer 00348,13,198.96,0,1,8.4,52,basic,17,14,0,12.2,71,61.7,1,0
cust-00349,Customer 00349,32,643.26,2,1,12.3,37,standard,8,9,0,9.1,28,60.0,0,0
cust-00350,Customer 00350,10,322.41,2,0,3.6,52,standard,17,7,0,5.0,23,83.6,1,0
cust-00351,Customer 00351,21,167.89,3,0,42.9,6,basic,5,0,0,46.8,8,32.7,2,0
cust-00352,Customer 00352,12,229.15,4,0,20.4,63,basic,2,15,0,27.6,67,58.1,1,0
cust-00353,Customer 00353,15,563.41,4,0,28.9,53,standard,30,13,5,36.7,21,66.9,1,0
cust-00354,Customer 00354,17,173.55,1,0,26.0,19,basic,9,26,10,27.8,68,58.2,2,1
cust-00355,Customer 00355,18,1171.36,1,0,-45.8,-7,premium,20,20,5,-31.6,5,40.0,1,1
cust-00356,Customer 00356,28,149.13,0,1,-12.7,36,basic,24,6,0,-15.4,53,65.4,0,0
cust-00357,Customer 00357,23,138.94,1,0,-5.5,53,basic,13,13,0,3.4,22,99.1,2,0
cust-00358,Customer 00358,23,587.86,6,0,-8.1,34,standard,10,10,15,-10.9,18,84.7,1,0
cust-00359,Customer 00359,51,243.13,3,0,23.3,88,basic,5,13,0,27.8,47,11.1,1,0
cust-00360,Customer 00360,49,1243.81,1,0,-36.8,41,premium,23,5,0,-35.1,25,65.1,0,0
cust-00361,Customer 00361,17,442.73,3,0,-25.2,26,standard,21,5,5,-15.5,50,83.1,1,0
cust-00362,Customer 00362,16,201.89,0,1,-6.2,43,basic,4,10,10,5.4,58,70.5,0,0
cust-00363,Customer 00363,7,1229.08,1,1,18.1,95,premium,53,14,0,22.6,6,48.3,2,0
cust-00364,Customer 00364,47,143.67,1,0,-19.9,50,basic,34,14,0,-4.3,58,73.6,2,0
cust-00365,Customer 00365,23,136.8,2,1,-18.6,79,basic,6,0,0,-17.3,6,71.8,0,0
cust-00366,Customer 00366,15,396.51,0,1,11.5,19,standard,37,3,0,17.2,51,68.7,2,0
cust-00367,Customer 00367,32,318.93,0,0,-38.3,51,standard,10,6,15,-42.1,84,82.4,2,0
cust-00368,Customer 00368,18,471.49,3,0,-19.0,59,standard,29,9,10,-5.8,59,21.2,1,0
cust-00369,Customer 00369,21,545.9,4,3,-40.2,54,standard,39,8,10,-38.9,17,95.8,0,1
cust-00370,Customer 00370,16,1349.3,0,0,-4.9,9,premium,13,8,0,-6.3,43,29.0,0,0
cust-00371,Customer 00371,51,1435.2,0,1,30.2,37,premium,23,3,0,15.5,86,36.0,0,0
cust-00372,Customer 00372,49,196.22,1,0,23.4,48,basic,8,17,15,22.7,27,91.7,1,0
cust-00373,Customer 00373,20,863.11,2,1,22.6,86,premium,69,3,0,21.0,12,86.4,1,0
cust-00374,Customer 00374,30,163.57,3,0,9.7,53,basic,15,14,10,2.4,55,70.5,0,0
cust-00375,Customer 00375,50,157.23,0,0,-7.8,38,basic,36,11,10,-14.6,35,24.9,0,0
cust-00376,Customer 00376,18,347.79,7,0,21.0,56,standard,14,16,0,40.4,15,17.7,0,0
cust-00377,Customer 00377,48,325.43,0,1,5.5,84,standard,40,10,0,0.6,88,61.3,2,0
cust-00378,Customer 00378,36,199.19,0,0,-42.8,59,basic,40,0,0,-41.2,72,69.8,2,0
cust-00379,Customer 00379,26,1411.29,1,2,1.1,47,premium,8,12,0,21.4,6,84.6,0,0
cust-00380,Customer 00380,10,930.58,0,1,24.5,48,premium,28,11,15,17.0,43,43.4,1,0
cust-00381,Customer 00381,30,890.01,2,2,-24.4,70,premium,7,0,10,-16.1,27,43.4,2,0
cust-00382,Customer 00382,41,1064.65,12,0,22.7,75,premium,13,24,0,18.1,32,66.6,0,0
cust-00383,Customer 00383,23,230.85,3,1,-33.4,58,basic,23,29,5,-40.1,4,100,0,0
cust-00384,Customer 00384,6,78.42,2,0,-44.3,71,basic,33,20,0,-35.8,28,51.3,2,0
cust-00385,Customer 00385,39,576.43,12,0,38.3,38,standard,13,10,0,50,15,100,1,0
cust-00386,Customer 00386,67,128.03,0,0,-20.1,43,basic,9,1,0,-31.3,61,42.8,0,0
cust-00387,Customer 00387,55,282.31,1,0,15.1,95,standard,15,20,15,9.7,28,54.9,0,0
cust-00388,Customer 00388,16,521.59,1,0,0.8,22,standard,9,16,0,-10.8,46,67.4,0,0
cust-00389,Customer 00389,13,79.45,4,0,-12.8,56,basic,8,10,10,-6.9,0,55.9,1,0
cust-00390,Customer 00390,13,516.72,0,0,-4.4,25,standard,15,15,5,-5.1,74,81.4,0,0
cust-00391,Customer 00391,13,1427.65,0,0,-15.0,58,premium,8,7,0,-13.0,56,82.8,0,0
cust-00392,Customer 00392,15,87.22,0,0,9.1,30,basic,12,12,0,1.9,88,30.6,2,0
cust-00393,Customer 00393,13,874.86,1,0,36.2,12,premium,16,17,5,41.0,28,37.5,2,0
cust-00394,Customer 00394,72,125.97,2,1,44.3,8,basic,12,20,0,38.5,38,64.7,2,0
cust-00395,Customer 00395,27,95.92,3,1,3.9,27,basic,38,3,0,8.1,10,27.6,2,1
cust-00396,Customer 00396,23,248.06,3,0,8.0,23,standard,43,13,0,12.4,11,83.8,2,1
cust-00397,Customer 00397,31,98.5,0,2,-9.6,90,basic,45,30,10,3.2,68,41.5,0,0
cust-00398,Customer 00398,40,797.83,0,0,4.6,5,premium,17,9,0,-8.3,64,72.3,1,0
cust-00399,Customer 00399,23,229.26,2,0,38.7,53,standard,9,4,10,32.9,33,75.5,0,0
cust-00400,Customer 00400,27,149.61,0,0,-39.6,22,basic,18,15,0,-41.8,27,88.3,0,0
cust-00401,Customer 00401,13,193.45,3,1,-18.1,29,basic,21,14,15,-16.0,29,44.8,1,1
cust-00402,Customer 00402,40,187.76,3,0,0.4,95,basic,27,23,10,15.0,20,74.7,0,0
cust-00403,Customer 00403,26,439.98,4,0,-0.1,59,standard,48,20,5,-9.4,36,47.6,1,0
cust-00404,Customer 00404,21,623.12,3,0,-20.1,49,premium,39,14,15,-15.8,42,54.3,1,1
cust-00405,Customer 00405,25,288.36,0,2,15.2,73,standard,86,23,0,12.6,27,58.4,0,1
cust-00406,Customer 00406,1,163.59,2,2,45,27,basic,51,0,0,47.1,6,43.4,0,1
cust-00407,Customer 00407,14,1047.34,1,0,-23.3,59,premium,15,9,0,-22.2,40,71.6,2,0
cust-00408,Customer 00408,8,216.41,1,1,-10.1,34,basic,9,8,0,-7.6,18,53.9,1,0
cust-00409,Customer 00409,70,830.21,2,1,45,42,premium,30,19,10,41.8,27,96.3,2,0
cust-00410,Customer 00410,4,261.37,0,1,24.6,38,standard,13,0,0,38.6,63,22.8,1,0
cust-00411,Customer 00411,4,580.14,7,1,-4.7,46,standard,20,6,5,-1.7,20,28.7,1,0
cust-00412,Customer 00412,25,1437.31,1,0,27.5,87,premium,7,0,0,23.7,13,83.1,1,0
cust-00413,Customer 00413,22,1109.73,2,0,30.1,41,premium,7,2,5,33.2,90,55.7,2,0
cust-00414,Customer 00414,17,1183.09,0,1,-42.5,58,premium,26,17,0,-34.9,56,60.4,1,1
cust-00415,Customer 00415,12,194.13,1,0,-30.9,80,basic,10,28,5,-26.2,90,88.0,1,0
cust-00416,Customer 00416,17,235.08,1,1,7.6,87,basic,2,31,0,13.5,9,72.1,2,0
cust-00417,Customer 00417,15,498.63,1,1,-16.2,62,standard,12,10,0,-23.0,26,47.6,0,1
cust-00418,Customer 00418,17,244.07,9,0,18.8,51,basic,4,14,10,11.3,13,67.2,0,0
cust-00419,Customer 00419,29,227.72,0,2,-23.1,69,basic,5,4,0,-17.3,26,70.1,0,0
cust-00420,Customer 00420,25,1057.73,0,1,-27.0,28,premium,43,0,5,-32.4,35,47.1,0,0
cust-00421,Customer 00421,45,227.66,1,0,2.7,69,basic,23,2,0,7.8,37,49.2,2,1
cust-00422,Customer 00422,16,1531.67,0,0,18.6,51,premium,12,0,0,15.7,85,45.5,0,0
cust-00423,Customer 00423,10,1277.56,0,0,25.8,51,premium,7,0,0,24.9,46,53.7,1,0
cust-00424,Customer 00424,18,159.1,0,0,-7.5,84,basic,12,15,5,-8.3,79,67.9,1,0
cust-00425,Customer 00425,45,271.8,0,0,-10.2,5,standard,31,18,5,-14.2,60,49.3,0,0
cust-00426,Customer 00426,22,145.8,0,0,-8.2,77,basic,14,6,0,-17.8,47,68.1,1,0
cust-00427,Customer 00427,8,224.81,1,1,1.8,-21,basic,26,10,5,1.7,46,64.5,0,0
cust-00428,Customer 00428,20,1085.92,0,0,-4.1,22,premium,8,0,0,-6.0,51,62.8,0,0
cust-00429,Customer 00429,10,1650.86,0,0,-11.8,9,premium,25,18,0,-17.0,48,73.5,1,0
cust-00430,Customer 00430,23,1524.1,2,0,-13.2,51,premium,6,2,15,-14.0,17,56.5,2,0
cust-00431,Customer 00431,31,1004.93,0,0,17.9,52,premium,25,18,0,11.3,80,56.4,0,0
cust-00432,Customer 00432,72,161.64,2,0,-47.6,61,basic,18,15,15,-63.8,41,77.5,1,0
cust-00433,Customer 00433,30,421.26,0,1,12.5,10,standard,5,24,5,13.5,33,26.6,1,0
cust-00434,Customer 00434,53,127.51,3,0,-18.7,28,basic,1,23,0,-22.9,40,55.0,0,0
cust-00435,Customer 00435,24,399.31,0,0,-21.1,69,standard,7,22,0,-21.7,29,73.8,2,0
cust-00436,Customer 00436,45,131.18,0,0,4.4,42,basic,12,9,10,0.6,40,55.7,0,0
cust-00437,Customer 00437,24,120.79,3,0,-28.2,33,basic,28,0,20,-26.7,61,83.9,0,1
cust-00438,Customer 00438,38,452.89,1,0,-20.1,57,standard,12,29,0,-28.2,54,25.2,1,0
cust-00439,Customer 00439,8,1349.66,2,0,-17.3,14,premium,9,12,0,-18.7,6,41.4,0,0
cust-00440,Customer 00440,34,972.86,3,0,-27.2,24,premium,49,8,0,-19.2,87,65.3,1,1
cust-00441,Customer 00441,30,1080.7,3,0,-16.1,56,premium,4,18,10,-17.9,16,39.1,3,0
cust-00442,Customer 00442,14,230.6,3,0,2.0,95,basic,8,0,0,12.0,6,50.7,1,0
cust-00443,Customer 00443,27,584.03,5,1,-32.0,50,standard,20,25,0,-30.7,34,35.4,0,0
cust-00444,Customer 00444,15,103.68,0,0,8.3,30,basic,46,13,5,19.2,73,42.2,1,0
cust-00445,Customer 00445,11,452.79,1,0,-5.7,44,standard,15,8,0,0.8,12,53.4,2,0
cust-00446,Customer 00446,58,1427.48,2,0,43.5,61,premium,14,1,10,50,51,75.1,0,0
cust-00447,Customer 00447,30,1810.59,5,0,7.3,34,premium,1,3,0,18.4,17,58.3,0,0
cust-00448,Customer 00448,5,209.91,0,0,18.9,53,basic,4,24,15,18.6,90,56.0,0,0
cust-00449,Customer 00449,17,406.95,3,1,0.4,39,standard,49,18,0,5.6,21,59.1,0,1
cust-00450,Customer 00450,72,862.87,0,0,-38.9,21,premium,27,14,5,-47.6,72,44.1,2,0
cust-00451,Customer 00451,11,177.46,1,0,-36.9,61,basic,16,0,0,-25.5,62,100,1,0
cust-00452,Customer 00452,20,138.37,7,0,-9.9,35,basic,20,20,10,-3.8,5,18.2,0,0
cust-00453,Customer 00453,35,178.02,3,3,-27.9,88,basic,21,15,0,-35.7,37,55.5,2,0
cust-00454,Customer 00454,30,608.3,2,0,16.8,7,premium,8,9,10,15.5,25,59.3,1,0
cust-00455,Customer 00455,13,112.04,5,1,25.6,31,basic,17,34,0,32.1,23,44.0,1,1
cust-00456,Customer 00456,21,527.72,0,0,10.5,34,standard,25,21,10,11.8,25,36.1,2,1
cust-00457,Customer 00457,25,1430.54,2,2,13.1,85,premium,17,14,0,19.4,24,72.9,0,0
cust-00458,Customer 00458,36,225.77,9,0,-15.0,95,standard,23,16,0,-12.3,40,39.0,0,0
cust-00459,Customer 00459,6,207.99,0,3,9.1,30,basic,22,14,5,13.1,72,81.2,0,0
cust-00460,Customer 00460,15,367.71,0,0,23.4,86,standard,18,1,0,28.2,34,50.0,0,0
cust-00461,Customer 00461,14,377.44,3,1,-64.6,51,standard,29,0,0,-71.1,16,100,2,1
cust-00462,Customer 00462,72,340.49,2,1,-15.1,67,standard,8,0,0,-17.7,61,75.6,1,0
cust-00463,Customer 00463,51,1071.74,0,2,-0.3,49,premium,16,0,0,-8.2,37,41.3,0,0
cust-00464,Customer 00464,34,133.68,4,0,32.5,51,basic,10,21,0,29.1,20,37.4,1,0
cust-00465,Customer 00465,28,181.36,9,0,-13.0,69,basic,19,9,0,-7.1,35,44.1,1,0
cust-00466,Customer 00466,21,173.84,0,4,-13.1,28,basic,14,23,0,5.2,50,81.9,1,0
cust-00467,Customer 00467,44,166.67,4,0,-11.2,30,basic,8,0,0,-7.3,33,20.7,0,0
cust-00468,Customer 00468,27,514.7,0,0,-6.8,7,standard,23,9,0,-15.7,54,5,1,0
cust-00469,Customer 00469,5,147.45,0,0,11.8,81,basic,15,26,10,-5.7,89,94.8,1,0
cust-00470,Customer 00470,21,970.8,1,1,-4.2,31,premium,7,11,15,-9.0,14,79.5,2,0
cust-00471,Customer 00471,12,177.53,1,1,-2.1,70,basic,31,20,0,-3.2,19,79.9,2,0
cust-00472,Customer 00472,9,163.51,5,4,-21.2,54,basic,22,29,10,-29.7,13,55.5,1,1
cust-00473,Customer 00473,32,284.22,1,1,-25.4,56,standard,43,9,0,-27.5,16,65.5,0,0
cust-00474,Customer 00474,18,1326.35,5,1,8.5,69,premium,9,6,0,7.4,29,56.5,0,0
cust-00475,Customer 00475,16,1087.18,2,0,-12.7,66,premium,18,6,0,-19.9,36,60.1,0,0
cust-00476,Customer 00476,31,1122.18,3,0,-18.1,55,premium,14,14,0,-14.4,18,93.1,1,0
cust-00477,Customer 00477,34,150.04,0,0,5.4,40,basic,7,12,0,10.5,50,74.7,2,0
cust-00478,Customer 00478,9,262.85,6,0,21.2,80,standard,13,6,0,23.5,29,48.3,1,0
cust-00479,Customer 00479,1,920.43,2,1,-13.7,39,premium,26,14,5,0.7,15,74.8,0,1
cust-00480,Customer 00480,62,180.64,0,0,0.5,23,basic,12,12,15,1.7,78,50.2,1,0
cust-00481,Customer 00481,15,271.9,0,0,1.7,52,basic,19,8,0,17.7,82,65.2,0,0
cust-00482,Customer 00482,13,1119.19,0,0,13.6,83,premium,1,0,0,12.5,44,62.6,2,0
cust-00483,Customer 00483,32,967.77,1,0,21.5,27,premium,11,0,5,30.7,44,76.8,0,0
cust-00484,Customer 00484,15,164.88,1,1,25.1,-4,basic,17,5,20,12.1,13,63.8,1,0
cust-00485,Customer 00485,52,422.64,0,1,16.8,17,standard,20,22,0,15.3,46,91.2,0,0
cust-00486,Customer 00486,5,330.34,0,2,3.9,75,standard,9,19,10,20.6,89,38.1,1,0
cust-00487,Customer 00487,16,481.2,0,0,-35.6,48,standard,37,12,0,-35.3,35,47.7,1,0
cust-00488,Customer 00488,28,400.01,0,2,24.7,30,standard,17,21,0,25.7,80,61.5,0,0
cust-00489,Customer 00489,19,324.33,2,0,-5.5,48,standard,51,4,0,-4.3,17,47.8,1,0
cust-00490,Customer 00490,11,171.44,1,1,-52.0,52,basic,22,17,5,-44.6,16,52.9,1,0
cust-00491,Customer 00491,21,187.21,3,1,-1.0,17,basic,32,0,0,-0.7,14,5,1,1
cust-00492,Customer 00492,14,287.79,3,0,15.3,48,basic,32,0,0,1.2,18,37.5,1,0
cust-00493,Customer 00493,11,440.76,2,2,-6.2,84,standard,29,1,0,-17.0,25,82.8,2,0
cust-00494,Customer 00494,27,320.41,0,0,-10.9,9,standard,45,16,0,-10.2,83,87.6,0,0
cust-00495,Customer 00495,25,651.85,4,1,-2.9,95,premium,12,6,0,-14.9,48,74.6,2,0
cust-00496,Customer 00496,8,532.69,0,1,11.8,14,standard,6,22,0,18.4,73,44.7,1,1
cust-00497,Customer 00497,56,346.08,2,0,10.8,64,standard,24,25,0,0.6,41,62.3,0,0
cust-00498,Customer 00498,14,449.36,1,1,11.9,48,standard,32,22,0,12.8,1,43.0,3,0
cust-00499,Customer 00499,33,880.89,4,2,-18.6,77,premium,13,12,0,-30.9,20,85.1,0,0
cust-00500,Customer 00500,8,171.24,2,0,20.8,68,basic,24,0,10,17.7,56,54.0,0,0
cust-00501,Customer 00501,60,406.9,0,1,36.5,65,standard,5,9,0,41.6,25,89.2,1,0
cust-00502,Customer 00502,26,154.29,2,0,-30.9,6,basic,24,6,0,-27.0,32,67.2,1,0
cust-00503,Customer 00503,5,209.72,3,0,24.4,56,basic,11,5,0,16.6,25,100,1,0
cust-00504,Customer 00504,32,179.61,0,2,-11.1,44,basic,25,0,15,-20.7,51,5,0,1
cust-00505,Customer 00505,72,431.23,2,0,-4.0,52,standard,34,0,0,-16.4,9,17.6,0,0
cust-00506,Customer 00506,7,812.12,2,0,-10.1,72,premium,8,5,0,-9.7,28,55.7,0,0
cust-00507,Customer 00507,41,1187.25,7,1,-7.6,64,premium,21,5,0,-1.9,9,58.1,3,0
cust-00508,Customer 00508,56,452.16,0,0,-37.2,37,standard,14,16,10,-34.7,47,100,1,0
cust-00509,Customer 00509,19,1348.77,0,1,7.3,32,premium,15,0,0,10.1,58,28.0,0,0
cust-00510,Customer 00510,33,101.07,2,0,4.8,33,basic,51,17,10,4.4,23,90.3,2,0
cust-00511,Customer 00511,19,245.31,0,0,-2.5,95,standard,10,26,0,-3.3,50,48.6,0,0
cust-00512,Customer 00512,12,240.01,2,0,-1.9,17,basic,19,8,20,-6.6,33,61.6,0,0
cust-00513,Customer 00513,26,306.24,1,0,17.7,55,standard,5,21,0,10.3,13,92.4,2,0
cust-00514,Customer 00514,26,457.29,5,0,-1.3,53,standard,8,1,0,0.2,7,34.4,2,0
cust-00515,Customer 00515,6,170.06,0,2,31.7,55,basic,11,19,5,29.6,35,96.6,3,0
cust-00516,Customer 00516,9,99.89,0,0,-2.5,-4,basic,8,23,0,-3.2,84,45.4,0,0
cust-00517,Customer 00517,10,243.2,0,0,45,43,standard,18,6,15,49.2,75,51.4,0,0
cust-00518,Customer 00518,72,351.99,2,2,-0.5,78,standard,5,24,0,-2.8,10,47.6,0,0
cust-00519,Customer 00519,59,481.98,0,0,43.2,26,standard,26,33,15,50,25,25.8,0,1
cust-00520,Customer 00520,34,478.18,1,0,-20.1,28,standard,16,0,0,-15.8,30,44.0,0,0
cust-00521,Customer 00521,34,332.8,0,0,6.2,11,standard,23,34,0,10.2,40,20.7,1,0
cust-00522,Customer 00522,23,876.55,0,3,-12.3,31,premium,2,23,0,-16.0,61,57.7,2,1
cust-00523,Customer 00523,57,154.77,0,0,14.1,70,basic,9,21,10,16.5,59,100,0,0
cust-00524,Customer 00524,18,275.83,7,0,-16.5,64,standard,15,6,0,-23.5,70,35.6,0,0
cust-00525,Customer 00525,26,822.65,0,0,-22.5,38,premium,13,5,0,-18.3,58,60.7,0,0
cust-00526,Customer 00526,41,410.28,4,0,-8.5,52,standard,25,6,0,-23.0,43,80.1,2,0
cust-00527,Customer 00527,3,133.81,0,1,16.9,49,basic,9,26,0,4.5,85,26.2,0,0
cust-00528,Customer 00528,44,254.78,0,0,31.8,75,standard,12,30,5,23.4,37,62.1,1,0
cust-00529,Customer 00529,46,136.27,4,1,20.6,19,basic,23,17,0,32.7,42,54.4,3,0
cust-00530,Customer 00530,15,436.54,2,0,-29.6,30,standard,38,0,20,-34.5,17,22.2,0,1
cust-00531,Customer 00531,17,222.5,1,0,-3.7,74,standard,11,6,0,2.1,38,64.4,1,0
cust-00532,Customer 00532,12,959.74,2,0,-5.8,35,premium,24,9,5,11.3,10,5,1,1
cust-00533,Customer 00533,10,129.55,9,1,-5.7,70,basic,24,0,15,-22.4,15,72.2,0,0
cust-00534,Customer 00534,72,242.96,3,1,-48.7,28,standard,82,3,0,-50.4,10,100,1,0
cust-00535,Customer 00535,23,245.3,2,1,0.1,42,basic,40,5,5,-3.1,25,78.9,0,0
cust-00536,Customer 00536,31,356.58,3,1,13.8,58,standard,8,18,0,12.3,32,69.5,1,0
cust-00537,Customer 00537,8,1015.88,7,3,11.1,42,premium,27,17,10,2.7,5,54.8,0,0
cust-00538,Customer 00538,30,184.26,9,2,-0.3,41,basic,6,7,0,10.4,39,56.6,0,0
cust-00539,Customer 00539,23,371.01,5,2,3.8,77,standard,13,29,20,15.9,57,97.4,0,0
cust-00540,Customer 00540,11,85.33,0,1,22.6,1,basic,16,24,5,33.2,64,71.3,0,0
cust-00541,Customer 00541,9,149.21,1,0,-25.8,51,basic,28,14,0,-25.8,40,61.1,0,0
cust-00542,Customer 00542,50,863.18,0,0,39.4,35,premium,5,2,5,50,83,27.3,0,0
cust-00543,Customer 00543,21,173.37,1,0,-25.8,47,basic,34,12,5,-18.7,46,59.7,0,1
cust-00544,Customer 00544,4,224.94,1,0,-38.0,-6,standard,49,15,5,-41.3,25,98.0,0,1
cust-00545,Customer 00545,7,1031.88,1,1,0.3,65,premium,1,10,0,7.4,24,59.0,0,0
cust-00546,Customer 00546,5,453.53,7,0,14.5,24,standard,28,15,0,22.4,24,88.2,1,1
cust-00547,Customer 00547,40,205.35,0,0,9.0,18,basic,23,0,0,20.0,52,100,0,0
cust-00548,Customer 00548,34,374.35,0,0,0.1,51,standard,20,3,0,-16.5,65,21.0,3,1
cust-00549,Customer 00549,39,931.34,2,0,-10.2,70,premium,14,19,10,-16.7,58,52.3,1,0
cust-00550,Customer 00550,10,166.12,0,0,-14.9,77,basic,11,1,10,-17.6,56,42.1,3,0
cust-00551,Customer 00551,22,1713.6,2,0,-8.9,63,premium,22,17,10,-7.9,29,88.0,1,1
cust-00552,Customer 00552,20,161.16,0,0,25.3,91,basic,36,14,5,39.2,74,21.7,2,0
cust-00553,Customer 00553,50,434.55,0,0,-2.9,6,standard,22,0,0,-0.6,47,76.7,0,0
cust-00554,Customer 00554,28,613.64,0,0,27.8,33,premium,9,11,5,34.8,89,73.8,0,0
cust-00555,Customer 00555,22,73.48,0,0,43.2,37,basic,18,11,0,45.6,25,100,0,0
cust-00556,Customer 00556,9,574.26,0,0,-46.1,-16,premium,48,0,5,-48.9,68,71.3,2,1
cust-00557,Customer 00557,18,413.39,1,3,-2.4,38,standard,29,0,0,-9.1,90,63.0,1,0
cust-00558,Customer 00558,39,304.25,0,0,7.7,33,standard,13,9,10,8.4,40,28.5,2,0
cust-00559,Customer 00559,13,413.53,0,2,-5.9,69,standard,19,12,0,-6.2,35,47.9,2,0
cust-00560,Customer 00560,21,113.82,0,0,32.6,26,basic,8,5,15,33.0,47,73.3,2,0
cust-00561,Customer 00561,5,218.78,0,1,-7.3,39,basic,24,32,10,-3.9,43,62.4,1,0
cust-00562,Customer 00562,20,114.26,2,1,31.2,13,basic,4,11,0,21.8,33,76.7,0,0
cust-00563,Customer 00563,11,1105.63,5,0,-26.8,78,premium,36,0,0,-24.1,54,57.6,0,0
cust-00564,Customer 00564,72,352.0,0,1,-28.4,88,standard,72,0,0,-32.7,84,27.5,0,0
cust-00565,Customer 00565,44,1402.9,1,0,18.4,70,premium,20,5,0,23.7,24,47.0,1,0
cust-00566,Customer 00566,19,1307.99,6,3,9.3,33,premium,16,12,0,2.4,12,72.7,0,1
cust-00567,Customer 00567,52,146.07,3,0,-25.3,40,basic,14,3,0,-22.8,11,64.5,0,0
cust-00568,Customer 00568,18,152.63,9,0,-15.2,32,basic,14,17,5,-19.3,19,56.9,2,0
cust-00569,Customer 00569,17,824.02,4,0,-0.8,61,premium,18,4,5,7.3,26,82.9,2,0
cust-00570,Customer 00570,27,436.66,0,2,-22.1,29,standard,17,15,5,-33.7,39,58.9,1,0
cust-00571,Customer 00571,62,950.88,0,1,6.9,73,premium,13,17,0,2.4,70,55.6,0,0
cust-00572,Customer 00572,18,1267.01,1,0,33.7,16,premium,13,17,0,31.2,33,69.3,0,0
cust-00573,Customer 00573,50,448.85,0,1,-19.6,53,standard,22,0,5,-21.1,62,40.4,1,0
cust-00574,Customer 00574,53,167.23,0,0,-12.2,26,basic,32,8,5,-7.4,70,97.1,0,0
cust-00575,Customer 00575,24,474.71,7,0,40.8,47,standard,8,24,10,30.3,45,72.7,0,0
cust-00576,Customer 00576,21,156.64,1,0,17.9,85,basic,7,4,0,15.0,15,100,0,0
cust-00577,Customer 00577,9,325.59,2,1,5.4,34,standard,23,19,0,14.1,34,100,2,0
cust-00578,Customer 00578,8,379.18,2,1,-25.6,43,standard,16,0,15,-33.9,26,34.1,0,1
cust-00579,Customer 00579,36,211.96,1,0,16.8,28,basic,27,23,0,23.5,32,55.7,2,0
cust-00580,Customer 00580,32,252.56,0,0,-7.8,47,standard,37,2,0,-0.3,69,92.3,1,0
cust-00581,Customer 00581,18,218.37,1,0,-4.8,43,basic,21,2,0,-5.0,27,65.3,3,0
cust-00582,Customer 00582,32,1211.39,6,0,13.0,0,premium,4,10,0,15.0,44,25.6,1,0
cust-00583,Customer 00583,40,437.49,5,3,-14.9,41,standard,37,13,0,-4.0,1,66.0,0,0
cust-00584,Customer 00584,43,461.61,1,2,30.8,55,standard,21,0,0,30.2,27,70.4,0,0
cust-00585,Customer 00585,4,113.5,1,0,33.4,78,basic,53,5,15,39.0,10,65.2,0,0
cust-00586,Customer 00586,5,460.73,0,2,-13.1,42,standard,14,11,5,-20.0,88,51.2,2,1
cust-00587,Customer 00587,14,800.35,3,0,43.1,43,premium,4,1,0,38.9,33,36.3,0,0
cust-00588,Customer 00588,8,171.68,4,1,0.7,80,basic,17,18,0,-6.9,33,60.7,0,0
cust-00589,Customer 00589,35,1643.04,0,0,1.5,72,premium,15,12,0,-3.1,74,73.7,1,0
cust-00590,Customer 00590,10,1500.67,0,0,19.4,51,premium,30,2,15,23.0,56,64.2,2,0
cust-00591,Customer 00591,24,158.13,0,1,-18.8,59,basic,22,11,0,-1.4,88,35.0,1,0
cust-00592,Customer 00592,36,1255.53,5,1,-30.7,95,premium,19,10,0,-27.6,33,75.2,2,0
cust-00593,Customer 00593,30,105.35,0,0,22.2,35,basic,23,0,0,36.0,51,81.3,2,0
cust-00594,Customer 00594,38,825.81,3,1,-0.8,95,premium,15,11,5,-10.4,1,56.0,0,0
cust-00595,Customer 00595,20,1217.04,0,2,35.9,54,premium,28,0,0,48.6,25,51.8,0,0
cust-00596,Customer 00596,51,1017.06,0,0,-49.2,85,premium,7,12,0,-44.6,64,100,2,0
cust-00597,Customer 00597,9,559.54,1,0,-11.1,5,standard,30,19,0,-18.3,24,48.0,0,0
cust-00598,Customer 00598,15,788.6,0,0,-10.0,54,premium,25,11,5,-15.3,64,12.6,1,0
cust-00599,Customer 00599,5,401.3,0,2,10.4,89,standard,4,18,0,6.6,87,23.0,1,0
cust-00600,Customer 00600,54,901.02,4,1,-2.4,57,premium,10,18,5,8.1,23,5.2,1,0
cust-00601,Customer 00601,21,121.99,9,0,-50.9,43,basic,43,17,0,-55.3,6,26.9,1,1
cust-00602,Customer 00602,61,216.24,5,0,16.3,65,basic,9,0,10,8.9,39,65.8,0,0
cust-00603,Customer 00603,9,319.49,0,0,13.6,64,standard,34,16,10,20.1,26,84.7,0,0
cust-00604,Customer 00604,18,74.71,0,1,23.2,85,basic,11,18,10,17.6,49,78.8,0,0
cust-00605,Customer 00605,21,234.52,4,1,8.4,63,standard,31,10,0,25.2,16,32.3,1,0
cust-00606,Customer 00606,8,214.72,1,0,-15.2,72,basic,18,12,10,-23.6,51,43.4,2,0
cust-00607,Customer 00607,35,275.4,7,0,12.4,19,standard,13,19,0,23.9,18,55.2,1,0
cust-00608,Customer 00608,19,541.38,0,0,2.2,51,premium,10,2,10,1.7,59,39.7,0,0
cust-00609,Customer 00609,52,359.46,0,2,-15.1,67,standard,11,28,10,-20.8,75,80.6,1,0
cust-00610,Customer 00610,39,162.66,0,1,-34.4,46,basic,30,6,5,-36.0,52,37.8,1,0
cust-00611,Customer 00611,21,1301.54,9,1,-3.0,50,premium,30,28,0,0.1,55,63.3,0,0
cust-00612,Customer 00612,59,796.05,0,0,-19.4,19,premium,16,7,0,-29.5,48,45.6,0,0
cust-00613,Customer 00613,17,257.21,3,0,1.5,47,basic,2,22,5,-2.4,9,79.7,2,0
cust-00614,Customer 00614,15,433.95,3,0,28.4,25,standard,9,9,10,22.4,28,87.2,0,0
cust-00615,Customer 00615,14,151.3,2,3,-25.2,64,basic,52,13,0,-23.7,9,54.9,1,1
cust-00616,Customer 00616,22,799.96,0,1,7.2,64,premium,19,0,5,-1.2,83,84.8,3,0
cust-00617,Customer 00617,12,750.96,1,0,4.8,84,premium,15,14,0,15.2,26,92.3,1,0
cust-00618,Customer 00618,21,627.85,0,1,13.3,24,standard,19,4,5,7.5,69,57.3,0,0
cust-00619,Customer 00619,13,118.05,1,2,23.7,39,basic,6,14,0,19.3,5,67.0,2,1
cust-00620,Customer 00620,15,232.33,1,3,26.2,46,standard,41,11,5,31.1,8,35.8,1,0
cust-00621,Customer 00621,8,238.01,2,0,42.5,72,basic,4,25,0,45.2,22,89.7,0,0
cust-00622,Customer 00622,64,118.95,2,1,-1.3,25,basic,11,0,0,2.1,89,37.0,2,0
cust-00623,Customer 00623,7,206.1,1,2,7.9,73,basic,7,10,0,17.2,22,67.3,0,0
cust-00624,Customer 00624,47,951.79,3,0,-2.6,89,premium,7,8,10,2.1,26,56.8,3,0
cust-00625,Customer 00625,27,137.94,0,0,-9.5,42,basic,20,14,0,-15.6,35,72.8,1,0
cust-00626,Customer 00626,38,439.0,3,0,19.6,-9,standard,37,1,0,6.2,32,58.9,0,1
cust-00627,Customer 00627,28,596.47,2,3,-8.9,31,standard,7,2,0,-11.2,31,78.0,0,0
cust-00628,Customer 00628,60,210.26,3,1,3.2,61,basic,33,0,5,2.6,87,80.9,0,0
cust-00629,Customer 00629,8,350.54,2,0,24.0,95,standard,6,1,5,29.5,54,72.9,1,0
cust-00630,Customer 00630,57,103.41,1,0,-4.7,15,basic,1,5,20,-16.8,75,41.6,0,0
cust-00631,Customer 00631,17,139.25,3,0,-39.2,95,basic,34,19,0,-46.3,64,51.8,0,0
cust-00632,Customer 00632,2,215.68,9,1,-15.6,42,standard,14,15,20,-7.3,28,77.7,0,0
cust-00633,Customer 00633,21,408.28,0,0,5.8,82,standard,30,6,0,18.6,73,71.4,0,0
cust-00634,Customer 00634,16,830.09,2,0,0.4,44,premium,14,1,0,4.1,48,61.9,2,0
cust-00635,Customer 00635,23,867.05,3,0,-39.6,53,premium,17,5,10,-44.8,23,63.1,0,0
cust-00636,Customer 00636,35,184.83,1,2,0.3,76,basic,28,11,5,-0.4,3,79.6,1,0
cust-00637,Customer 00637,43,342.58,3,0,42.4,58,standard,18,8,5,24.4,25,62.2,0,0
cust-00638,Customer 00638,12,109.74,0,0,-28.9,35,basic,23,16,15,-31.3,26,36.8,1,0
cust-00639,Customer 00639,10,1284.27,5,1,13.3,40,premium,6,22,0,31.1,12,55.5,0,0
cust-00640,Customer 00640,30,1259.4,2,3,6.5,23,premium,1,9,0,15.4,0,76.8,0,0
cust-00641,Customer 00641,39,156.67,4,0,14.4,65,basic,4,11,5,20.9,9,87.0,0,0
cust-00642,Customer 00642,17,1245.1,8,0,0.1,67,premium,15,14,0,3.9,10,49.9,1,0
cust-00643,Customer 00643,72,290.44,0,0,10.2,23,standard,10,16,10,0.8,31,43.2,0,0
cust-00644,Customer 00644,23,435.26,3,0,-13.6,72,standard,27,12,0,-6.2,8,32.6,0,0
cust-00645,Customer 00645,36,133.88,4,2,-2.9,29,basic,30,15,10,-6.8,21,100,2,0
cust-00646,Customer 00646,18,129.64,4,0,-5.3,70,basic,27,0,5,-10.9,50,82.2,2,0
cust-00647,Customer 00647,13,114.82,1,0,3.6,40,basic,14,3,0,18.8,32,100,2,0
cust-00648,Customer 00648,29,153.54,0,0,22.0,68,basic,2,7,0,19.5,89,29.2,1,0
cust-00649,Customer 00649,40,190.06,1,0,38.4,45,standard,20,7,10,41.9,39,24.2,0,0
cust-00650,Customer 00650,54,421.82,2,3,-2.7,72,standard,11,17,0,-1.3,18,55.3,0,0
cust-00651,Customer 00651,23,162.37,0,0,-13.3,76,basic,10,0,0,-8.0,28,35.4,0,0
cust-00652,Customer 00652,46,870.45,0,1,45,35,premium,31,17,10,50,44,25.4,1,0
cust-00653,Customer 00653,12,1243.9,2,0,25.6,67,premium,35,21,0,18.6,1,46.8,0,0
cust-00654,Customer 00654,29,143.43,1,0,8.9,60,basic,12,20,15,16.5,14,83.8,0,0
cust-00655,Customer 00655,12,234.1,0,3,2.2,31,basic,16,0,10,-2.5,47,20.6,2,0
cust-00656,Customer 00656,15,191.59,1,0,-5.6,12,basic,17,19,5,-10.5,33,92.9,1,0
cust-00657,Customer 00657,11,172.35,7,0,20.6,51,basic,8,12,0,26.4,22,85.6,0,0
cust-00658,Customer 00658,16,493.5,0,1,-10.3,51,standard,9,19,15,-25.8,67,64.8,2,0
cust-00659,Customer 00659,2,140.18,2,0,16.2,60,basic,39,0,0,13.1,17,72.2,0,0
cust-00660,Customer 00660,18,321.15,2,1,35.0,45,standard,5,12,0,38.2,15,58.1,1,0
cust-00661,Customer 00661,30,397.88,12,0,3.6,62,standard,16,0,10,5.6,26,79.1,1,0
cust-00662,Customer 00662,57,86.9,0,0,28.1,63,basic,36,6,10,50,53,61.5,2,0
cust-00663,Customer 00663,11,525.31,0,1,-12.2,67,standard,28,3,10,-6.7,73,76.8,0,0
cust-00664,Customer 00664,30,224.95,0,0,-26.7,54,basic,31,30,0,-34.9,63,29.4,0,0
cust-00665,Customer 00665,32,160.07,0,1,14.5,45,basic,9,31,0,-0.9,83,89.3,0,0
cust-00666,Customer 00666,47,679.29,4,0,-15.4,51,premium,10,0,0,-19.3,10,67.1,0,0
cust-00667,Customer 00667,44,1054.61,3,0,-40.5,65,premium,57,0,0,-40.2,19,45.1,0,0
cust-00668,Customer 00668,39,181.84,3,1,4.5,73,basic,6,7,15,-1.3,51,24.0,0,0
cust-00669,Customer 00669,35,213.6,3,0,-11.5,52,basic,14,20,5,-19.9,29,66.4,3,0
cust-00670,Customer 00670,11,113.66,1,0,-0.5,58,basic,22,0,0,-4.7,20,56.0,1,1
cust-00671,Customer 00671,23,998.04,2,0,-19.5,54,premium,3,13,10,-16.8,60,68.3,0,0
cust-00672,Customer 00672,72,219.41,5,2,-3.9,39,basic,4,11,0,-12.5,30,70.8,0,0
cust-00673,Customer 00673,46,188.84,2,0,32.3,42,basic,1,0,0,30.2,10,70.2,2,0
cust-00674,Customer 00674,13,121.33,0,0,-29.8,18,basic,12,28,5,-36.6,85,29.6,0,1
cust-00675,Customer 00675,62,326.58,1,0,-14.5,55,standard,22,23,5,-27.0,17,68.4,0,0
cust-00676,Customer 00676,33,158.02,3,0,20.6,55,basic,14,14,5,25.7,27,57.8,1,0
cust-00677,Customer 00677,50,111.15,7,0,27.8,30,basic,12,9,15,34.1,18,71.0,2,0
cust-00678,Customer 00678,6,154.63,0,0,23.1,63,basic,17,10,5,16.2,43,71.5,1,0
cust-00679,Customer 00679,21,191.35,1,0,-33.9,35,basic,16,20,0,-36.8,9,53.9,0,1
cust-00680,Customer 00680,18,288.82,1,0,-14.2,67,basic,9,16,0,-28.6,28,49.7,1,1
cust-00681,Customer 00681,32,372.18,4,0,-6.8,72,standard,28,0,0,0.6,37,54.0,2,0
cust-00682,Customer 00682,45,422.16,0,0,-12.4,42,standard,20,20,0,-12.1,37,24.4,1,1
cust-00683,Customer 00683,9,151.79,6,0,-12.3,44,basic,17,17,0,-4.7,15,46.9,2,0
cust-00684,Customer 00684,19,579.84,0,0,-7.1,77,premium,25,28,0,-19.0,45,26.1,0,0
cust-00685,Customer 00685,15,414.06,0,0,22.7,56,standard,15,26,0,31.9,67,70.3,1,0
cust-00686,Customer 00686,51,394.07,0,1,-6.9,43,standard,51,26,0,-1.4,52,77.5,1,0
cust-00687,Customer 00687,11,114.8,4,0,3.3,38,basic,4,3,10,7.8,12,53.1,1,0
cust-00688,Customer 00688,15,414.96,0,0,-12.5,60,standard,10,10,10,-8.4,42,84.9,0,0
cust-00689,Customer 00689,10,1534.76,1,0,3.8,59,premium,21,0,5,-2.1,70,80.0,3,0
cust-00690,Customer 00690,6,1128.35,0,0,-3.1,27,premium,24,3,0,5.2,47,80.0,2,0
cust-00691,Customer 00691,35,476.96,4,0,-47.3,58,standard,21,11,0,-44.8,27,25.4,1,0
cust-00692,Customer 00692,18,432.36,1,3,4.8,36,standard,24,13,15,6.9,25,48.2,0,1
cust-00693,Customer 00693,18,305.5,1,0,-12.7,73,standard,12,18,15,-15.7,14,83.5,0,0
cust-00694,Customer 00694,15,516.26,2,0,-30.3,95,premium,13,0,10,-26.8,21,100,1,0
cust-00695,Customer 00695,5,192.73,4,0,-3.9,17,basic,55,7,0,-6.0,22,25.2,0,1
cust-00696,Customer 00696,12,439.35,0,0,29.1,31,standard,10,17,0,32.7,53,36.1,0,0
cust-00697,Customer 00697,5,1535.47,0,1,0.5,59,premium,27,11,10,-11.7,74,72.5,2,0
cust-00698,Customer 00698,9,350.52,1,0,6.3,33,standard,6,0,0,16.4,24,53.2,0,0
cust-00699,Customer 00699,24,113.27,4,0,-25.5,40,basic,37,34,0,-19.9,34,41.4,0,0
cust-00700,Customer 00700,2,850.28,0,0,42.3,66,premium,28,0,0,39.9,68,53.1,0,0
cust-00701,Customer 00701,8,91.61,0,0,45,14,basic,29,8,0,45.3,25,34.7,0,0
cust-00702,Customer 00702,12,280.99,2,0,-36.9,52,basic,30,0,0,-28.5,23,64.7,2,0
cust-00703,Customer 00703,22,299.41,12,1,-32.4,17,standard,13,23,15,-42.8,48,98.4,1,0
cust-00704,Customer 00704,27,418.47,4,0,-15.2,75,standard,15,17,15,-26.3,36,19.9,0,0
cust-00705,Customer 00705,37,277.82,5,0,-21.0,58,standard,14,9,10,-24.4,9,77.9,1,1
cust-00706,Customer 00706,42,1037.93,1,2,-8.4,49,premium,33,16,0,-1.4,44,81.4,0,0
cust-00707,Customer 00707,32,188.05,0,3,35.1,-2,basic,4,1,0,39.5,31,29.9,0,0
cust-00708,Customer 00708,24,132.63,1,2,5.9,41,basic,24,18,0,2.3,22,79.3,2,0
cust-00709,Customer 00709,36,179.76,2,1,-17.1,60,basic,5,0,0,-11.0,2,37.9,1,0
cust-00710,Customer 00710,18,609.22,6,0,8.3,16,standard,4,17,5,8.2,15,60.5,1,0
cust-00711,Customer 00711,17,494.84,4,0,15.1,87,standard,53,11,0,28.8,31,22.7,2,0
cust-00712,Customer 00712,4,128.85,0,1,-20.4,42,basic,53,21,0,-19.2,78,29.8,0,0
cust-00713,Customer 00713,50,465.87,0,0,0.3,65,standard,15,3,0,12.9,69,22.1,0,0
cust-00714,Customer 00714,3,207.57,3,2,-34.5,66,basic,24,9,5,-31.4,10,68.1,2,1
cust-00715,Customer 00715,26,260.55,3,1,15.9,43,basic,27,21,0,-1.2,40,33.6,0,0
cust-00716,Customer 00716,26,1310.36,0,0,-9.0,43,premium,8,13,0,-3.2,80,69.8,0,0
cust-00717,Customer 00717,22,79.96,2,1,-51.0,35,basic,43,8,0,-30.7,20,99.0,2,0
cust-00718,Customer 00718,27,102.1,0,1,-32.6,45,basic,27,6,0,-30.3,42,52.8,0,0
cust-00719,Customer 00719,10,169.45,2,1,22.0,36,basic,8,9,0,24.9,50,55.3,2,0
cust-00720,Customer 00720,37,262.93,0,0,12.2,17,standard,58,13,10,18.1,60,5,1,1
cust-00721,Customer 00721,29,541.72,0,0,22.6,59,premium,17,6,10,23.6,31,66.3,0,0
cust-00722,Customer 00722,37,519.59,0,0,-13.8,14,standard,25,28,5,-13.6,50,81.2,0,0
cust-00723,Customer 00723,30,115.3,0,0,18.7,76,basic,22,33,0,31.3,25,100,0,0
cust-00724,Customer 00724,22,338.07,3,0,-8.9,48,standard,13,21,10,-11.8,26,36.5,1,0
cust-00725,Customer 00725,72,151.51,0,0,15.1,62,basic,33,15,10,11.2,72,40.9,2,0
cust-00726,Customer 00726,72,969.07,0,0,7.0,71,premium,19,13,15,13.4,67,100,2,0
cust-00727,Customer 00727,14,211.63,2,2,-37.5,30,basic,17,5,0,-47.1,19,56.3,1,1
cust-00728,Customer 00728,30,130.75,2,1,14.6,69,basic,12,0,0,10.2,32,25.6,0,0
cust-00729,Customer 00729,27,451.47,6,3,23.1,75,standard,5,4,0,24.4,19,48.5,1,0
cust-00730,Customer 00730,9,195.91,1,0,-26.2,57,standard,12,17,0,-21.7,40,100,1,0
cust-00731,Customer 00731,42,436.67,0,1,-15.4,4,standard,10,10,5,-14.4,36,23.7,0,0
cust-00732,Customer 00732,16,403.79,0,0,-15.0,38,standard,24,19,0,-6.1,32,78.4,0,0
cust-00733,Customer 00733,35,347.9,0,0,8.4,49,standard,11,20,5,-4.0,56,25.8,1,0
cust-00734,Customer 00734,37,83.61,3,0,30.9,62,basic,7,1,10,23.6,35,24.4,0,0
cust-00735,Customer 00735,21,710.77,0,1,-4.7,36,premium,41,4,10,-5.4,59,49.7,0,1
cust-00736,Customer 00736,16,1022.08,6,0,-7.4,57,premium,18,17,0,-15.5,47,90.6,2,0
cust-00737,Customer 00737,23,183.9,9,0,-46.0,71,basic,46,9,0,-47.5,28,35.7,0,0
cust-00738,Customer 00738,11,303.24,2,0,25.4,46,standard,18,11,0,21.9,59,67.5,1,0
cust-00739,Customer 00739,7,148.86,0,0,-8.5,76,basic,50,19,5,-9.9,73,86.8,1,0
cust-00740,Customer 00740,28,150.82,0,0,-3.9,59,basic,17,18,0,-8.9,42,35.3,2,0
cust-00741,Customer 00741,21,144.66,4,0,-9.7,9,basic,39,27,15,-6.0,68,71.8,1,1
cust-00742,Customer 00742,9,266.07,1,2,-35.5,50,standard,31,5,0,-19.2,19,39.7,0,0
cust-00743,Customer 00743,25,401.17,1,1,-25.1,50,standard,5,0,10,-23.5,27,53.2,1,0
cust-00744,Customer 00744,7,191.56,5,1,-13.8,70,basic,6,0,0,-7.7,11,60.2,0,0
cust-00745,Customer 00745,22,97.43,2,3,4.9,79,basic,10,5,10,4.8,17,69.3,2,0
cust-00746,Customer 00746,25,539.98,0,1,-22.5,18,standard,17,15,5,-22.2,49,75.5,1,0
cust-00747,Customer 00747,30,116.97,4,1,10.9,47,basic,30,10,0,8.0,56,28.1,0,0
cust-00748,Customer 00748,8,839.53,2,0,18.2,45,premium,11,16,0,18.7,20,61.3,1,0
cust-00749,Customer 00749,44,216.71,0,2,24.1,32,basic,4,11,5,32.1,75,23.4,1,0
cust-00750,Customer 00750,38,203.94,1,2,3.4,35,basic,18,6,5,11.0,80,30.0,0,0
cust-00751,Customer 00751,20,189.2,5,1,-5.3,66,basic,12,14,5,-10.6,3,60.6,1,0
cust-00752,Customer 00752,26,863.49,0,0,2.0,61,premium,32,0,0,-2.8,37,68.8,2,0
cust-00753,Customer 00753,22,373.18,2,1,-24.8,69,standard,3,6,0,-28.6,8,38.7,0,0
cust-00754,Customer 00754,15,386.81,4,1,1.1,51,standard,27,8,10,8.1,55,14.4,0,0
cust-00755,Customer 00755,21,308.51,7,0,14.3,35,standard,19,22,10,17.2,13,69.8,0,0
cust-00756,Customer 00756,21,189.1,0,0,14.5,50,basic,11,31,15,18.2,63,59.4,0,0
cust-00757,Customer 00757,13,315.09,0,0,-39.2,82,standard,26,22,0,-45.5,77,77.1,0,0
cust-00758,Customer 00758,40,152.45,1,0,24.7,19,basic,42,19,0,29.5,18,71.2,0,1
cust-00759,Customer 00759,12,412.78,4,0,-14.5,69,standard,44,5,10,5.4,52,58.7,0,1
cust-00760,Customer 00760,26,87.43,3,1,18.3,48,basic,66,17,5,2.0,29,55.0,0,0
cust-00761,Customer 00761,32,543.7,0,0,8.2,58,standard,35,26,0,0.1,40,34.1,0,1
cust-00762,Customer 00762,4,1056.12,0,0,36.7,92,premium,18,3,5,38.7,58,55.9,1,0
cust-00763,Customer 00763,15,237.12,0,0,-18.1,42,standard,28,30,5,-11.8,55,47.9,1,0
cust-00764,Customer 00764,10,153.14,0,0,-51.2,55,basic,40,6,0,-54.8,68,39.5,0,0
cust-00765,Customer 00765,28,112.24,1,1,-5.8,18,basic,17,11,10,-14.3,13,100,0,0
cust-00766,Customer 00766,10,865.85,1,1,-11.4,39,premium,13,3,5,-18.2,35,53.5,1,0
cust-00767,Customer 00767,26,161.75,6,1,12.2,71,basic,5,8,0,10.6,16,47.2,0,0
cust-00768,Customer 00768,10,98.33,0,0,15.6,65,basic,19,13,0,13.9,83,97.3,1,0
cust-00769,Customer 00769,26,305.2,3,1,12.0,95,standard,6,20,15,9.7,39,29.3,0,0
cust-00770,Customer 00770,31,198.99,0,0,-2.7,34,basic,4,12,0,-4.6,67,51.9,2,0
cust-00771,Customer 00771,15,1039.19,0,0,-23.6,0,premium,14,15,0,-25.9,75,75.4,1,1
cust-00772,Customer 00772,7,876.84,2,2,14.7,56,premium,7,0,0,17.0,21,27.9,0,0
cust-00773,Customer 00773,9,176.24,1,0,9.1,45,basic,5,11,0,17.9,12,97.1,1,0
cust-00774,Customer 00774,43,184.28,3,0,31.0,81,basic,25,23,15,33.4,23,50.0,2,0
cust-00775,Customer 00775,15,219.9,2,0,-3.0,24,basic,18,13,0,-3.1,29,5.6,0,0
cust-00776,Customer 00776,21,855.61,3,3,-30.8,69,premium,38,16,15,-38.8,18,38.6,0,0
cust-00777,Customer 00777,14,386.47,9,1,30.6,64,standard,4,21,0,32.3,33,16.3,0,0
cust-00778,Customer 00778,12,466.14,3,0,38.9,73,standard,22,14,0,50,33,87.1,0,0
cust-00779,Customer 00779,36,1369.12,1,0,21.3,49,premium,22,9,0,33.3,16,39.4,2,0
cust-00780,Customer 00780,33,127.22,4,1,28.8,63,basic,12,10,0,9.0,17,72.5,1,0
cust-00781,Customer 00781,22,141.58,0,3,22.1,39,basic,15,23,5,20.9,53,40.2,1,1
cust-00782,Customer 00782,17,191.03,0,0,45,14,basic,7,25,0,38.0,68,100,2,0
cust-00783,Customer 00783,13,893.01,4,2,6.2,22,premium,6,16,20,2.4,54,77.4,1,1
cust-00784,Customer 00784,5,426.99,2,0,-12.0,72,standard,12,14,0,-8.1,1,43.3,2,1
cust-00785,Customer 00785,9,175.31,3,3,30.0,83,basic,35,13,15,28.0,14,93.3,0,0
cust-00786,Customer 00786,16,260.61,3,3,24.1,85,standard,12,6,0,29.2,5,61.9,0,0
cust-00787,Customer 00787,16,371.77,0,0,-24.9,25,standard,19,21,5,-12.8,78,39.2,3,0
cust-00788,Customer 00788,14,453.94,0,0,8.9,56,standard,7,25,0,0.1,87,37.1,0,0
cust-00789,Customer 00789,30,1165.38,0,2,-26.4,67,premium,23,11,15,-16.1,46,42.6,0,0
cust-00790,Customer 00790,7,464.72,3,3,4.0,52,standard,24,26,0,9.6,33,68.2,1,0
cust-00791,Customer 00791,43,1457.38,5,0,16.1,47,premium,15,13,0,12.8,34,39.9,0,0
cust-00792,Customer 00792,12,536.08,2,0,5.1,14,standard,7,3,10,8.2,7,81.7,2,1
cust-00793,Customer 00793,39,317.25,0,3,-17.0,66,standard,9,26,15,-27.3,56,65.8,0,0
cust-00794,Customer 00794,16,380.87,0,0,6.7,81,standard,10,0,0,15.7,89,59.3,1,0
cust-00795,Customer 00795,19,532.58,0,3,-41.0,-4,standard,35,20,5,-34.4,88,38.0,3,1
cust-00796,Customer 00796,8,273.29,4,1,8.1,19,standard,24,13,15,10.4,26,61.3,0,0
cust-00797,Customer 00797,12,1508.4,2,1,-9.8,58,premium,23,36,0,-16.3,36,44.4,1,0
cust-00798,Customer 00798,50,329.78,1,1,-46.6,51,standard,32,22,10,-43.8,30,51.2,0,0
cust-00799,Customer 00799,18,326.87,0,1,-8.4,64,standard,23,12,5,-11.6,67,36.4,1,0
cust-00800,Customer 00800,17,1217.52,2,1,12.7,42,premium,29,13,0,6.9,7,42.5,2,1
cust-00801,Customer 00801,59,105.2,2,0,6.4,56,basic,14,19,5,-4.9,13,78.1,1,0
cust-00802,Customer 00802,5,104.36,0,0,0.3,50,basic,13,2,0,-13.2,60,82.9,2,0
cust-00803,Customer 00803,37,434.78,1,0,-19.0,23,standard,7,7,5,-19.4,86,69.5,0,0
cust-00804,Customer 00804,30,189.59,1,0,4.5,36,basic,22,15,0,0.7,0,83.2,2,1
cust-00805,Customer 00805,21,496.88,0,0,5.3,57,standard,13,16,0,10.5,36,49.7,0,0
cust-00806,Customer 00806,56,171.72,0,0,-5.3,19,basic,14,2,0,-6.8,57,90.6,2,0
cust-00807,Customer 00807,35,133.13,3,0,4.6,49,basic,9,11,0,-1.5,11,67.4,0,0
cust-00808,Customer 00808,14,315.64,0,0,24.1,32,standard,17,14,0,17.1,88,85.2,2,1
cust-00809,Customer 00809,13,375.77,1,0,-17.4,34,standard,55,18,10,-7.4,33,62.1,2,1
cust-00810,Customer 00810,12,143.82,2,3,-30.0,35,basic,19,24,10,-28.5,7,53.3,0,0
cust-00811,Customer 00811,37,382.83,2,0,21.8,68,standard,27,14,5,29.4,26,55.3,1,0
cust-00812,Customer 00812,33,304.49,3,0,-17.9,41,standard,21,11,20,-21.2,6,62.6,2,0
cust-00813,Customer 00813,28,877.61,1,1,20.9,46,premium,20,3,5,10.0,35,79.3,0,0
cust-00814,Customer 00814,68,706.27,0,0,-19.5,83,premium,14,7,0,-11.5,47,88.8,0,0
cust-00815,Customer 00815,28,479.52,3,0,-40.6,31,standard,15,0,5,-33.2,32,58.3,0,1
cust-00816,Customer 00816,34,361.79,1,0,28.8,38,standard,10,2,0,20.5,21,75.9,1,0
cust-00817,Customer 00817,18,463.59,0,1,-16.1,10,premium,17,29,0,-33.2,56,47.7,1,1
cust-00818,Customer 00818,15,152.06,0,3,-52.0,35,basic,23,8,0,-48.2,67,64.6,1,1
cust-00819,Customer 00819,8,553.06,0,0,-25.0,42,standard,12,25,5,-22.8,78,47.0,1,0
cust-00820,Customer 00820,41,134.04,3,1,-2.0,53,basic,22,3,0,5.3,50,91.8,2,0
cust-00821,Customer 00821,19,557.83,2,2,6.6,-26,standard,7,20,0,-5.2,33,82.9,1,1
cust-00822,Customer 00822,31,339.98,1,1,9.8,12,standard,21,15,0,14.2,31,38.0,0,1
cust-00823,Customer 00823,43,343.37,2,0,-44.2,43,standard,39,6,10,-61.3,46,80.4,3,0
cust-00824,Customer 00824,30,410.65,1,2,32.3,31,standard,15,0,0,28.0,10,28.9,0,0
cust-00825,Customer 00825,54,98.73,0,0,21.1,49,basic,19,19,0,27.6,26,52.5,0,0
cust-00826,Customer 00826,18,1072.12,0,1,-1.9,28,premium,22,0,0,-11.3,67,54.4,0,0
cust-00827,Customer 00827,18,1881.43,2,0,40.7,19,premium,27,0,0,50,74,12.5,0,1
cust-00828,Customer 00828,26,445.21,0,0,44.3,54,standard,5,17,0,42.3,90,79.3,0,0
cust-00829,Customer 00829,41,315.06,0,0,-17.3,52,standard,36,30,0,-0.1,33,67.4,1,0
cust-00830,Customer 00830,64,170.86,3,0,-37.8,57,basic,23,14,0,-55.3,29,48.1,0,0
cust-00831,Customer 00831,17,1150.92,6,0,-31.9,51,premium,51,16,5,-46.2,20,63.3,2,0
cust-00832,Customer 00832,1,898.66,7,0,-51.8,64,premium,64,1,0,-55.8,24,70.3,0,0
cust-00833,Customer 00833,31,232.34,0,0,-8.9,26,basic,23,2,0,5.1,37,59.2,0,0
cust-00834,Customer 00834,27,122.89,4,1,44.7,28,basic,4,25,0,33.4,43,71.1,1,0
cust-00835,Customer 00835,29,268.05,0,2,2.3,83,standard,3,12,0,11.1,52,57.2,2,0
cust-00836,Customer 00836,17,187.61,0,1,21.2,50,basic,8,7,0,25.3,75,52.4,0,1
cust-00837,Customer 00837,32,171.46,1,0,-14.6,35,basic,22,18,0,-5.1,6,30.2,2,0
cust-00838,Customer 00838,11,306.27,2,0,-8.3,58,standard,37,8,15,-9.5,19,80.2,0,0
cust-00839,Customer 00839,55,255.63,0,0,3.0,21,basic,5,0,5,10.2,41,75.8,0,0
cust-00840,Customer 00840,12,358.53,1,0,12.1,11,standard,29,4,5,15.3,27,55.2,0,1
cust-00841,Customer 00841,34,426.73,1,0,-13.8,4,standard,33,16,10,-16.4,9,82.4,0,0
cust-00842,Customer 00842,68,838.3,0,3,-10.1,27,premium,53,5,10,-15.7,26,96.2,1,0
cust-00843,Customer 00843,25,72.6,0,0,17.6,22,basic,12,14,0,5.0,63,65.4,0,0
cust-00844,Customer 00844,31,181.11,4,1,-28.4,68,basic,17,4,0,-13.5,27,14.3,0,0
cust-00845,Customer 00845,14,311.9,1,4,-7.8,20,standard,9,21,10,-4.2,35,32.1,1,1
cust-00846,Customer 00846,23,101.96,5,0,13.4,60,basic,29,18,5,17.0,40,77.1,2,0
cust-00847,Customer 00847,34,1162.62,3,2,18.5,73,premium,24,0,10,34.2,10,71.1,0,0
cust-00848,Customer 00848,16,1296.85,1,0,11.9,47,premium,32,11,0,12.8,7,49.5,1,0
cust-00849,Customer 00849,72,1256.63,1,0,13.6,20,premium,11,7,0,5.4,28,24.1,0,0
cust-00850,Customer 00850,19,447.75,4,0,2.1,52,standard,81,10,0,-0.0,9,77.0,3,1
cust-00851,Customer 00851,4,161.89,1,0,-26.5,51,basic,12,16,0,-23.4,27,44.9,0,0
cust-00852,Customer 00852,25,813.8,5,0,15.2,60,premium,7,0,10,28.0,78,53.3,1,0
cust-00853,Customer 00853,11,153.16,0,1,11.0,37,basic,9,12,10,6.8,77,85.8,0,0
cust-00854,Customer 00854,27,1229.27,3,2,-11.8,61,premium,19,10,10,-17.4,54,64.1,1,0
cust-00855,Customer 00855,3,154.63,1,0,29.5,50,basic,8,0,5,31.2,20,86.2,1,0
cust-00856,Customer 00856,50,273.56,0,0,17.7,59,standard,9,15,5,14.6,79,54.7,0,0
cust-00857,Customer 00857,12,132.71,4,0,-34.3,42,basic,66,6,0,-23.8,41,13.2,0,0
cust-00858,Customer 00858,4,152.18,0,1,7.3,2,basic,11,11,5,9.9,28,42.2,1,0
cust-00859,Customer 00859,6,178.66,0,0,45,32,basic,67,12,10,36.1,89,8.0,0,0
cust-00860,Customer 00860,9,567.85,2,0,11.4,61,standard,10,13,0,16.4,13,73.3,1,0
cust-00861,Customer 00861,11,376.08,1,0,-20.8,31,standard,19,0,0,-25.7,7,54.7,3,0
cust-00862,Customer 00862,35,1188.76,1,0,-5.6,31,premium,17,2,0,-21.6,22,23.5,0,0
cust-00863,Customer 00863,22,146.26,10,0,10.6,63,basic,1,10,10,-6.8,41,70.6,0,0
cust-00864,Customer 00864,14,1141.25,1,1,6.1,8,premium,28,8,0,13.9,11,52.6,0,1
cust-00865,Customer 00865,47,128.47,2,0,15.0,47,basic,7,12,10,16.4,5,44.4,0,0
cust-00866,Customer 00866,11,511.4,2,0,7.0,41,standard,10,21,5,-3.9,36,88.8,1,0
cust-00867,Customer 00867,19,177.52,4,2,-7.2,75,basic,33,18,5,-3.8,83,70.9,1,0
cust-00868,Customer 00868,36,208.68,2,2,25.2,70,basic,7,18,0,28.7,17,77.2,0,0
cust-00869,Customer 00869,32,402.08,1,1,-18.8,49,standard,11,20,15,-24.0,35,24.8,2,1
cust-00870,Customer 00870,22,105.79,3,0,17.9,-6,basic,15,19,0,10.7,49,48.3,2,0
cust-00871,Customer 00871,30,166.44,0,1,25.1,45,basic,3,6,0,12.9,83,43.0,0,0
cust-00872,Customer 00872,33,139.61,1,0,-50.2,51,basic,16,25,10,-39.8,13,95.7,0,0
cust-00873,Customer 00873,19,95.04,1,2,36.8,30,basic,20,0,10,38.2,7,39.4,1,0
cust-00874,Customer 00874,19,847.34,5,0,10.3,83,premium,31,11,0,5.6,44,41.9,0,0
cust-00875,Customer 00875,13,147.14,1,0,27.6,33,basic,32,10,5,23.0,36,95.5,1,0
cust-00876,Customer 00876,19,1029.66,2,1,45,34,premium,33,13,0,38.9,7,50.0,2,0
cust-00877,Customer 00877,15,1195.49,2,0,-1.3,56,premium,28,11,5,24.8,37,52.2,2,0
cust-00878,Customer 00878,19,171.64,7,1,-9.0,33,basic,25,15,0,-8.1,55,59.7,1,1
cust-00879,Customer 00879,13,778.62,3,0,-49.9,83,premium,23,9,15,-42.4,14,76.4,0,0
cust-00880,Customer 00880,15,481.63,0,0,-8.9,-17,standard,26,25,0,-9.9,85,53.9,0,1
cust-00881,Customer 00881,13,200.08,2,0,-20.8,13,basic,6,18,10,-15.6,14,100,2,0
cust-00882,Customer 00882,27,1218.09,2,0,15.2,39,premium,32,8,10,10.6,33,49.0,0,1
cust-00883,Customer 00883,24,141.96,1,1,-1.2,52,basic,20,17,10,8.4,30,41.4,0,0
cust-00884,Customer 00884,10,302.61,0,0,26.4,42,standard,33,28,0,30.6,57,69.7,0,0
cust-00885,Customer 00885,17,99.66,0,2,-26.9,25,basic,14,8,15,-18.2,43,5,2,1
cust-00886,Customer 00886,22,128.45,1,2,22.6,39,basic,30,17,0,14.8,15,47.4,0,0
cust-00887,Customer 00887,35,1138.92,2,0,24.4,41,premium,64,9,0,23.5,35,30.2,1,0
cust-00888,Customer 00888,38,1283.77,2,0,-3.9,63,premium,3,13,0,-11.9,75,55.4,0,0
cust-00889,Customer 00889,23,884.61,2,2,-10.8,34,premium,7,23,0,-1.8,30,57.3,1,0
cust-00890,Customer 00890,65,427.46,2,1,-4.6,36,standard,17,0,0,1.9,13,92.3,0,0
cust-00891,Customer 00891,40,920.72,0,0,-16.8,42,premium,11,6,0,-20.0,90,61.0,0,0
cust-00892,Customer 00892,37,285.47,9,2,-2.9,36,basic,13,4,0,-20.8,17,62.9,1,0
cust-00893,Customer 00893,22,210.99,3,0,34.7,33,basic,17,18,10,32.4,16,57.0,0,1
cust-00894,Customer 00894,15,715.38,1,2,-11.1,42,premium,11,18,5,-22.1,43,65.9,2,0
cust-00895,Customer 00895,18,224.39,5,1,8.0,27,basic,8,15,15,2.3,42,30.9,2,0
cust-00896,Customer 00896,69,469.24,1,2,14.3,18,standard,18,7,0,13.2,39,97.3,0,0
cust-00897,Customer 00897,29,228.21,1,0,-5.2,73,basic,34,16,0,3.9,36,49.1,1,1
cust-00898,Customer 00898,33,775.41,3,0,5.7,19,premium,23,12,5,0.8,27,52.5,2,0
cust-00899,Customer 00899,17,94.25,0,0,-0.1,52,basic,11,5,0,-0.8,85,42.8,1,0
cust-00900,Customer 00900,23,94.42,1,3,10.2,56,basic,13,5,0,18.0,41,63.4,0,0
cust-00901,Customer 00901,31,438.95,3,1,-10.9,83,standard,23,8,10,-7.0,30,64.5,1,0
cust-00902,Customer 00902,72,1058.99,2,0,11.3,30,premium,50,0,0,17.9,15,29.9,1,0
cust-00903,Customer 00903,7,217.46,0,0,5.6,50,basic,14,0,0,17.2,54,50.4,0,0
cust-00904,Customer 00904,72,165.61,0,0,-6.4,50,basic,7,18,0,-13.2,34,55.6,1,0
cust-00905,Customer 00905,50,179.07,0,0,-4.7,19,basic,6,12,20,-15.6,55,65.3,1,0
cust-00906,Customer 00906,31,231.47,0,0,-22.6,71,basic,16,11,0,-18.7,56,32.6,1,0
cust-00907,Customer 00907,17,1431.07,0,0,-10.0,53,premium,22,15,0,-20.1,40,53.5,0,0
cust-00908,Customer 00908,7,358.6,0,0,8.5,14,standard,22,12,0,16.5,28,77.2,0,0
cust-00909,Customer 00909,9,195.34,2,1,-7.4,36,basic,22,12,0,7.7,9,5,1,0
cust-00910,Customer 00910,27,903.46,0,1,4.7,26,premium,19,17,5,8.0,56,78.6,0,0
cust-00911,Customer 00911,22,167.44,1,0,9.2,20,basic,5,1,5,5.3,28,60.8,2,0
cust-00912,Customer 00912,3,100.07,6,0,-15.5,31,basic,10,0,10,-12.4,55,66.1,1,0
cust-00913,Customer 00913,45,167.42,1,0,-0.5,70,basic,28,2,10,-0.1,45,56.5,1,0
cust-00914,Customer 00914,40,289.55,2,0,-4.0,63,standard,21,11,0,-18.3,3,80.1,0,0
cust-00915,Customer 00915,27,393.02,1,0,-12.6,42,standard,7,13,0,-14.2,17,66.5,0,0
cust-00916,Customer 00916,27,205.17,0,0,14.5,56,basic,4,9,0,22.3,44,75.0,0,0
cust-00917,Customer 00917,16,217.5,1,0,22.0,53,basic,20,19,0,21.2,8,55.8,0,0
cust-00918,Customer 00918,40,175.85,0,0,4.0,73,basic,33,23,0,6.5,68,33.1,0,0
cust-00919,Customer 00919,31,149.96,1,0,16.7,95,basic,25,10,0,6.6,81,65.7,0,0
cust-00920,Customer 00920,4,1105.14,2,0,-19.4,38,premium,21,8,0,-9.1,48,42.6,0,0
cust-00921,Customer 00921,15,401.74,0,0,-1.3,14,standard,15,22,0,7.0,47,81.8,0,0
cust-00922,Customer 00922,38,135.74,3,0,7.6,22,basic,11,20,5,16.5,12,93.9,0,0
cust-00923,Customer 00923,27,153.52,2,0,22.9,39,basic,3,2,0,38.1,46,76.2,1,0
cust-00924,Customer 00924,9,1231.62,3,2,-6.0,54,premium,25,0,0,-3.7,34,55.1,0,0
cust-00925,Customer 00925,51,1180.44,3,1,1.9,54,premium,19,9,0,6.1,31,90.1,1,0
cust-00926,Customer 00926,42,1270.39,2,0,12.4,63,premium,20,0,10,17.3,20,100,0,0
cust-00927,Customer 00927,46,964.29,2,1,-6.3,41,premium,44,24,0,4.7,32,65.7,0,0
cust-00928,Customer 00928,5,136.04,0,0,0.9,71,basic,11,18,10,-5.9,26,51.2,0,0
cust-00929,Customer 00929,19,429.66,0,0,14.8,30,standard,17,5,0,9.6,58,65.4,0,0
cust-00930,Customer 00930,6,630.29,8,1,4.1,58,premium,7,7,0,1.3,83,42.0,0,0
cust-00931,Customer 00931,56,1208.81,2,4,45,32,premium,6,8,0,47.0,43,55.2,1,0
cust-00932,Customer 00932,28,335.26,9,0,-2.0,71,standard,42,10,0,-10.9,34,16.5,0,0
cust-00933,Customer 00933,23,301.12,0,0,-5.0,55,standard,26,12,0,12.3,30,29.4,2,1
cust-00934,Customer 00934,5,342.53,0,0,7.5,-22,standard,9,13,0,16.6,87,66.5,3,1
cust-00935,Customer 00935,50,1549.29,1,0,14.1,52,premium,18,1,0,10.9,21,66.4,0,0
cust-00936,Customer 00936,10,184.68,1,0,-27.6,50,basic,44,22,0,-30.0,68,50.3,0,0
cust-00937,Customer 00937,36,654.89,0,0,23.2,15,premium,3,12,0,32.0,59,58.6,0,0
cust-00938,Customer 00938,57,176.12,4,1,-13.1,43,basic,75,14,10,-1.9,42,42.8,3,1
cust-00939,Customer 00939,24,189.69,1,0,-21.7,71,basic,8,10,5,-14.1,66,56.2,0,0
cust-00940,Customer 00940,6,1194.08,3,1,17.2,5,premium,66,12,0,9.7,24,56.5,2,0
cust-00941,Customer 00941,21,161.27,0,0,-47.5,35,basic,26,11,0,-56.1,45,39.9,1,0
cust-00942,Customer 00942,12,207.69,4,1,13.3,74,basic,22,6,5,15.5,4,51.2,1,0
cust-00943,Customer 00943,15,208.9,0,3,6.0,26,basic,22,0,10,8.4,53,19.0,0,1
cust-00944,Customer 00944,27,170.74,1,3,6.7,92,basic,10,14,15,8.7,21,66.1,1,0
cust-00945,Customer 00945,57,448.77,1,1,-1.3,83,standard,18,28,0,18.4,5,62.4,0,0
cust-00946,Customer 00946,69,151.67,3,1,28.9,91,basic,5,0,0,26.3,17,49.2,0,0
cust-00947,Customer 00947,4,202.72,3,0,-7.9,89,basic,33,9,0,3.9,56,40.4,0,0
cust-00948,Customer 00948,10,414.86,0,0,-18.9,75,standard,23,14,0,-27.7,62,75.4,0,0
cust-00949,Customer 00949,6,283.13,5,2,26.3,29,standard,3,8,5,23.1,12,37.9,0,0
cust-00950,Customer 00950,10,310.0,3,0,37.7,66,standard,33,33,0,45.4,1,28.1,1,1
cust-00951,Customer 00951,71,180.05,2,2,-3.8,43,basic,23,9,10,14.5,18,47.1,0,0
cust-00952,Customer 00952,33,601.78,0,0,-4.5,29,premium,9,4,20,-14.2,85,45.4,0,0
cust-00953,Customer 00953,21,139.4,3,2,-2.4,5,basic,8,8,0,-10.9,37,62.1,2,0
cust-00954,Customer 00954,34,109.78,3,0,12.9,31,basic,5,30,0,18.9,26,45.6,0,0
cust-00955,Customer 00955,3,211.22,0,0,-9.3,9,basic,7,9,0,-13.2,82,81.4,0,0
cust-00956,Customer 00956,6,226.14,0,0,11.4,79,standard,20,1,0,19.8,25,62.7,1,0
cust-00957,Customer 00957,34,1019.33,2,0,-13.1,50,premium,18,10,0,-14.0,51,5,0,0
cust-00958,Customer 00958,31,1551.2,1,1,2.4,33,premium,6,11,15,1.6,18,35.1,0,0
cust-00959,Customer 00959,38,453.03,5,0,-10.2,50,standard,11,8,5,-8.1,55,83.5,1,0
cust-00960,Customer 00960,58,211.87,2,2,-4.9,51,basic,20,22,10,-10.9,39,5,2,1
cust-00961,Customer 00961,32,123.26,2,0,-7.9,58,basic,17,9,0,-10.4,37,100,0,0
cust-00962,Customer 00962,2,87.85,2,0,-27.0,29,basic,8,6,5,-44.6,16,9.3,0,0
cust-00963,Customer 00963,11,333.14,1,0,-9.2,2,standard,9,22,0,-1.6,14,52.0,2,0
cust-00964,Customer 00964,41,119.05,1,1,-22.4,95,basic,6,18,0,-18.0,49,67.4,1,0
cust-00965,Customer 00965,34,1355.12,1,0,13.6,40,premium,29,20,10,11.0,13,56.3,3,0
cust-00966,Customer 00966,37,160.9,0,1,-2.5,46,basic,17,15,5,-11.7,54,74.4,2,0
cust-00967,Customer 00967,10,173.39,0,0,40.3,43,basic,27,5,10,35.1,63,63.2,0,0
cust-00968,Customer 00968,23,494.16,4,1,3.6,72,standard,12,41,0,13.6,10,39.5,2,0
cust-00969,Customer 00969,33,519.61,0,2,-6.0,95,standard,40,23,0,-13.8,46,71.1,0,0
cust-00970,Customer 00970,5,191.95,2,0,18.6,66,standard,26,8,5,37.0,16,58.4,2,0
cust-00971,Customer 00971,5,1068.87,0,1,-49.4,39,premium,16,9,5,-57.4,77,9.2,0,0
cust-00972,Customer 00972,35,112.32,1,1,8.4,53,basic,43,24,10,29.3,51,21.0,0,1
cust-00973,Customer 00973,24,500.51,0,0,-1.4,48,standard,5,8,15,4.0,43,57.4,0,0
cust-00974,Customer 00974,6,357.15,0,0,1.9,61,standard,16,19,15,-5.5,53,100,3,0
cust-00975,Customer 00975,4,1380.04,7,0,27.3,56,premium,23,0,5,46.1,13,97.8,0,0
cust-00976,Customer 00976,25,480.67,2,1,-4.4,80,standard,4,19,15,-3.0,2,68.7,2,0
cust-00977,Customer 00977,9,121.73,2,1,-3.1,19,basic,21,6,5,-8.0,10,51.2,3,1
cust-00978,Customer 00978,9,1211.47,0,0,14.7,40,premium,9,8,10,5.0,75,21.0,0,0
cust-00979,Customer 00979,30,786.45,3,0,-14.3,70,premium,31,14,0,-10.4,5,19.2,1,0
cust-00980,Customer 00980,14,233.72,1,0,28.2,35,standard,24,27,10,27.0,29,32.5,0,0
cust-00981,Customer 00981,13,190.93,1,0,-13.0,54,basic,13,20,0,-35.8,14,88.5,0,0
cust-00982,Customer 00982,6,199.95,4,2,19.2,28,basic,8,21,0,22.1,29,45.1,0,1
cust-00983,Customer 00983,15,167.98,2,0,5.2,56,basic,11,24,0,-8.9,52,100,1,0
cust-00984,Customer 00984,13,218.71,0,2,-16.0,66,standard,34,34,20,-14.7,64,69.6,1,1
cust-00985,Customer 00985,70,1032.68,1,3,-29.8,46,premium,37,12,0,-29.6,24,83.2,1,0
cust-00986,Customer 00986,32,414.63,0,0,14.8,15,standard,11,1,0,17.8,79,55.4,1,0
cust-00987,Customer 00987,1,300.09,4,0,15.4,28,standard,20,14,5,16.3,54,90.8,0,0
cust-00988,Customer 00988,28,172.66,0,0,-30.9,61,basic,16,2,0,-37.3,41,40.5,0,0
cust-00989,Customer 00989,5,381.66,2,0,-9.7,24,standard,11,18,5,-4.8,30,69.3,2,0
cust-00990,Customer 00990,17,137.27,0,0,-34.3,42,basic,14,7,5,-35.1,82,31.5,0,0
cust-00991,Customer 00991,39,1002.09,0,1,-18.9,25,premium,15,30,10,-10.7,55,70.9,1,0
cust-00992,Customer 00992,53,220.11,0,1,1.2,23,basic,24,0,0,2.1,39,39.8,2,0
cust-00993,Customer 00993,22,522.86,1,1,9.6,46,standard,21,18,0,7.3,2,56.0,0,0
cust-00994,Customer 00994,36,232.87,1,0,34.4,12,basic,9,13,20,42.0,72,43.9,1,0
cust-00995,Customer 00995,17,170.48,1,0,9.6,45,basic,24,0,15,10.0,9,27.8,1,1
cust-00996,Customer 00996,10,178.1,0,0,12.9,89,basic,18,5,10,8.3,78,27.9,1,0
cust-00997,Customer 00997,39,145.31,1,0,-21.2,47,basic,4,15,15,-28.5,34,60.1,0,0
cust-00998,Customer 00998,19,96.9,0,2,-11.6,21,basic,49,21,0,-6.8,65,52.4,0,1
cust-00999,Customer 00999,28,127.52,0,1,-21.2,68,basic,8,41,10,-10.7,38,84.7,0,0
cust-01000,Customer 01000,41,179.73,3,0,23.0,53,basic,43,0,5,11.1,8,34.2,0,0
cust-01001,Customer 01001,12,184.17,4,1,-19.6,78,basic,68,22,5,-17.3,24,22.8,0,0
cust-01002,Customer 01002,28,870.82,1,0,5.3,21,premium,1,7,10,12.9,11,62.3,0,0
cust-01003,Customer 01003,35,270.69,1,0,-31.1,32,standard,27,14,5,-32.7,35,50.5,1,0
cust-01004,Customer 01004,38,1377.92,2,0,-6.2,53,premium,9,15,10,-4.3,19,64.1,0,0
cust-01005,Customer 01005,29,153.96,1,0,41.3,42,basic,6,12,15,37.3,25,29.7,0,0
cust-01006,Customer 01006,46,665.68,1,0,20.6,55,premium,18,11,5,24.0,14,65.9,2,0
cust-01007,Customer 01007,47,234.84,0,0,7.5,77,basic,19,29,5,5.1,79,10.0,1,0
cust-01008,Customer 01008,30,152.78,1,0,-28.9,58,basic,32,13,0,-36.4,3,48.4,1,1
cust-01009,Customer 01009,41,1346.92,1,0,-8.6,43,premium,14,36,0,-1.2,23,42.1,1,0
cust-01010,Customer 01010,59,879.87,0,0,15.9,94,premium,13,0,0,10.8,61,35.8,0,0
cust-01011,Customer 01011,16,274.48,1,0,-0.6,40,standard,15,21,0,0.8,19,53.6,1,0
cust-01012,Customer 01012,8,447.42,0,1,-16.0,67,standard,13,17,0,-13.3,57,48.1,1,0
cust-01013,Customer 01013,15,179.27,2,0,-15.8,31,basic,25,6,0,-20.7,13,23.6,0,1
cust-01014,Customer 01014,12,1091.43,0,0,-19.5,40,premium,21,13,0,-13.5,54,84.9,0,0
cust-01015,Customer 01015,13,169.12,3,0,-18.5,92,basic,20,13,0,-6.2,4,55.7,1,0
cust-01016,Customer 01016,15,211.07,2,0,13.7,29,basic,24,3,0,9.6,11,28.7,1,0
cust-01017,Customer 01017,30,638.68,2,1,14.4,37,premium,15,24,15,9.0,22,73.4,1,0
cust-01018,Customer 01018,19,657.42,0,0,31.4,26,standard,14,7,5,35.6,68,75.7,1,0
cust-01019,Customer 01019,39,380.42,5,0,32.3,66,standard,35,3,0,22.7,14,35.4,1,0
cust-01020,Customer 01020,22,160.93,0,1,-14.7,54,basic,6,27,0,-20.0,51,62.3,0,0
cust-01021,Customer 01021,47,317.32,0,0,-21.4,41,standard,15,5,0,-24.4,45,45.8,0,0
cust-01022,Customer 01022,12,997.1,2,0,27.2,66,premium,8,14,0,27.8,2,35.0,2,0
cust-01023,Customer 01023,12,457.07,0,0,17.7,85,standard,20,2,0,5.0,46,72.1,0,0
cust-01024,Customer 01024,12,209.11,0,1,37.7,23,basic,40,10,0,39.2,70,34.4,2,0
cust-01025,Customer 01025,6,449.61,7,0,-0.4,15,standard,12,7,0,-3.5,21,52.3,0,0
cust-01026,Customer 01026,19,152.3,4,0,9.0,65,basic,3,11,15,14.6,14,90.4,0,0
cust-01027,Customer 01027,39,166.81,2,0,8.2,38,basic,5,3,15,15.8,13,23.0,1,0
cust-01028,Customer 01028,8,181.1,1,0,40.9,44,basic,28,19,0,42.5,17,71.3,0,0
cust-01029,Customer 01029,25,1147.06,0,0,21.1,24,premium,14,8,0,21.8,50,67.0,1,0
cust-01030,Customer 01030,12,232.23,1,0,-12.2,41,basic,20,20,0,-10.2,18,22.6,0,1
cust-01031,Customer 01031,37,1029.58,3,0,14.9,64,premium,36,20,0,7.0,38,59.4,0,0
cust-01032,Customer 01032,15,93.4,2,1,29.4,63,basic,14,5,0,37.7,7,47.9,3,0
cust-01033,Customer 01033,24,182.66,0,0,16.4,64,basic,12,22,0,14.7,70,53.9,0,0
cust-01034,Customer 01034,26,297.69,0,1,-27.0,40,standard,25,13,10,-29.0,59,64.5,2,0
cust-01035,Customer 01035,18,124.91,1,0,-1.6,93,basic,11,10,0,-7.1,30,52.9,2,0
cust-01036,Customer 01036,15,293.24,0,0,24.0,85,standard,10,1,0,14.8,30,47.3,3,0
cust-01037,Customer 01037,26,648.26,5,0,36.5,33,standard,35,13,5,39.5,29,26.3,0,1
cust-01038,Customer 01038,33,1292.76,0,0,12.0,40,premium,16,5,0,18.1,77,78.5,1,0
cust-01039,Customer 01039,30,194.11,2,2,11.1,78,basic,20,20,15,16.2,41,44.4,1,0
cust-01040,Customer 01040,38,253.89,2,3,11.2,61,basic,26,0,5,7.1,13,58.7,1,0
cust-01041,Customer 01041,12,194.34,0,0,15.6,64,basic,20,9,0,4.3,83,90.6,0,0
cust-01042,Customer 01042,28,1229.44,0,0,-39.3,56,premium,39,12,0,-41.9,45,55.9,2,0
cust-01043,Customer 01043,46,378.42,2,0,6.5,58,standard,32,13,5,19.8,22,58.2,1,0
cust-01044,Customer 01044,15,167.72,1,0,25.3,66,basic,22,7,10,26.7,14,94.4,0,0
cust-01045,Customer 01045,25,548.45,0,2,13.6,34,standard,24,23,0,16.4,67,64.2,1,0
cust-01046,Customer 01046,17,182.36,3,0,5.3,30,basic,17,10,10,7.7,35,59.1,2,0
cust-01047,Customer 01047,53,282.86,0,0,26.9,41,standard,27,15,0,22.6,63,85.5,0,0
cust-01048,Customer 01048,2,172.48,5,1,6.4,28,basic,9,30,5,20.6,59,69.4,1,0
cust-01049,Customer 01049,31,272.41,3,0,-42.7,29,standard,6,0,0,-47.7,25,16.6,0,0
cust-01050,Customer 01050,6,356.95,4,2,25.7,24,standard,17,3,10,17.3,1,43.1,3,0
cust-01051,Customer 01051,42,1130.25,1,0,-0.8,63,premium,15,21,0,-5.0,20,100,2,0
cust-01052,Customer 01052,12,157.07,0,0,45,1,basic,5,15,10,43.6,54,19.6,1,0
cust-01053,Customer 01053,23,147.43,1,0,-6.9,43,basic,16,22,0,-20.9,22,35.7,1,0
cust-01054,Customer 01054,13,454.75,6,3,45,11,standard,21,24,0,48.8,34,54.0,0,0
cust-01055,Customer 01055,22,542.49,0,0,-18.1,16,premium,18,0,0,-15.9,53,77.8,2,0
cust-01056,Customer 01056,29,100.0,2,0,10.3,47,basic,13,8,10,10.1,23,30.1,0,0
cust-01057,Customer 01057,4,211.82,2,0,11.1,46,basic,2,4,0,10.0,19,33.6,1,0
cust-01058,Customer 01058,14,319.09,1,0,4.6,47,standard,39,9,0,5.0,22,32.4,0,0
cust-01059,Customer 01059,25,352.26,2,0,-35.2,95,standard,28,0,10,-46.8,16,33.7,1,0
cust-01060,Customer 01060,49,1157.98,2,1,0.6,41,premium,15,16,0,-8.0,32,24.1,2,0
cust-01061,Customer 01061,16,313.64,1,0,-4.7,72,standard,21,15,15,-11.5,29,38.7,0,0
cust-01062,Customer 01062,6,452.53,0,0,23.3,38,standard,39,1,0,9.9,73,22.2,2,0
cust-01063,Customer 01063,33,476.18,0,2,-23.8,36,standard,10,11,0,-31.2,29,95.2,0,0
cust-01064,Customer 01064,11,350.58,1,2,-3.2,86,standard,19,26,0,6.0,14,74.2,1,0
cust-01065,Customer 01065,22,910.56,0,0,-16.2,58,premium,15,0,0,-34.1,26,46.2,0,0
cust-01066,Customer 01066,12,283.51,3,1,-9.8,55,standard,14,12,0,-12.4,5,56.2,1,0
cust-01067,Customer 01067,35,240.56,3,3,22.9,30,basic,29,6,10,12.8,8,75.7,1,0
cust-01068,Customer 01068,35,384.81,3,0,20.6,84,standard,9,0,0,27.6,34,81.0,1,0
cust-01069,Customer 01069,8,159.09,2,0,0.0,30,basic,22,0,10,1.2,21,66.0,0,1
cust-01070,Customer 01070,10,287.27,2,2,-27.9,64,basic,38,17,5,-17.9,28,91.4,0,1
cust-01071,Customer 01071,31,113.71,4,0,-22.2,29,basic,5,17,5,-17.3,28,66.3,1,0
cust-01072,Customer 01072,41,911.87,2,0,-29.9,57,premium,20,11,0,-34.8,8,71.2,0,0
cust-01073,Customer 01073,7,277.23,2,0,-21.9,43,standard,34,0,0,-16.4,13,52.2,0,0
cust-01074,Customer 01074,67,403.76,0,0,-31.3,57,standard,33,11,0,-40.0,48,55.7,2,0
cust-01075,Customer 01075,21,331.67,0,1,-28.4,66,standard,63,27,0,-39.3,84,80.9,0,1
cust-01076,Customer 01076,36,428.96,0,0,13.4,5,standard,6,13,5,9.3,56,36.6,2,1
cust-01077,Customer 01077,12,709.2,1,3,20.8,33,standard,5,24,0,30.7,26,5,0,0
cust-01078,Customer 01078,6,418.05,3,0,6.3,65,standard,35,8,0,1.7,19,64.3,1,1
cust-01079,Customer 01079,36,106.26,1,0,-22.6,47,basic,6,30,0,-24.0,44,48.0,1,1
cust-01080,Customer 01080,31,243.03,0,3,-4.7,52,basic,20,17,0,-10.6,46,59.0,2,0
cust-01081,Customer 01081,12,142.84,1,0,-7.4,70,basic,23,21,0,-1.2,33,5,2,0
cust-01082,Customer 01082,42,196.12,3,0,21.4,72,basic,30,28,0,20.3,7,61.8,1,0
cust-01083,Customer 01083,11,1007.81,0,1,12.2,64,premium,29,28,0,11.2,69,57.8,1,0
cust-01084,Customer 01084,33,139.22,0,1,15.2,43,basic,11,15,5,16.1,68,21.8,2,0
cust-01085,Customer 01085,15,845.84,0,0,-8.6,-18,premium,19,0,0,-9.5,90,100,0,0
cust-01086,Customer 01086,26,1275.66,0,0,36.8,43,premium,8,8,5,50,80,50.3,1,0
cust-01087,Customer 01087,41,1078.44,0,2,-17.9,81,premium,12,4,10,-6.8,71,51.7,0,0
cust-01088,Customer 01088,38,1488.69,3,2,-17.1,30,premium,8,7,0,-17.0,15,42.5,1,0
cust-01089,Customer 01089,16,693.65,2,0,-26.0,63,premium,25,16,5,-19.0,90,82.7,1,0
cust-01090,Customer 01090,37,201.75,1,0,2.0,75,basic,21,10,0,-12.5,36,79.3,0,0
cust-01091,Customer 01091,72,187.09,7,1,-46.7,17,basic,49,3,0,-54.5,13,46.4,0,1
cust-01092,Customer 01092,5,206.98,1,0,5.7,57,basic,23,31,0,18.8,10,66.5,0,0
cust-01093,Customer 01093,14,533.59,8,0,26.5,34,standard,2,32,0,23.9,18,46.7,2,0
cust-01094,Customer 01094,8,441.32,0,0,-25.2,50,standard,30,14,5,-36.6,43,65.0,0,0
cust-01095,Customer 01095,23,98.84,1,0,13.8,36,basic,23,26,0,-1.2,25,65.6,0,0
cust-01096,Customer 01096,17,219.71,1,0,21.8,86,basic,52,12,0,21.4,36,51.1,2,0
cust-01097,Customer 01097,18,362.79,1,0,40.8,56,standard,12,12,0,47.8,35,30.8,0,0
cust-01098,Customer 01098,8,1071.37,2,2,-24.8,-24,premium,5,10,10,-30.0,36,13.8,2,1
cust-01099,Customer 01099,12,362.45,0,0,-2.2,-3,standard,27,3,10,-12.8,40,26.9,0,1
cust-01100,Customer 01100,27,163.77,4,1,-37.0,73,basic,37,21,5,-51.2,38,43.2,0,0
cust-01101,Customer 01101,32,141.71,9,1,3.6,41,basic,54,0,0,-4.0,18,56.5,0,0
cust-01102,Customer 01102,11,267.11,1,1,-9.7,12,standard,27,9,0,-6.7,15,56.0,0,0
cust-01103,Customer 01103,4,418.0,1,0,14.3,34,standard,3,2,5,7.9,31,68.0,1,0
cust-01104,Customer 01104,22,282.33,3,0,3.2,24,basic,37,32,0,6.6,34,63.7,0,0
cust-01105,Customer 01105,38,239.73,1,0,-3.6,50,standard,36,9,10,4.3,30,59.0,1,0
cust-01106,Customer 01106,18,118.18,0,2,-34.2,71,basic,41,9,0,-40.7,89,34.1,0,0
cust-01107,Customer 01107,72,539.57,5,2,-34.6,53,standard,24,21,5,-20.1,31,55.8,0,0
cust-01108,Customer 01108,28,245.56,0,0,7.0,51,standard,11,16,10,14.2,76,72.6,1,0
cust-01109,Customer 01109,16,969.03,1,0,-38.6,77,premium,18,11,0,-39.5,31,56.0,0,0
cust-01110,Customer 01110,71,321.64,0,0,6.4,37,standard,8,26,15,3.9,77,53.5,1,0
cust-01111,Customer 01111,46,406.21,0,0,-3.3,68,standard,25,1,10,3.1,59,71.6,2,0
cust-01112,Customer 01112,15,585.8,3,0,-3.8,88,premium,21,6,5,6.1,8,45.7,0,0
cust-01113,Customer 01113,25,276.25,2,0,7.0,55,basic,53,28,5,8.8,75,96.7,1,0
cust-01114,Customer 01114,12,161.01,3,1,45,55,basic,8,15,5,49.8,11,71.5,1,0
cust-01115,Customer 01115,15,157.46,0,0,-5.4,75,basic,19,1,10,-1.4,90,33.9,0,0
cust-01116,Customer 01116,37,241.71,0,0,-17.7,75,basic,12,9,10,-22.6,89,34.4,2,0
cust-01117,Customer 01117,51,401.24,0,0,28.4,23,standard,66,16,10,28.8,63,46.5,2,0
cust-01118,Customer 01118,4,374.73,0,3,36.8,95,standard,3,12,0,48.1,61,52.3,2,0
cust-01119,Customer 01119,11,449.67,3,1,23.5,84,standard,18,4,0,11.4,21,71.9,2,0
cust-01120,Customer 01120,27,956.91,2,0,-7.3,59,premium,5,11,0,-5.3,55,100,0,1
cust-01121,Customer 01121,33,211.36,4,0,32.5,6,basic,10,23,5,20.0,10,77.2,0,0
cust-01122,Customer 01122,6,288.55,3,0,13.7,57,standard,6,15,10,-0.3,25,49.6,1,0
cust-01123,Customer 01123,19,318.22,0,0,-36.2,50,standard,28,8,0,-32.2,47,58.2,2,0
cust-01124,Customer 01124,38,129.71,0,0,-18.9,-8,basic,38,13,0,-13.9,43,54.8,1,0
cust-01125,Customer 01125,40,165.45,2,0,-4.3,14,basic,27,3,0,-10.1,27,31.3,0,0
cust-01126,Customer 01126,11,700.09,0,0,27.0,19,premium,7,10,5,33.9,86,76.3,1,0
cust-01127,Customer 01127,10,905.26,0,0,-25.8,88,premium,15,17,0,-23.6,52,43.4,0,0
cust-01128,Customer 01128,14,477.97,0,0,15.5,13,standard,11,17,0,-3.5,85,37.9,0,0
cust-01129,Customer 01129,55,1173.7,1,1,-2.0,38,premium,12,17,0,0.5,10,46.9,0,0
cust-01130,Customer 01130,30,321.94,2,0,-17.4,74,standard,8,10,15,-17.5,27,47.3,0,0
cust-01131,Customer 01131,33,89.84,2,0,-12.6,20,basic,9,18,10,-3.7,20,29.9,1,0
cust-01132,Customer 01132,29,983.32,1,0,6.6,23,premium,16,0,0,6.5,6,50.6,1,0
cust-01133,Customer 01133,6,183.16,3,1,-2.5,21,basic,20,0,0,7.9,6,60.8,1,0
cust-01134,Customer 01134,18,219.03,1,3,-31.6,59,standard,37,28,15,-38.8,62,72.7,0,0
cust-01135,Customer 01135,37,316.46,0,0,3.7,48,standard,4,0,15,-8.6,58,36.6,0,0
cust-01136,Customer 01136,28,151.98,3,1,-19.3,43,basic,15,12,0,-7.9,18,63.7,2,0
cust-01137,Customer 01137,30,1548.26,0,2,-8.5,85,premium,9,6,10,-10.4,71,89.8,1,0
cust-01138,Customer 01138,17,185.75,4,0,30.2,87,basic,5,10,5,45.3,32,46.3,1,0
cust-01139,Customer 01139,52,394.84,0,2,4.9,21,standard,8,30,0,11.0,59,73.6,2,1
cust-01140,Customer 01140,42,1100.87,0,0,-16.0,21,premium,41,8,0,-30.7,45,69.5,1,0
cust-01141,Customer 01141,23,570.0,1,1,4.3,27,standard,1,12,0,15.7,90,14.5,0,1
cust-01142,Customer 01142,15,258.41,1,1,-1.8,59,standard,14,7,0,-8.0,18,12.6,0,0
cust-01143,Customer 01143,15,163.81,0,0,-21.7,44,basic,74,13,0,-35.1,77,75.0,0,0
cust-01144,Customer 01144,17,285.24,1,0,3.8,21,standard,19,10,5,-3.6,10,38.2,0,0
cust-01145,Customer 01145,13,523.84,1,1,-8.9,45,standard,13,2,15,-5.6,32,27.0,1,0
cust-01146,Customer 01146,14,255.26,0,1,-12.4,71,standard,31,10,20,-19.3,57,79.3,3,0
cust-01147,Customer 01147,17,151.15,1,1,10.0,34,basic,9,3,0,18.9,15,62.8,2,0
cust-01148,Customer 01148,20,316.26,2,2,-10.5,50,standard,12,9,0,-9.5,3,66.5,0,0
cust-01149,Customer 01149,45,274.99,1,1,-27.3,31,standard,14,10,0,-22.2,9,79.1,1,0
cust-01150,Customer 01150,32,226.33,0,0,-31.8,61,basic,35,9,5,-29.1,33,59.5,1,0
cust-01151,Customer 01151,23,121.63,1,0,4.4,75,basic,13,20,5,-2.6,17,64.2,0,0
cust-01152,Customer 01152,3,447.04,7,0,-3.5,36,standard,22,11,0,-3.1,16,62.6,2,0
cust-01153,Customer 01153,22,276.37,1,0,3.1,52,standard,56,37,5,11.2,15,33.2,2,1
cust-01154,Customer 01154,27,294.86,2,1,1.7,87,standard,34,10,0,2.8,12,40.9,0,1
cust-01155,Customer 01155,28,135.99,3,2,3.3,32,basic,9,12,0,7.8,7,61.0,1,0
cust-01156,Customer 01156,11,355.43,0,1,-4.0,25,standard,33,27,0,-4.6,86,38.3,0,0
cust-01157,Customer 01157,14,410.13,6,2,31.3,11,premium,16,2,0,21.8,23,52.0,2,0
cust-01158,Customer 01158,41,542.03,2,1,6.5,36,premium,4,2,15,-3.8,17,58.6,1,0
cust-01159,Customer 01159,10,225.57,4,0,-31.1,39,basic,25,31,0,-27.5,75,79.0,0,0
cust-01160,Customer 01160,5,308.5,5,2,-28.7,41,standard,19,5,10,-12.1,54,85.1,2,0
cust-01161,Customer 01161,11,111.38,1,1,19.8,21,basic,35,0,15,33.1,18,40.7,1,1
cust-01162,Customer 01162,21,588.58,0,0,33.3,25,premium,11,9,0,31.9,29,83.5,0,0
cust-01163,Customer 01163,16,569.9,1,1,29.5,86,premium,13,3,10,39.6,15,57.7,0,0
cust-01164,Customer 01164,17,223.61,0,0,0.1,-2,basic,18,0,0,-1.3,86,77.0,2,0
cust-01165,Customer 01165,17,1521.84,0,2,-1.4,20,premium,7,3,5,-12.0,37,5,0,1
cust-01166,Customer 01166,6,107.43,0,0,18.8,70,basic,45,33,10,-0.2,55,77.7,0,0
cust-01167,Customer 01167,43,1231.51,0,0,-11.6,45,premium,8,18,0,1.1,81,81.7,0,0
cust-01168,Customer 01168,21,1205.28,0,0,6.3,12,premium,20,10,5,8.0,63,61.3,0,0
cust-01169,Customer 01169,6,151.98,2,1,-26.0,53,basic,25,12,0,-22.9,12,44.9,2,0
cust-01170,Customer 01170,52,1179.51,2,0,-28.1,8,premium,18,0,5,-32.4,79,58.2,3,0
cust-01171,Customer 01171,11,929.79,0,0,10.3,19,premium,21,15,0,10.0,31,46.0,2,0
cust-01172,Customer 01172,2,161.5,0,1,-9.3,83,basic,8,23,15,-0.5,26,24.0,2,0
cust-01173,Customer 01173,29,337.23,0,0,19.4,51,standard,14,5,0,33.6,64,37.3,3,0
cust-01174,Customer 01174,33,400.34,0,0,-31.1,11,standard,24,21,0,-29.5,59,49.3,1,1
cust-01175,Customer 01175,64,1375.34,1,0,0.2,48,premium,33,10,0,7.5,41,58.0,0,0
cust-01176,Customer 01176,20,496.06,4,4,28.6,30,standard,17,0,5,28.1,20,47.8,1,0
cust-01177,Customer 01177,10,81.15,3,0,-1.7,81,basic,15,14,0,-1.2,70,100,1,0
cust-01178,Customer 01178,29,475.71,1,2,10.6,13,standard,11,6,5,-2.0,25,61.3,0,0
cust-01179,Customer 01179,16,93.38,1,0,-69.8,52,basic,17,24,5,-75,46,44.8,2,0
cust-01180,Customer 01180,27,188.01,0,3,-21.7,38,basic,9,16,20,-17.0,62,91.6,0,0
cust-01181,Customer 01181,14,84.92,4,0,17.2,38,basic,19,19,5,11.9,18,67.3,0,1
cust-01182,Customer 01182,5,513.3,6,0,-14.5,68,standard,12,14,0,-21.4,40,77.2,0,0
cust-01183,Customer 01183,20,329.3,0,1,-5.8,88,standard,31,8,0,7.6,74,69.9,2,0
cust-01184,Customer 01184,14,503.33,1,0,9.1,53,standard,25,4,10,23.1,11,74.9,3,0
cust-01185,Customer 01185,27,475.02,4,0,-43.7,40,standard,52,0,15,-28.0,13,72.2,2,1
cust-01186,Customer 01186,17,518.94,3,1,8.6,69,standard,23,13,15,15.0,51,58.0,1,0
cust-01187,Customer 01187,5,369.11,0,0,-46.5,48,standard,17,0,0,-56.3,85,51.8,0,0
cust-01188,Customer 01188,23,1095.8,2,1,24.4,2,premium,59,0,10,33.0,19,63.9,1,0
cust-01189,Customer 01189,25,193.96,1,2,-49.3,71,basic,8,9,15,-46.2,18,11.4,0,1
cust-01190,Customer 01190,43,415.5,0,1,9.9,42,standard,5,6,0,17.2,88,86.9,2,0
cust-01191,Customer 01191,19,253.84,2,0,5.7,39,basic,4,0,5,8.6,54,87.6,2,0
cust-01192,Customer 01192,47,99.73,0,0,-47.7,16,basic,77,1,5,-61.9,88,78.4,0,0
cust-01193,Customer 01193,40,426.75,1,0,-21.9,10,standard,3,38,0,-17.6,21,74.3,0,0
cust-01194,Customer 01194,20,1267.41,1,0,4.6,65,premium,39,14,5,0.4,28,74.5,3,0
cust-01195,Customer 01195,57,449.43,1,0,-41.6,11,standard,26,16,15,-50.2,35,50.5,2,0
cust-01196,Customer 01196,43,111.9,2,0,1.9,48,basic,18,20,15,7.3,50,38.4,0,0
cust-01197,Customer 01197,13,187.43,1,0,5.4,71,basic,65,26,5,-4.4,43,40.0,0,1
cust-01198,Customer 01198,14,405.45,1,0,-20.8,56,standard,25,17,5,-20.8,50,49.1,0,0
cust-01199,Customer 01199,16,127.38,0,0,22.2,2,basic,9,0,0,2.5,44,21.1,0,1
cust-01200,Customer 01200,22,398.87,1,1,-2.1,37,standard,55,10,0,12.9,36,65.5,2,0
cust-01201,Customer 01201,36,174.58,0,0,0.6,41,basic,15,11,0,-7.2,33,80.1,2,0
cust-01202,Customer 01202,10,997.75,0,0,2.7,72,premium,23,8,0,-8.2,68,86.6,1,0
cust-01203,Customer 01203,12,246.49,0,0,17.2,73,basic,23,5,0,38.7,30,78.6,1,0
cust-01204,Customer 01204,17,132.01,1,0,-38.3,61,basic,18,24,0,-43.3,39,62.5,1,0
cust-01205,Customer 01205,26,511.49,1,0,30.5,29,standard,13,1,0,31.5,4,33.4,1,0
cust-01206,Customer 01206,31,338.09,2,1,-21.2,70,standard,4,11,0,-22.9,24,32.5,0,0
cust-01207,Customer 01207,23,216.42,1,0,-11.2,39,standard,11,15,10,-4.1,4,5,0,0
cust-01208,Customer 01208,16,478.83,2,0,-7.8,51,standard,32,21,5,-11.6,38,15.4,0,0
cust-01209,Customer 01209,46,407.23,4,0,35.9,56,standard,12,18,0,41.6,21,43.0,2,0
cust-01210,Customer 01210,16,175.27,1,0,11.9,24,basic,8,7,10,-1.4,46,52.6,1,0
cust-01211,Customer 01211,10,612.93,0,0,-50.1,33,premium,68,0,15,-75.0,75,62.1,1,1
cust-01212,Customer 01212,19,904.65,9,1,-0.1,68,premium,13,11,5,-0.4,16,47.7,1,0
cust-01213,Customer 01213,7,185.75,0,0,19.2,65,basic,14,9,5,3.6,82,41.4,0,0
cust-01214,Customer 01214,14,919.74,2,0,3.2,42,premium,21,0,20,6.3,19,32.9,1,0
cust-01215,Customer 01215,27,137.26,3,2,11.2,34,basic,9,4,5,25.0,14,100,0,0
cust-01216,Customer 01216,12,1127.31,0,0,-9.8,49,premium,25,1,0,-20.7,38,77.0,3,0
cust-01217,Customer 01217,11,406.41,0,1,-8.4,10,standard,2,15,0,-14.9,34,12.6,0,0
cust-01218,Customer 01218,33,416.76,1,0,-30.8,47,standard,21,18,5,-32.7,8,87.7,2,0
cust-01219,Customer 01219,72,182.99,6,0,12.4,20,basic,11,3,5,6.0,26,49.3,1,0
cust-01220,Customer 01220,42,218.57,3,0,37.2,60,basic,22,13,0,41.2,8,88.7,2,0
cust-01221,Customer 01221,59,130.37,0,2,37.2,19,basic,27,16,0,23.2,36,58.9,3,0
cust-01222,Customer 01222,40,228.81,3,1,33.7,41,basic,14,17,5,41.1,22,81.1,0,0
cust-01223,Customer 01223,10,241.94,0,2,10.5,33,basic,20,12,10,9.7,52,91.3,0,0
cust-01224,Customer 01224,19,222.65,0,0,-16.3,53,basic,21,14,5,-25.7,40,59.9,0,0
cust-01225,Customer 01225,23,175.72,5,0,2.8,59,basic,10,12,15,2.8,47,72.1,3,0
cust-01226,Customer 01226,19,168.7,1,0,-3.2,75,basic,34,9,0,-0.6,90,85.6,0,0
cust-01227,Customer 01227,15,380.33,8,1,-14.6,61,standard,18,7,0,-19.0,14,100,0,0
cust-01228,Customer 01228,26,219.59,2,0,-47.8,69,basic,32,0,10,-35.8,19,88.5,0,0
cust-01229,Customer 01229,38,837.8,8,1,-13.1,55,premium,1,15,0,-3.3,29,73.0,0,0
cust-01230,Customer 01230,16,123.7,0,0,6.5,41,basic,25,20,0,7.5,25,47.4,0,1
cust-01231,Customer 01231,72,523.78,3,1,-1.8,61,standard,10,16,15,-1.7,11,96.2,2,0
cust-01232,Customer 01232,29,136.14,3,0,-7.9,12,basic,6,13,0,-3.7,5,43.4,0,0
cust-01233,Customer 01233,11,82.35,1,1,22.9,33,basic,8,0,0,17.2,28,41.8,0,0
cust-01234,Customer 01234,40,167.22,4,1,1.5,14,basic,14,34,0,-12.0,86,37.0,1,1
cust-01235,Customer 01235,44,191.55,2,0,-18.7,54,basic,14,10,0,-21.7,16,60.9,0,0
cust-01236,Customer 01236,24,194.17,0,1,29.1,74,basic,32,9,0,14.4,57,49.3,1,0
cust-01237,Customer 01237,36,145.61,1,1,-30.0,32,basic,43,5,0,-30.5,15,62.7,0,0
cust-01238,Customer 01238,45,190.8,4,0,-7.9,28,basic,28,20,0,4.5,33,89.2,0,0
cust-01239,Customer 01239,5,206.27,1,0,37.0,60,basic,8,13,0,36.0,40,55.2,0,0
cust-01240,Customer 01240,61,813.4,1,0,-0.3,61,premium,13,18,0,10.4,5,72.5,0,0
cust-01241,Customer 01241,38,263.77,0,1,2.0,39,basic,24,21,0,16.5,79,48.1,1,0
cust-01242,Customer 01242,28,626.61,1,0,-7.8,58,standard,14,9,0,0.4,16,64.6,2,0
cust-01243,Customer 01243,52,368.54,1,3,-31.5,18,standard,24,16,0,-23.7,9,32.3,3,1
cust-01244,Customer 01244,25,452.43,0,0,-30.6,26,standard,40,14,0,-29.3,74,82.9,0,0
cust-01245,Customer 01245,7,629.73,1,3,-43.7,54,premium,21,12,0,-49.0,6,52.4,2,1
cust-01246,Customer 01246,35,265.1,2,0,19.7,21,standard,22,2,0,28.8,13,41.8,3,0
cust-01247,Customer 01247,26,196.74,0,2,0.1,56,basic,19,17,15,13.2,73,56.8,0,0
cust-01248,Customer 01248,29,179.3,0,0,-11.5,8,basic,8,24,10,-19.0,87,94.5,0,0
cust-01249,Customer 01249,7,1969.18,3,0,-0.2,62,premium,9,7,10,-10.5,90,78.5,2,0
cust-01250,Customer 01250,4,487.46,0,0,32.7,62,standard,16,0,0,30.1,25,67.7,0,0
cust-01251,Customer 01251,30,130.48,3,0,27.4,45,basic,26,7,10,20.8,35,63.2,0,0
cust-01252,Customer 01252,70,571.64,1,0,0.7,79,standard,8,3,10,1.5,90,94.0,0,0
cust-01253,Customer 01253,4,332.44,0,0,28.1,69,standard,6,24,10,31.6,33,92.6,1,1
cust-01254,Customer 01254,24,1451.05,0,0,-6.1,67,premium,8,0,0,-7.5,77,36.3,2,0
cust-01255,Customer 01255,36,451.64,2,1,-7.8,59,standard,13,13,0,-4.2,16,58.9,0,0
cust-01256,Customer 01256,18,182.28,1,0,11.0,39,basic,34,15,0,19.5,36,86.7,0,0
cust-01257,Customer 01257,32,435.86,2,1,-15.1,93,standard,21,26,0,-13.3,90,40.4,0,0
cust-01258,Customer 01258,39,450.89,1,1,21.2,14,standard,38,18,5,6.3,28,97.2,2,0
cust-01259,Customer 01259,12,347.73,0,1,-22.8,82,standard,9,25,10,-6.1,72,49.5,1,1
cust-01260,Customer 01260,27,195.47,0,1,-17.3,53,basic,7,0,5,-25.7,89,59.1,1,0
cust-01261,Customer 01261,38,253.15,0,2,-13.8,53,basic,12,0,0,-13.8,77,73.8,0,0
cust-01262,Customer 01262,22,274.07,6,0,22.4,82,standard,24,14,0,18.6,25,42.4,1,0
cust-01263,Customer 01263,48,234.63,1,0,-40.9,57,standard,13,0,0,-37.6,69,83.8,0,0
cust-01264,Customer 01264,13,212.28,0,1,-7.5,46,basic,25,12,0,-14.5,51,42.3,1,0
cust-01265,Customer 01265,3,1236.61,0,0,-11.2,25,premium,22,23,20,-7.6,36,35.7,0,0
cust-01266,Customer 01266,10,117.23,1,0,9.5,18,basic,5,0,0,11.0,25,81.2,3,0
cust-01267,Customer 01267,41,302.95,1,0,43.6,55,standard,10,0,15,42.5,13,58.3,2,0
cust-01268,Customer 01268,3,822.25,0,2,-8.6,62,premium,26,25,5,-13.4,46,53.9,1,1
cust-01269,Customer 01269,50,1326.29,2,0,-4.1,17,premium,25,11,0,5.2,11,38.1,0,0
cust-01270,Customer 01270,28,230.12,0,0,-10.2,73,standard,25,6,15,-3.0,46,55.0,0,0
cust-01271,Customer 01271,42,841.94,1,1,3.2,79,premium,24,12,0,2.0,29,71.1,1,0
cust-01272,Customer 01272,12,414.5,0,0,3.0,40,standard,14,15,10,-3.9,45,93.6,2,0
cust-01273,Customer 01273,26,89.17,0,0,-5.2,20,basic,9,18,5,-2.8,57,96.6,0,0
cust-01274,Customer 01274,14,700.63,2,0,39.7,54,premium,8,5,0,42.3,13,65.0,2,0
cust-01275,Customer 01275,32,478.18,3,1,28.3,68,standard,8,5,5,31.5,20,93.8,0,0
cust-01276,Customer 01276,26,329.83,1,0,-1.9,8,standard,8,19,0,10.1,18,87.7,1,1
cust-01277,Customer 01277,36,239.32,0,1,8.1,-6,basic,13,21,0,8.7,53,25.8,1,0
cust-01278,Customer 01278,21,316.27,2,0,-29.8,89,standard,15,14,0,-4.3,12,78.8,2,0
cust-01279,Customer 01279,19,301.73,2,0,-4.2,19,standard,13,11,5,10.2,17,27.1,1,0
cust-01280,Customer 01280,6,232.99,1,0,8.1,69,basic,7,28,5,10.0,16,48.1,0,0
cust-01281,Customer 01281,6,139.39,0,0,26.3,61,basic,15,15,0,19.9,63,82.2,0,0
cust-01282,Customer 01282,34,99.55,3,0,19.2,62,basic,3,23,5,11.2,24,88.9,0,0
cust-01283,Customer 01283,36,1348.15,0,1,3.1,22,premium,15,8,10,7.4,34,76.5,0,0
cust-01284,Customer 01284,8,939.99,1,0,-10.0,44,premium,64,8,15,-19.0,4,71.7,0,1
cust-01285,Customer 01285,26,399.59,5,0,26.5,28,standard,24,3,5,28.2,9,78.6,0,1
cust-01286,Customer 01286,46,475.17,0,1,-18.0,72,standard,13,5,0,-12.4,30,12.9,2,0
cust-01287,Customer 01287,21,562.56,0,0,-16.4,51,standard,18,11,5,-13.9,38,24.8,1,0
cust-01288,Customer 01288,9,79.58,4,0,27.2,73,basic,23,25,5,22.0,27,7.8,0,0
cust-01289,Customer 01289,52,893.89,10,1,-8.9,57,premium,14,0,0,-16.4,3,50.1,2,0
cust-01290,Customer 01290,72,929.89,0,0,9.2,76,premium,12,25,0,14.5,85,82.9,2,0
cust-01291,Customer 01291,23,123.28,0,0,-15.9,42,basic,34,20,0,-14.9,60,19.6,2,0
cust-01292,Customer 01292,42,118.09,1,0,28.1,72,basic,30,25,5,18.9,34,40.4,0,0
cust-01293,Customer 01293,7,146.95,0,1,17.2,73,basic,31,11,0,8.7,63,30.4,1,0
cust-01294,Customer 01294,43,490.15,2,0,-19.4,35,standard,24,16,0,0.3,30,42.2,0,0
cust-01295,Customer 01295,39,134.46,0,0,-54.0,80,basic,41,4,0,-57.7,54,40.5,0,0
cust-01296,Customer 01296,25,146.57,2,0,-25.5,63,basic,12,11,5,-23.2,17,78.5,2,0
cust-01297,Customer 01297,3,482.3,3,0,-12.7,12,standard,12,12,0,-14.4,8,90.5,0,0
cust-01298,Customer 01298,38,142.5,2,1,-20.8,45,basic,40,14,5,-27.8,8,18.2,0,0
cust-01299,Customer 01299,48,132.95,4,1,2.3,87,basic,15,26,5,13.4,20,48.1,0,0
cust-01300,Customer 01300,49,114.72,0,0,9.9,52,basic,7,12,15,15.1,28,30.1,0,0
cust-01301,Customer 01301,7,1344.65,0,0,-15.5,39,premium,9,0,0,-22.2,64,100,2,0
cust-01302,Customer 01302,18,185.43,4,2,15.0,72,basic,53,25,10,18.3,20,66.0,2,1
cust-01303,Customer 01303,29,147.76,3,1,29.3,28,basic,25,21,0,28.1,13,84.7,0,0
cust-01304,Customer 01304,34,175.25,0,0,-15.0,24,basic,8,13,0,-25.2,38,47.7,1,0
cust-01305,Customer 01305,59,482.78,2,0,-34.0,33,standard,33,8,0,-46.7,38,82.0,1,0
cust-01306,Customer 01306,37,323.26,1,0,-22.1,20,standard,9,7,0,-20.1,30,70.5,1,0
cust-01307,Customer 01307,11,491.56,2,0,-18.6,50,premium,3,6,10,-22.1,3,43.8,0,0
cust-01308,Customer 01308,33,485.28,0,0,-4.8,70,standard,20,0,5,-7.1,74,69.5,2,0
cust-01309,Customer 01309,49,236.19,2,0,-25.1,23,basic,17,3,10,-26.9,7,90.5,0,0
cust-01310,Customer 01310,15,108.81,3,0,-35.2,44,basic,6,12,0,-41.8,4,47.5,1,0
cust-01311,Customer 01311,72,819.37,4,0,-3.8,38,premium,73,8,5,-4.1,11,47.2,1,0
cust-01312,Customer 01312,44,184.86,3,0,-21.5,25,basic,40,15,0,-12.4,14,72.0,0,0
cust-01313,Customer 01313,38,1125.51,3,0,-33.3,47,premium,7,1,15,-44.6,11,62.9,0,0
cust-01314,Customer 01314,7,606.9,3,0,-4.4,24,standard,14,22,0,-4.1,16,52.7,1,0
cust-01315,Customer 01315,17,1445.29,2,3,10.3,7,premium,15,2,0,12.1,34,74.2,0,0
cust-01316,Customer 01316,22,458.22,0,0,1.4,91,standard,12,4,10,-1.6,89,55.3,2,0
cust-01317,Customer 01317,21,314.02,2,1,-8.0,42,standard,36,2,0,-18.1,55,49.4,0,0
cust-01318,Customer 01318,22,130.66,1,0,-9.3,47,basic,10,23,0,-5.6,8,27.2,0,0
cust-01319,Customer 01319,50,106.02,4,0,-22.8,74,basic,25,5,10,-24.4,25,23.4,3,1
cust-01320,Customer 01320,33,228.33,4,0,-10.1,71,basic,17,19,10,-16.8,23,42.6,0,0
cust-01321,Customer 01321,33,435.77,0,2,0.7,23,standard,44,12,15,-1.5,28,82.6,0,0
cust-01322,Customer 01322,50,191.14,2,2,16.7,62,basic,4,10,10,21.8,3,26.6,1,0
cust-01323,Customer 01323,41,330.89,3,1,7.5,69,standard,17,11,0,10.4,29,55.8,0,0
cust-01324,Customer 01324,29,1336.81,0,2,-24.2,55,premium,6,0,5,-20.3,87,55.4,0,0
cust-01325,Customer 01325,15,193.73,1,0,0.4,34,basic,19,24,0,-6.3,16,68.9,1,0
cust-01326,Customer 01326,15,624.3,2,1,-19.1,49,premium,14,29,5,-23.4,56,67.9,0,0
cust-01327,Customer 01327,4,110.9,0,1,22.4,58,basic,12,0,10,26.9,68,59.6,1,0
cust-01328,Customer 01328,2,259.01,4,0,-3.3,-10,basic,12,26,5,1.5,17,91.8,1,1
cust-01329,Customer 01329,37,438.61,0,1,17.2,47,standard,39,9,0,3.8,82,69.8,0,0
cust-01330,Customer 01330,5,936.16,0,2,12.9,65,premium,11,7,10,-6.7,60,78.2,1,0
cust-01331,Customer 01331,40,311.74,2,1,-41.3,38,standard,31,15,0,-34.0,31,73.7,0,0
cust-01332,Customer 01332,72,150.42,6,2,-35.8,36,basic,14,0,0,-24.1,60,38.8,0,0
cust-01333,Customer 01333,60,228.1,1,0,-0.3,77,standard,16,14,5,10.3,21,51.3,2,0
cust-01334,Customer 01334,22,995.9,2,0,-7.1,19,premium,15,11,10,-5.7,3,72.8,0,0
cust-01335,Customer 01335,66,1604.52,0,0,31.5,30,premium,7,0,0,30.8,51,55.0,0,0
cust-01336,Customer 01336,26,359.59,0,0,13.4,90,standard,31,21,0,25.4,44,92.6,1,0
cust-01337,Customer 01337,34,251.25,3,0,-1.7,41,basic,19,0,0,5.7,4,35.2,0,0
cust-01338,Customer 01338,39,549.21,0,0,44.2,43,standard,18,7,10,50,84,23.0,0,0
cust-01339,Customer 01339,7,1091.8,9,3,16.7,37,premium,22,24,0,27.5,30,85.6,0,0
cust-01340,Customer 01340,20,142.32,2,0,-20.3,80,basic,46,13,0,-23.9,4,23.6,1,0
cust-01341,Customer 01341,32,162.1,1,0,9.9,41,basic,17,15,0,2.9,17,44.1,1,0
cust-01342,Customer 01342,29,956.33,0,0,-4.6,90,premium,3,8,0,-10.3,63,19.7,0,0
cust-01343,Customer 01343,42,159.3,3,0,7.3,42,basic,31,0,0,9.3,25,10.2,0,0
cust-01344,Customer 01344,17,171.05,0,0,13.4,95,basic,13,31,0,28.4,45,35.9,1,0
cust-01345,Customer 01345,40,349.51,0,1,32.1,63,standard,3,0,10,39.8,65,79.2,0,0
cust-01346,Customer 01346,15,279.38,1,0,-25.3,72,standard,13,14,0,-17.1,23,33.6,0,0
cust-01347,Customer 01347,14,924.76,0,3,29.4,19,premium,6,13,0,26.5,55,41.1,0,1
cust-01348,Customer 01348,20,555.89,4,0,-3.8,52,standard,21,25,0,-17.3,35,36.5,0,0
cust-01349,Customer 01349,59,441.13,0,0,-28.8,43,standard,26,15,15,-32.6,73,23.5,0,0
cust-01350,Customer 01350,19,997.64,7,0,9.7,70,premium,33,7,5,6.4,34,39.8,3,0
cust-01351,Customer 01351,42,183.39,0,0,-34.4,56,basic,20,26,0,-28.1,55,71.8,0,0
cust-01352,Customer 01352,37,511.96,1,0,-21.8,40,standard,22,0,0,-19.8,77,100,2,0
cust-01353,Customer 01353,68,571.53,0,2,-38.6,53,standard,19,16,5,-37.3,40,76.3,0,0
cust-01354,Customer 01354,36,480.5,1,4,-15.0,63,standard,40,7,5,-14.4,38,45.0,0,0
cust-01355,Customer 01355,26,180.83,0,0,-20.9,58,basic,38,0,5,-27.0,35,58.5,0,0
cust-01356,Customer 01356,53,389.63,2,1,35.5,23,standard,36,5,5,37.5,69,46.1,0,0
cust-01357,Customer 01357,23,966.07,4,2,-2.2,84,premium,17,6,0,-1.3,53,54.0,1,0
cust-01358,Customer 01358,4,88.77,2,1,-5.5,51,basic,11,23,5,-1.7,18,60.8,0,0
cust-01359,Customer 01359,9,212.7,9,0,-6.8,58,basic,18,0,10,-8.5,18,14.3,3,1
cust-01360,Customer 01360,9,1384.32,0,1,22.3,45,premium,6,0,0,17.5,54,30.7,0,0
cust-01361,Customer 01361,45,387.48,1,2,15.9,49,standard,22,0,15,8.3,21,62.3,0,0
cust-01362,Customer 01362,35,355.0,1,2,-18.3,52,standard,9,12,0,-23.6,12,93.7,0,0
cust-01363,Customer 01363,45,123.88,0,0,-18.6,63,basic,8,2,0,-24.2,63,54.2,1,0
cust-01364,Customer 01364,6,239.89,4,0,18.6,11,basic,26,16,10,22.3,21,58.6,0,0
cust-01365,Customer 01365,28,1015.19,1,1,29.1,32,premium,21,21,5,36.0,10,44.3,0,0
cust-01366,Customer 01366,71,188.73,3,0,15.0,40,basic,8,10,10,14.1,33,73.9,2,0
cust-01367,Customer 01367,7,938.72,1,1,-21.2,36,premium,4,20,0,-11.3,6,72.7,0,1
cust-01368,Customer 01368,25,128.54,0,0,6.1,23,basic,8,13,5,14.8,86,57.2,2,0
cust-01369,Customer 01369,2,1047.5,0,0,-13.4,23,premium,4,0,10,-10.8,76,39.0,0,0
cust-01370,Customer 01370,18,337.89,0,1,23.7,59,standard,17,8,10,20.9,82,53.9,2,0
cust-01371,Customer 01371,72,499.17,2,2,2.5,44,standard,10,0,0,1.4,51,59.0,2,0
cust-01372,Customer 01372,21,793.95,10,1,-2.0,37,premium,27,10,0,9.2,12,23.8,1,1
cust-01373,Customer 01373,6,132.74,2,2,-27.3,43,basic,20,8,0,-12.2,74,48.0,2,0
cust-01374,Customer 01374,11,1246.55,5,0,1.2,55,premium,14,2,0,2.8,57,74.3,2,1
cust-01375,Customer 01375,16,176.4,3,0,16.1,52,basic,15,45,0,15.5,31,37.4,0,0
cust-01376,Customer 01376,18,148.7,1,0,-4.8,33,basic,12,29,0,2.4,50,20.5,0,0
cust-01377,Customer 01377,20,893.99,0,0,-10.3,73,premium,15,21,0,-8.7,71,53.0,2,0
cust-01378,Customer 01378,20,183.68,1,0,29.5,66,basic,25,26,0,28.1,0,57.8,0,0
cust-01379,Customer 01379,7,330.86,1,0,35.9,42,standard,29,12,0,50,13,55.9,0,0
cust-01380,Customer 01380,12,364.71,1,2,-17.7,48,standard,14,20,5,-23.4,7,64.1,0,0
cust-01381,Customer 01381,38,190.98,0,0,6.0,0,basic,31,3,0,1.3,40,64.4,0,0
cust-01382,Customer 01382,5,158.16,0,0,-12.4,28,basic,5,21,10,-5.4,89,41.1,0,0
cust-01383,Customer 01383,14,432.73,2,0,23.3,64,standard,4,0,0,13.5,5,67.8,1,0
cust-01384,Customer 01384,2,477.99,1,2,-10.3,70,standard,33,11,0,-12.9,25,72.3,0,1
cust-01385,Customer 01385,15,110.67,0,0,8.0,72,basic,11,8,0,7.4,41,12.8,0,0
cust-01386,Customer 01386,25,381.69,1,1,-51.9,26,standard,13,18,0,-62.6,21,31.4,1,1
cust-01387,Customer 01387,23,104.06,0,0,40.7,64,basic,18,0,0,49.6,65,73.1,0,0
cust-01388,Customer 01388,58,1218.4,0,0,-26.4,49,premium,29,0,15,-19.1,64,53.6,0,0
cust-01389,Customer 01389,22,893.33,0,2,5.4,22,premium,18,6,20,-4.4,76,56.9,0,0
cust-01390,Customer 01390,1,230.09,7,0,4.1,5,basic,22,17,0,13.6,34,11.1,2,1
cust-01391,Customer 01391,21,158.81,0,2,-35.0,50,basic,33,4,5,-39.0,59,70.1,0,1
cust-01392,Customer 01392,33,420.95,2,1,20.8,69,standard,8,34,10,22.7,3,69.8,1,0
cust-01393,Customer 01393,21,375.01,5,0,0.0,56,standard,18,6,0,-4.1,27,66.6,0,0
cust-01394,Customer 01394,21,701.95,0,0,2.6,65,premium,16,9,0,9.6,63,99.4,0,0
cust-01395,Customer 01395,22,174.01,0,1,20.3,39,basic,12,15,0,14.0,76,40.6,0,0
cust-01396,Customer 01396,3,322.3,9,0,-15.1,42,standard,22,0,0,-9.5,10,40.1,1,0
cust-01397,Customer 01397,5,950.94,3,0,-18.6,86,premium,8,28,5,-10.2,29,9.6,1,1
cust-01398,Customer 01398,17,362.03,1,2,-51.7,63,standard,14,0,15,-55.6,15,60.4,2,0
cust-01399,Customer 01399,4,183.04,2,1,7.1,20,standard,6,0,0,15.4,37,78.3,1,0
cust-01400,Customer 01400,20,880.21,3,1,-25.0,3,premium,12,8,0,-25.2,43,55.5,2,1
cust-01401,Customer 01401,26,199.64,0,0,11.9,4,basic,10,19,0,10.9,81,92.5,2,0
cust-01402,Customer 01402,13,261.61,5,0,5.4,-10,standard,9,0,0,3.1,6,54.8,2,1
cust-01403,Customer 01403,38,165.83,1,0,-42.4,24,basic,45,7,10,-39.1,47,50.3,2,1
cust-01404,Customer 01404,19,160.1,0,2,6.3,27,basic,16,11,10,-7.7,42,71.6,0,0
cust-01405,Customer 01405,36,395.61,0,0,-26.4,53,standard,15,7,10,-27.7,46,46.8,1,0
cust-01406,Customer 01406,15,154.05,0,0,-25.8,28,basic,34,0,15,-19.1,60,11.7,1,1
cust-01407,Customer 01407,12,404.15,4,2,-50.4,52,standard,29,4,0,-59.5,16,90.0,2,1
cust-01408,Customer 01408,26,1354.81,3,0,-28.2,59,premium,13,0,0,-13.9,0,65.9,1,0
cust-01409,Customer 01409,3,411.1,2,0,-24.2,84,standard,52,7,0,-35.0,40,5,0,0
cust-01410,Customer 01410,33,293.3,1,0,-17.3,19,standard,21,0,5,-11.2,48,66.3,0,0
cust-01411,Customer 01411,51,309.91,1,0,17.3,41,basic,13,7,0,7.9,59,59.3,3,0
cust-01412,Customer 01412,10,182.05,0,2,19.5,59,basic,42,20,5,20.1,79,30.0,0,1
cust-01413,Customer 01413,29,97.9,0,0,8.2,41,basic,6,30,0,11.0,71,42.1,0,0
cust-01414,Customer 01414,5,1445.84,2,0,-9.7,63,premium,22,9,0,-10.9,20,63.6,0,1
cust-01415,Customer 01415,53,330.61,1,1,-20.8,15,standard,54,8,0,-19.8,51,78.7,0,0
cust-01416,Customer 01416,20,163.23,1,1,-3.0,49,basic,86,16,0,-4.3,9,78.5,2,0
cust-01417,Customer 01417,23,149.42,3,0,35.1,81,basic,29,9,5,37.4,27,22.5,0,0
cust-01418,Customer 01418,7,576.95,5,1,17.6,83,standard,23,9,0,20.6,49,40.8,1,0
cust-01419,Customer 01419,10,567.88,2,2,-13.4,59,standard,4,24,10,-1.9,11,26.2,0,1
cust-01420,Customer 01420,29,793.18,1,4,24.6,30,premium,12,15,5,18.6,27,73.0,1,1
cust-01421,Customer 01421,36,131.29,0,1,5.9,30,basic,19,27,10,14.1,48,62.7,1,1
cust-01422,Customer 01422,29,193.8,1,1,4.2,45,basic,28,23,5,3.5,20,79.8,1,0
cust-01423,Customer 01423,28,555.21,0,1,2.8,66,standard,42,12,0,3.8,52,90.5,0,0
cust-01424,Customer 01424,8,1270.68,4,0,-13.2,67,premium,32,3,5,-19.5,18,6.8,0,1
cust-01425,Customer 01425,35,306.66,0,2,0.9,55,standard,11,14,0,4.2,38,46.1,0,0
cust-01426,Customer 01426,2,278.31,3,1,2.7,28,standard,4,15,5,1.4,65,32.1,0,0
cust-01427,Customer 01427,56,135.41,3,0,-18.5,29,basic,13,0,15,-2.1,25,54.7,2,1
cust-01428,Customer 01428,33,706.92,1,0,-15.1,23,premium,30,14,5,-31.5,4,46.6,0,0
cust-01429,Customer 01429,1,235.03,6,2,4.8,6,standard,14,11,0,14.2,2,73.4,1,0
cust-01430,Customer 01430,18,1077.47,4,2,-7.8,62,premium,26,25,15,-24.4,49,55.1,0,1
cust-01431,Customer 01431,25,278.49,2,0,43.7,36,standard,8,9,0,50,31,60.0,1,0
cust-01432,Customer 01432,53,1184.36,2,1,-36.7,43,premium,49,0,0,-25.9,37,42.2,0,0
cust-01433,Customer 01433,15,506.61,1,0,-4.7,39,standard,4,8,0,-3.0,10,38.0,0,0
cust-01434,Customer 01434,22,165.09,0,1,-4.5,52,basic,38,15,5,5.9,74,88.1,3,0
cust-01435,Customer 01435,52,197.36,0,1,0.9,10,basic,5,7,10,-2.3,38,36.0,0,0
cust-01436,Customer 01436,8,63.92,1,2,-3.2,51,basic,22,18,5,-6.9,90,13.1,2,0
cust-01437,Customer 01437,18,245.03,1,0,1.9,12,basic,0,16,15,13.0,18,98.7,2,0
cust-01438,Customer 01438,54,181.64,0,1,11.7,8,basic,13,15,10,3.4,27,62.5,2,0
cust-01439,Customer 01439,14,1166.0,1,2,10.3,20,premium,49,0,0,25.0,25,73.1,0,0
cust-01440,Customer 01440,58,208.33,0,0,18.2,58,basic,40,18,5,16.4,57,55.3,1,0
cust-01441,Customer 01441,20,111.8,0,1,7.6,42,basic,29,10,10,4.8,70,45.8,0,0
cust-01442,Customer 01442,22,790.76,0,3,-2.9,60,premium,3,4,0,-12.1,51,38.3,1,0
cust-01443,Customer 01443,33,476.45,2,0,-8.3,32,standard,11,11,0,5.0,74,73.5,0,0
cust-01444,Customer 01444,16,382.13,0,3,-21.8,36,standard,8,22,15,-23.0,38,67.3,2,1
cust-01445,Customer 01445,10,153.12,2,1,27.4,43,basic,16,10,0,31.3,31,51.1,2,0
cust-01446,Customer 01446,16,164.84,1,1,27.6,68,basic,17,14,15,41.9,26,54.3,0,0
cust-01447,Customer 01447,49,207.87,6,1,11.1,73,basic,6,13,15,17.3,43,71.0,1,0
cust-01448,Customer 01448,5,540.14,3,0,-18.7,66,standard,17,13,15,-19.7,36,60.1,1,0
cust-01449,Customer 01449,16,111.47,1,3,21.3,95,basic,12,33,0,24.1,35,92.4,3,0
cust-01450,Customer 01450,29,211.87,12,0,14.7,51,standard,27,3,0,26.5,14,79.8,0,0
cust-01451,Customer 01451,53,219.2,0,0,-16.7,35,basic,18,13,0,-23.2,75,76.2,2,0
cust-01452,Customer 01452,7,131.75,1,0,-21.1,32,basic,1,6,0,-10.7,17,83.7,1,0
cust-01453,Customer 01453,10,479.67,0,0,-37.9,8,standard,18,10,0,-31.9,42,56.8,2,1
cust-01454,Customer 01454,8,418.59,1,1,-18.0,29,standard,18,3,0,-26.9,27,39.7,1,0
cust-01455,Customer 01455,43,345.41,1,4,-5.7,31,standard,8,29,0,-8.8,18,66.4,1,1
cust-01456,Customer 01456,16,485.56,0,1,10.3,25,standard,27,4,0,15.6,38,30.2,0,0
cust-01457,Customer 01457,15,193.06,1,0,-33.1,45,basic,21,19,0,-16.7,52,48.2,0,0
cust-01458,Customer 01458,26,779.03,1,1,29.5,81,premium,21,0,5,26.1,63,18.6,2,0
cust-01459,Customer 01459,18,150.71,4,1,-4.8,36,basic,32,17,0,-11.6,20,57.5,0,0
cust-01460,Customer 01460,14,1320.11,0,0,5.2,33,premium,2,0,0,2.2,73,42.7,0,0
cust-01461,Customer 01461,19,175.41,0,1,4.3,45,basic,2,11,5,4.3,86,70.8,0,0
cust-01462,Customer 01462,10,1254.42,0,0,-11.2,76,premium,14,6,15,-15.8,29,26.9,0,0
cust-01463,Customer 01463,29,191.36,3,0,-33.4,31,basic,52,23,0,-30.8,69,75.8,0,0
cust-01464,Customer 01464,15,1504.57,0,1,21.6,62,premium,27,2,15,18.7,35,98.4,0,0
cust-01465,Customer 01465,5,184.72,2,0,3.3,43,basic,7,7,0,12.2,31,61.4,0,0
cust-01466,Customer 01466,18,179.33,3,2,4.7,78,basic,21,16,0,9.9,21,41.3,1,1
cust-01467,Customer 01467,11,148.25,1,2,7.3,53,basic,26,13,0,2.2,15,57.7,0,0
cust-01468,Customer 01468,12,169.57,4,0,11.0,49,basic,24,16,0,2.9,24,28.7,2,0
cust-01469,Customer 01469,7,517.62,0,1,30.6,82,standard,27,20,5,39.2,84,52.2,0,0
cust-01470,Customer 01470,16,904.98,0,2,-0.8,74,premium,4,16,0,0.2,87,64.3,0,0
cust-01471,Customer 01471,13,1438.85,1,0,2.1,41,premium,6,0,15,-0.2,24,37.7,3,0
cust-01472,Customer 01472,16,770.5,3,0,28.3,65,premium,23,9,0,23.2,45,30.3,0,0
cust-01473,Customer 01473,14,529.71,11,0,14.8,36,standard,19,16,10,10.5,9,70.0,0,0
cust-01474,Customer 01474,72,927.94,0,0,-5.5,15,premium,2,2,10,-7.6,85,54.9,1,0
cust-01475,Customer 01475,20,1617.99,0,1,-12.2,19,premium,27,18,10,0.1,75,68.0,0,0
cust-01476,Customer 01476,9,284.34,0,3,-1.0,37,standard,5,38,5,4.9,36,79.4,0,1
cust-01477,Customer 01477,27,157.89,4,2,-16.8,73,basic,20,4,0,-10.1,8,70.8,1,0
cust-01478,Customer 01478,6,869.68,1,0,-29.3,21,premium,33,0,10,-34.4,1,52.8,0,0
cust-01479,Customer 01479,15,325.47,2,0,-25.5,27,standard,20,1,0,-26.2,77,29.8,0,0
cust-01480,Customer 01480,20,364.37,2,0,-11.6,77,standard,6,25,10,-7.4,26,45.8,1,0
cust-01481,Customer 01481,24,1389.51,0,2,9.9,64,premium,13,8,0,8.8,56,63.5,1,0
cust-01482,Customer 01482,3,1090.48,3,1,-8.3,66,premium,36,8,0,-20.6,29,79.9,2,0
cust-01483,Customer 01483,29,511.01,0,2,9.2,-4,standard,54,20,20,16.5,60,75.4,1,1
cust-01484,Customer 01484,50,332.61,0,0,-24.3,13,standard,16,8,5,-28.0,66,48.4,0,0
cust-01485,Customer 01485,24,212.1,6,2,8.9,28,basic,4,12,0,12.5,24,67.8,1,0
cust-01486,Customer 01486,47,156.32,2,0,31.4,40,basic,21,3,0,36.3,12,96.1,2,0
cust-01487,Customer 01487,16,417.42,6,1,-5.5,81,standard,15,18,10,-11.7,19,75.5,0,0
cust-01488,Customer 01488,12,244.87,4,2,9.3,92,basic,4,16,0,-0.7,26,74.0,1,0
cust-01489,Customer 01489,7,469.65,0,0,-6.0,39,standard,53,15,10,-28.1,34,46.3,0,0
cust-01490,Customer 01490,24,208.89,7,1,2.3,55,basic,38,6,5,2.2,45,45.9,0,0
cust-01491,Customer 01491,6,142.19,3,0,-39.7,2,basic,9,10,0,-57.7,5,40.8,2,1
cust-01492,Customer 01492,28,614.52,1,3,8.1,89,premium,37,0,10,9.1,28,29.3,0,1
cust-01493,Customer 01493,19,199.37,2,0,14.8,34,basic,13,5,5,7.7,16,30.3,1,0
cust-01494,Customer 01494,17,320.21,0,2,-56.0,34,standard,19,18,15,-46.4,29,39.6,1,0
cust-01495,Customer 01495,11,388.78,1,0,-36.3,48,standard,47,5,10,-35.4,13,36.2,0,0
cust-01496,Customer 01496,5,550.93,4,0,22.4,22,standard,17,11,10,27.9,41,54.0,1,0
cust-01497,Customer 01497,6,409.93,3,0,-22.4,63,standard,18,20,0,-28.2,43,54.6,0,0
cust-01498,Customer 01498,52,191.7,0,0,-8.0,47,basic,14,15,0,-11.3,87,70.0,0,0
cust-01499,Customer 01499,51,266.87,1,0,7.0,58,basic,8,2,0,9.4,17,50.0,0,0
cust-01500,Customer 01500,46,129.92,1,1,-26.1,45,basic,14,13,0,-18.5,11,93.8,0,0
cust-01501,Customer 01501,11,192.55,0,1,25.6,17,basic,15,3,0,31.5,58,83.5,2,0
cust-01502,Customer 01502,47,974.36,2,0,29.4,85,premium,6,9,0,23.7,21,67.0,1,0
cust-01503,Customer 01503,11,277.81,2,1,-14.1,69,standard,26,8,0,-22.5,60,81.1,1,0
cust-01504,Customer 01504,70,197.53,0,2,-8.7,71,basic,19,0,0,-6.0,73,28.7,0,0
cust-01505,Customer 01505,48,235.83,7,1,-3.5,19,basic,4,14,15,6.4,9,58.4,2,0
cust-01506,Customer 01506,23,253.51,2,1,37.8,45,standard,14,16,10,35.0,19,36.5,0,0
cust-01507,Customer 01507,12,204.85,6,1,39.6,63,basic,8,4,5,47.0,3,78.0,1,0
cust-01508,Customer 01508,19,139.12,2,0,-31.4,1,basic,16,3,0,-36.8,24,32.2,0,0
cust-01509,Customer 01509,34,616.04,0,1,18.0,24,standard,32,3,0,6.6,68,46.3,1,0
cust-01510,Customer 01510,17,129.78,2,0,19.9,55,basic,34,7,0,-0.7,37,49.8,0,0
cust-01511,Customer 01511,13,137.98,2,0,-32.7,55,basic,26,18,0,-33.8,2,100,0,0
cust-01512,Customer 01512,10,172.26,2,2,17.9,51,basic,23,27,10,16.8,22,28.4,1,1
cust-01513,Customer 01513,4,1122.4,0,1,-32.8,95,premium,64,8,0,-28.6,55,44.1,1,1
cust-01514,Customer 01514,33,1065.63,1,1,-33.9,59,premium,42,17,5,-26.7,42,74.6,1,0
cust-01515,Customer 01515,65,134.68,1,0,31.1,68,basic,11,14,0,46.2,43,67.2,0,0
cust-01516,Customer 01516,11,358.76,4,1,9.6,79,standard,23,17,0,-4.3,33,88.6,0,0
cust-01517,Customer 01517,38,86.2,1,0,-8.0,27,basic,27,0,0,-13.0,38,40.4,3,0
cust-01518,Customer 01518,8,139.23,9,2,-2.3,29,basic,41,10,0,0.6,20,38.2,2,0
cust-01519,Customer 01519,51,171.84,0,0,-2.7,62,basic,1,0,15,-4.2,36,89.3,0,0
cust-01520,Customer 01520,32,129.76,0,1,2.2,92,basic,7,16,20,-0.4,77,63.4,0,0
cust-01521,Customer 01521,31,200.95,2,0,-32.6,60,basic,20,14,5,-23.9,19,5,2,0
cust-01522,Customer 01522,18,910.39,0,0,2.0,19,premium,4,0,10,7.7,47,79.0,1,0
cust-01523,Customer 01523,16,118.52,1,0,16.0,54,basic,11,13,10,18.8,81,86.1,0,0
cust-01524,Customer 01524,72,211.24,1,0,28.7,63,basic,13,2,0,40.6,32,34.9,1,0
cust-01525,Customer 01525,40,254.58,0,0,4.2,4,standard,4,7,15,1.2,60,53.6,0,0
cust-01526,Customer 01526,51,959.33,3,1,14.9,53,premium,23,17,15,16.0,14,59.0,3,0
cust-01527,Customer 01527,14,190.8,0,0,29.9,62,basic,6,4,5,30.7,29,68.8,3,0
cust-01528,Customer 01528,22,542.31,0,2,23.9,59,standard,5,3,0,44.2,48,41.3,0,0
cust-01529,Customer 01529,27,197.02,1,0,21.6,47,basic,37,10,20,15.8,6,75.0,2,1
cust-01530,Customer 01530,15,1057.53,0,0,17.5,18,premium,24,9,5,25.0,48,86.5,3,1
cust-01531,Customer 01531,21,102.43,0,0,3.9,37,basic,17,10,0,-0.8,75,27.4,2,0
cust-01532,Customer 01532,12,854.69,1,1,-14.7,55,premium,25,0,0,-21.1,29,72.2,0,0
cust-01533,Customer 01533,41,163.33,5,0,7.6,21,basic,15,0,10,11.2,19,60.8,0,0
cust-01534,Customer 01534,23,148.98,1,0,-37.7,4,basic,35,7,5,-41.0,47,74.6,2,1
cust-01535,Customer 01535,27,109.88,1,0,-60.5,69,basic,27,2,0,-43.0,11,59.2,3,0
cust-01536,Customer 01536,8,254.65,1,1,-3.8,64,basic,14,25,0,-22.0,13,31.7,0,0
cust-01537,Customer 01537,13,421.86,6,2,30.6,79,standard,10,19,0,24.4,20,20.2,0,0
cust-01538,Customer 01538,8,143.27,0,2,-10.8,37,basic,12,24,10,-10.9,37,19.6,3,0
cust-01539,Customer 01539,72,817.68,0,1,45,73,premium,28,0,0,50,27,35.8,2,0
cust-01540,Customer 01540,33,148.74,6,0,-10.4,58,basic,11,0,0,3.6,29,41.7,2,0
cust-01541,Customer 01541,39,103.01,3,4,12.0,47,basic,11,16,0,15.6,12,55.1,1,1
cust-01542,Customer 01542,23,1654.77,1,0,17.6,21,premium,20,8,0,32.9,6,84.5,1,0
cust-01543,Customer 01543,11,416.24,2,0,-13.5,68,standard,10,24,10,-26.0,30,42.0,0,0
cust-01544,Customer 01544,15,147.61,5,1,-13.0,55,basic,9,3,0,-9.8,60,38.1,1,0
cust-01545,Customer 01545,21,360.48,0,3,-23.7,54,standard,36,0,15,-9.3,41,29.6,0,1
cust-01546,Customer 01546,65,137.63,0,0,-25.7,47,basic,24,0,0,-26.2,75,49.9,0,0
cust-01547,Customer 01547,19,153.57,1,1,5.7,33,basic,21,13,0,1.9,12,62.1,0,0
cust-01548,Customer 01548,30,168.61,0,1,-18.1,51,basic,11,17,15,-14.5,65,74.7,1,0
cust-01549,Customer 01549,5,400.7,1,0,-12.3,34,standard,27,19,0,-23.4,82,73.3,0,0
cust-01550,Customer 01550,26,1408.23,3,3,36.7,69,premium,24,0,15,35.0,5,70.0,1,0
cust-01551,Customer 01551,14,264.22,4,0,-10.4,42,basic,80,12,10,-11.6,20,78.3,0,0
cust-01552,Customer 01552,58,541.0,0,0,-32.3,29,standard,25,16,10,-47.1,25,40.4,1,1
cust-01553,Customer 01553,6,1139.68,0,0,11.7,25,premium,16,2,0,15.7,61,85.8,2,0
cust-01554,Customer 01554,34,191.02,5,0,-12.4,18,basic,12,29,0,-5.9,22,98.8,1,0
cust-01555,Customer 01555,1,299.87,2,0,0.4,75,standard,6,30,15,10.1,19,80.3,0,0
cust-01556,Customer 01556,23,206.61,2,1,-14.5,52,basic,1,2,0,-14.6,4,9.2,3,0
cust-01557,Customer 01557,3,118.86,5,0,17.3,28,basic,20,17,0,19.5,16,80.4,1,0
cust-01558,Customer 01558,12,1045.64,0,2,43.1,32,premium,23,12,0,26.6,57,100,3,0
cust-01559,Customer 01559,1,150.72,1,0,-5.7,33,basic,18,1,0,5.2,30,70.5,1,0
cust-01560,Customer 01560,6,722.34,1,0,-17.3,63,premium,19,20,0,-17.4,14,68.0,0,0
cust-01561,Customer 01561,30,234.18,2,2,-29.0,62,basic,54,7,10,-27.8,36,71.8,0,0
cust-01562,Customer 01562,4,194.76,1,0,-4.6,78,basic,7,9,5,9.1,15,63.2,0,0
cust-01563,Customer 01563,55,484.93,0,0,-70,8,standard,27,20,5,-75,43,56.1,0,1
cust-01564,Customer 01564,35,300.75,0,1,-45.5,70,standard,56,5,0,-50.8,60,99.0,0,0
cust-01565,Customer 01565,10,304.75,2,0,8.6,64,standard,37,15,10,22.9,20,41.4,1,0
cust-01566,Customer 01566,19,447.45,0,1,45,41,standard,11,25,0,41.6,85,91.3,0,0
cust-01567,Customer 01567,72,117.98,4,2,-4.6,5,basic,7,18,0,0.1,35,41.4,1,0
cust-01568,Customer 01568,17,158.71,3,0,-15.4,12,basic,12,0,10,-23.2,0,41.4,1,1
cust-01569,Customer 01569,20,519.19,2,1,-16.1,22,standard,28,23,5,-2.1,36,71.2,1,1
cust-01570,Customer 01570,55,186.57,0,1,-32.7,51,basic,51,16,10,-24.3,45,62.2,0,1
cust-01571,Customer 01571,44,124.57,1,0,-22.6,-7,basic,5,16,0,-11.4,22,12.4,3,1
cust-01572,Customer 01572,56,111.13,3,0,-10.5,86,basic,2,8,15,-12.1,5,60.3,2,0
cust-01573,Customer 01573,17,457.47,0,0,15.5,54,standard,21,0,0,12.4,54,67.3,0,0
cust-01574,Customer 01574,25,364.45,1,0,-24.6,35,standard,7,12,5,-8.4,17,63.7,1,0
cust-01575,Customer 01575,32,203.6,0,2,15.0,43,standard,7,13,0,16.0,59,86.0,0,0
cust-01576,Customer 01576,12,403.07,1,0,17.4,64,standard,5,8,0,8.2,9,80.1,1,0
cust-01577,Customer 01577,27,346.18,4,0,4.8,43,standard,16,32,10,6.5,13,87.8,0,0
cust-01578,Customer 01578,44,101.98,5,1,-29.8,27,basic,17,14,5,-30.2,14,73.6,0,0
cust-01579,Customer 01579,29,156.92,1,0,-6.0,39,basic,15,13,0,-3.8,22,57.4,1,0
cust-01580,Customer 01580,18,158.73,2,1,14.3,57,basic,7,16,0,36.2,41,69.8,2,0
cust-01581,Customer 01581,34,180.32,0,0,-13.8,52,basic,49,0,15,-10.8,75,73.3,0,0
cust-01582,Customer 01582,6,261.65,1,0,-40.6,27,standard,22,18,0,-49.3,3,51.5,0,0
cust-01583,Customer 01583,10,359.39,0,0,-23.2,36,standard,23,11,5,-29.6,64,59.8,0,0
cust-01584,Customer 01584,22,285.99,7,0,-8.4,54,standard,39,6,15,-20.5,21,85.1,3,1
cust-01585,Customer 01585,22,132.27,0,2,-5.2,3,basic,19,12,10,7.9,59,57.6,2,0
cust-01586,Customer 01586,17,1199.26,0,0,14.0,30,premium,23,0,0,10.8,43,37.2,0,0
cust-01587,Customer 01587,3,197.83,1,1,-29.6,94,basic,63,14,0,-18.7,9,27.3,1,1
cust-01588,Customer 01588,8,149.39,2,0,0.8,66,basic,20,0,10,7.2,40,42.3,1,0
cust-01589,Customer 01589,8,861.98,2,0,-3.1,25,premium,26,0,0,2.2,18,19.5,0,0
cust-01590,Customer 01590,33,249.33,3,0,-33.7,51,basic,35,6,0,-37.0,3,32.5,2,1
cust-01591,Customer 01591,47,92.73,0,0,9.4,60,basic,7,0,0,16.7,80,100,0,0
cust-01592,Customer 01592,28,331.88,4,0,-25.3,40,standard,26,36,0,-7.4,10,75.8,2,1
cust-01593,Customer 01593,11,931.76,0,0,15.3,19,premium,17,17,0,17.2,59,32.7,0,0
cust-01594,Customer 01594,28,550.13,0,2,-32.1,49,standard,42,15,10,-41.4,63,51.2,0,1
cust-01595,Customer 01595,34,1053.2,4,0,-10.4,18,premium,9,11,10,-3.3,44,58.5,2,1
cust-01596,Customer 01596,26,220.66,0,0,21.8,61,standard,47,23,5,25.4,27,37.1,0,0
cust-01597,Customer 01597,31,202.25,2,1,-4.0,84,basic,9,9,0,3.8,12,80.5,1,0
cust-01598,Customer 01598,14,419.51,5,0,-4.9,10,standard,17,16,15,0.7,11,54.1,2,0
cust-01599,Customer 01599,70,664.82,0,0,43.3,40,standard,27,11,0,39.5,31,29.5,3,0
cust-01600,Customer 01600,20,162.63,0,0,2.1,55,basic,14,14,5,3.5,72,78.9,0,0
cust-01601,Customer 01601,25,1219.06,4,0,15.1,82,premium,10,3,15,30.5,90,42.1,0,0
cust-01602,Customer 01602,11,325.75,0,0,-2.3,83,standard,15,22,0,-0.8,58,56.6,2,0
cust-01603,Customer 01603,13,1830.56,6,3,-9.2,23,premium,5,25,10,-18.3,36,21.3,1,1
cust-01604,Customer 01604,50,399.66,0,0,-4.8,63,standard,5,15,0,-0.1,35,75.6,0,0
cust-01605,Customer 01605,12,209.19,1,2,1.4,95,basic,8,14,0,-2.2,28,60.0,1,0
cust-01606,Customer 01606,14,435.01,1,0,-34.4,53,standard,24,11,0,-38.4,7,50.1,0,0
cust-01607,Customer 01607,27,580.35,0,0,2.5,64,standard,8,20,0,3.9,89,56.9,2,0
cust-01608,Customer 01608,53,349.89,0,0,4.3,66,standard,22,5,0,7.6,49,52.1,3,0
cust-01609,Customer 01609,20,180.3,0,0,-21.5,58,basic,20,22,5,-7.7,33,39.5,0,0
cust-01610,Customer 01610,68,130.7,1,2,3.5,69,basic,11,17,0,17.1,57,83.8,1,0
cust-01611,Customer 01611,7,228.77,4,0,-7.8,23,basic,10,0,15,-3.9,51,100,1,0
cust-01612,Customer 01612,15,334.07,2,0,19.5,17,standard,45,5,0,16.8,44,75.6,0,0
cust-01613,Customer 01613,16,1370.53,1,0,2.6,39,premium,31,20,0,-5.5,20,63.2,0,1
cust-01614,Customer 01614,45,447.64,0,1,-13.8,54,standard,3,4,5,-29.5,32,23.9,0,0
cust-01615,Customer 01615,10,1000.95,3,0,-20.3,86,premium,24,3,5,-16.8,13,50.8,1,0
cust-01616,Customer 01616,41,207.32,2,0,-19.2,25,standard,2,8,0,-10.6,6,36.2,0,1
cust-01617,Customer 01617,48,129.04,1,0,-24.3,85,basic,15,13,5,-29.2,57,93.2,2,0
cust-01618,Customer 01618,15,225.76,1,1,-25.2,44,basic,36,0,15,-20.8,27,59.6,0,0
cust-01619,Customer 01619,13,1144.15,2,2,-16.2,37,premium,6,4,0,-12.6,19,87.7,1,0
cust-01620,Customer 01620,22,352.41,2,1,-26.6,55,standard,50,21,10,-16.7,16,59.1,0,0
cust-01621,Customer 01621,6,136.29,2,0,-22.7,32,basic,5,7,10,-9.5,54,56.5,0,0
cust-01622,Customer 01622,17,105.09,0,0,2.2,39,basic,10,25,0,0.7,62,85.8,0,0
cust-01623,Customer 01623,51,213.98,4,3,-19.5,80,basic,19,19,0,-16.1,41,78.5,0,0
cust-01624,Customer 01624,12,471.28,1,0,2.3,95,standard,21,9,0,-0.6,22,44.2,0,0
cust-01625,Customer 01625,7,526.23,4,1,21.9,83,standard,10,0,0,26.5,63,61.1,0,0
cust-01626,Customer 01626,9,408.7,0,1,-2.0,13,standard,53,1,0,19.4,40,63.3,0,1
cust-01627,Customer 01627,29,584.18,2,0,41.6,90,standard,6,18,0,40.0,9,56.4,0,0
cust-01628,Customer 01628,1,868.15,1,1,-38.2,84,premium,31,0,0,-32.1,14,41.6,0,0
cust-01629,Customer 01629,72,253.43,1,2,-2.8,23,basic,22,1,5,-7.3,23,38.1,1,0
cust-01630,Customer 01630,11,1367.43,2,0,-23.7,58,premium,17,22,0,-29.3,50,70.5,1,0
cust-01631,Customer 01631,13,354.8,5,1,4.9,34,standard,28,4,0,4.5,9,38.3,0,0
cust-01632,Customer 01632,17,530.36,0,0,6.5,63,standard,49,8,0,11.5,76,54.1,0,1
cust-01633,Customer 01633,24,1116.57,4,1,16.7,95,premium,15,3,5,13.8,8,75.5,0,0
cust-01634,Customer 01634,14,212.48,2,0,10.8,42,basic,5,3,0,8.3,31,70.7,1,0
cust-01635,Customer 01635,19,290.11,5,1,-28.9,59,standard,16,10,10,-35.1,28,56.6,0,0
cust-01636,Customer 01636,9,396.06,1,0,7.1,20,standard,16,7,5,4.7,53,49.9,0,0
cust-01637,Customer 01637,34,661.87,0,0,-5.8,20,standard,27,25,5,-13.0,26,36.0,1,0
cust-01638,Customer 01638,24,751.58,3,1,-19.9,49,standard,31,32,0,-14.3,33,88.0,0,1
cust-01639,Customer 01639,16,208.47,0,1,-5.9,53,basic,38,13,15,-7.0,83,46.9,1,0
cust-01640,Customer 01640,72,468.7,1,0,33.5,22,standard,10,13,0,29.8,17,34.5,2,0
cust-01641,Customer 01641,28,189.72,0,1,-25.0,54,basic,27,13,0,-25.0,35,77.5,1,1
cust-01642,Customer 01642,18,709.34,0,1,15.4,53,premium,7,14,5,17.1,47,67.0,0,0
cust-01643,Customer 01643,16,175.27,1,0,4.9,61,basic,8,15,15,3.7,47,17.0,2,0
cust-01644,Customer 01644,15,161.97,3,0,41.5,50,basic,11,10,0,33.1,90,76.4,1,0
cust-01645,Customer 01645,17,176.09,1,0,-15.1,90,basic,7,12,0,-16.8,21,18.2,1,0
cust-01646,Customer 01646,16,203.2,1,1,-4.1,35,basic,14,0,0,-5.4,12,93.2,0,0
cust-01647,Customer 01647,18,320.23,1,1,15.5,22,standard,28,17,5,17.0,8,93.0,0,0
cust-01648,Customer 01648,25,397.26,3,0,-8.7,37,standard,10,5,0,-2.3,33,94.5,0,0
cust-01649,Customer 01649,12,278.65,3,1,33.5,90,standard,41,0,0,31.9,19,35.3,2,0
cust-01650,Customer 01650,72,389.3,0,0,-29.2,80,standard,25,36,10,-32.3,81,22.1,2,0
cust-01651,Customer 01651,32,512.52,1,0,-29.6,25,standard,33,1,0,-22.3,13,47.5,0,1
cust-01652,Customer 01652,10,278.3,3,0,-42.9,75,standard,14,21,10,-47.6,3,42.2,3,1
cust-01653,Customer 01653,72,466.83,1,0,-9.8,44,standard,5,12,5,-19.3,60,51.3,0,0
cust-01654,Customer 01654,23,122.03,6,0,-4.9,15,basic,23,8,0,-8.3,29,18.1,0,1
cust-01655,Customer 01655,32,935.11,0,1,18.8,59,premium,6,16,15,20.4,25,83.8,0,0
cust-01656,Customer 01656,14,1066.65,0,0,16.5,61,premium,8,9,10,10.8,41,89.9,0,0
cust-01657,Customer 01657,27,1055.6,5,4,-18.0,72,premium,24,3,10,-27.7,42,73.7,0,0
cust-01658,Customer 01658,29,777.51,2,1,17.3,65,premium,8,20,0,24.4,10,52.9,0,0
cust-01659,Customer 01659,4,147.86,1,0,-16.2,48,basic,33,4,10,-12.2,52,72.6,1,0
cust-01660,Customer 01660,8,384.14,1,0,21.8,58,standard,4,17,5,19.3,36,71.1,0,0
cust-01661,Customer 01661,48,118.56,3,1,-63.8,26,basic,24,14,0,-68.7,4,6.3,0,0
cust-01662,Customer 01662,22,142.27,1,3,-1.1,37,basic,30,16,15,-4.9,15,69.4,0,0
cust-01663,Customer 01663,20,288.16,0,0,-29.7,4,standard,39,8,0,-30.3,62,65.1,0,0
cust-01664,Customer 01664,36,154.63,0,2,3.1,78,basic,4,0,0,14.1,47,27.0,1,0
cust-01665,Customer 01665,30,726.4,0,3,-2.4,95,premium,6,18,0,-3.8,53,77.0,0,0
cust-01666,Customer 01666,62,229.06,1,0,41.8,83,basic,10,16,0,41.4,30,55.4,2,0
cust-01667,Customer 01667,18,1044.2,2,0,19.0,66,premium,44,0,10,9.5,25,58.0,0,0
cust-01668,Customer 01668,21,144.55,7,1,-48.3,23,basic,20,17,0,-51.3,56,60.7,0,1
cust-01669,Customer 01669,14,529.93,1,1,3.9,58,standard,41,0,0,8.7,15,30.2,0,0
cust-01670,Customer 01670,19,398.08,0,0,-26.9,40,standard,19,4,5,-31.0,28,58.3,1,0
cust-01671,Customer 01671,27,843.01,0,0,-4.9,19,premium,47,13,0,5.0,58,85.8,1,0
cust-01672,Customer 01672,5,798.8,3,1,1.1,-3,premium,17,4,0,-3.1,13,72.3,1,1
cust-01673,Customer 01673,14,210.57,1,0,-29.5,31,basic,31,20,10,-17.7,35,27.8,1,0
cust-01674,Customer 01674,34,217.85,3,0,19.4,66,basic,17,5,0,0.7,21,64.2,0,0
cust-01675,Customer 01675,31,1302.71,2,1,10.4,72,premium,35,8,0,2.3,14,48.9,0,0
cust-01676,Customer 01676,15,961.83,7,0,-22.2,27,premium,9,0,10,-11.0,12,63.0,0,0
cust-01677,Customer 01677,11,190.18,5,0,-45.5,95,basic,6,7,0,-53.3,12,60.9,0,0
cust-01678,Customer 01678,72,124.5,2,0,37.2,13,basic,1,4,10,32.5,15,66.6,0,0
cust-01679,Customer 01679,47,366.99,2,1,-35.5,74,standard,31,10,10,-41.2,10,100,0,0
cust-01680,Customer 01680,28,402.88,0,1,-48.4,48,standard,17,3,0,-52.1,72,39.9,0,0
cust-01681,Customer 01681,18,193.96,1,0,31.4,37,basic,31,24,0,43.7,30,56.6,0,0
cust-01682,Customer 01682,14,82.95,2,1,-8.6,51,basic,60,3,10,-12.5,46,64.3,0,1
cust-01683,Customer 01683,6,208.43,2,0,0.8,27,basic,11,20,0,-5.3,2,7.7,1,1
cust-01684,Customer 01684,14,146.7,1,0,2.2,47,basic,4,16,0,-3.7,10,72.1,1,0
cust-01685,Customer 01685,18,227.26,2,1,10.1,71,basic,12,8,0,17.9,60,70.6,0,0
cust-01686,Customer 01686,15,447.76,2,2,-34.5,71,standard,24,3,15,-35.7,42,59.2,2,0
cust-01687,Customer 01687,17,416.35,1,0,45,56,standard,28,23,10,43.2,23,37.6,0,0
cust-01688,Customer 01688,4,978.25,0,0,-4.1,41,premium,4,5,10,-8.7,75,61.1,1,1
cust-01689,Customer 01689,7,1017.55,1,1,2.9,66,premium,7,4,0,5.3,49,26.4,1,0
cust-01690,Customer 01690,8,1223.41,2,0,18.3,82,premium,5,8,0,9.2,7,13.5,1,0
cust-01691,Customer 01691,9,1230.64,0,0,-12.6,29,premium,32,7,0,-8.8,58,19.0,0,0
cust-01692,Customer 01692,17,211.65,5,0,-4.4,54,basic,10,4,0,-13.0,2,59.5,2,0
cust-01693,Customer 01693,62,453.7,0,1,-4.5,31,standard,12,25,0,-3.9,69,57.9,2,0
cust-01694,Customer 01694,29,144.16,0,1,27.4,72,basic,26,4,0,38.7,60,10.3,2,0
cust-01695,Customer 01695,11,578.87,3,0,15.3,13,standard,27,16,0,13.2,1,19.6,2,0
cust-01696,Customer 01696,7,352.86,1,0,27.3,90,standard,28,18,5,13.8,20,67.2,1,0
cust-01697,Customer 01697,11,808.95,6,1,9.8,78,premium,20,7,0,0.4,8,68.9,1,0
cust-01698,Customer 01698,32,132.1,0,0,-32.4,77,basic,43,10,0,-43.3,42,48.6,0,0
cust-01699,Customer 01699,16,305.56,0,0,42.7,51,standard,18,11,0,44.4,67,49.0,0,0
cust-01700,Customer 01700,8,365.35,9,0,-12.4,81,standard,9,41,0,-24.2,11,92.0,3,1
cust-01701,Customer 01701,17,462.18,0,0,35.7,32,standard,19,11,15,28.1,46,38.7,2,0
cust-01702,Customer 01702,34,156.83,0,0,9.5,95,basic,8,26,15,10.4,68,37.9,0,0
cust-01703,Customer 01703,18,454.45,3,0,2.6,51,standard,27,0,0,-7.7,22,65.7,2,0
cust-01704,Customer 01704,4,433.33,0,0,-21.6,16,standard,14,1,5,-13.1,67,82.2,1,0
cust-01705,Customer 01705,27,1138.48,0,2,-28.3,45,premium,27,20,0,-9.9,79,70.4,0,0
cust-01706,Customer 01706,13,265.7,2,1,-42.2,44,standard,19,17,0,-46.8,22,100,1,1
cust-01707,Customer 01707,22,863.57,4,0,-51.6,67,premium,22,0,0,-50.0,72,37.8,0,0
cust-01708,Customer 01708,10,477.93,0,0,-25.5,36,standard,6,8,5,-18.7,63,51.3,0,0
cust-01709,Customer 01709,67,163.34,6,0,5.1,95,basic,20,21,5,9.4,22,38.2,1,0
cust-01710,Customer 01710,9,154.54,0,2,-6.1,60,basic,15,18,0,-10.7,55,72.0,0,0
cust-01711,Customer 01711,22,954.68,0,0,45,43,premium,53,20,0,50,25,70.0,0,0
cust-01712,Customer 01712,15,974.14,3,0,23.7,67,premium,6,6,0,34.8,47,14.6,2,0
cust-01713,Customer 01713,14,356.07,0,0,17.2,76,standard,19,12,0,30.8,84,35.2,2,0
cust-01714,Customer 01714,16,343.77,1,0,-27.0,48,standard,24,11,15,-10.8,7,55.1,2,0
cust-01715,Customer 01715,26,188.04,0,0,-19.2,47,basic,77,13,15,-18.6,76,55.1,1,1
cust-01716,Customer 01716,28,190.74,0,0,1.3,45,basic,39,23,0,-6.7,28,83.0,1,0
cust-01717,Customer 01717,28,271.47,2,0,25.3,46,standard,51,9,0,25.2,17,42.8,0,0
cust-01718,Customer 01718,49,345.56,1,0,21.1,63,standard,10,16,0,9.7,14,39.5,2,0
cust-01719,Customer 01719,15,318.07,2,0,-43.0,61,standard,16,27,0,-18.3,10,43.6,2,0
cust-01720,Customer 01720,27,178.14,2,2,-7.0,63,basic,13,5,0,-15.5,7,40.3,0,0
cust-01721,Customer 01721,35,1339.35,5,0,-26.0,47,premium,54,12,0,-26.3,21,38.4,0,0
cust-01722,Customer 01722,28,339.0,11,0,-20.3,66,standard,19,0,10,-19.8,44,49.6,0,0
cust-01723,Customer 01723,3,706.07,0,0,-22.4,6,premium,5,27,0,-17.9,88,53.1,3,1
cust-01724,Customer 01724,14,238.79,2,1,-16.9,76,basic,26,16,0,-2.3,90,48.4,1,0
cust-01725,Customer 01725,6,778.26,5,0,-41.8,37,premium,12,17,0,-44.6,31,85.5,1,0
cust-01726,Customer 01726,12,444.91,0,1,-3.4,63,standard,29,5,10,6.5,68,77.6,1,0
cust-01727,Customer 01727,29,165.09,0,0,34.6,60,basic,15,11,0,37.7,26,74.8,2,0
cust-01728,Customer 01728,64,215.67,6,1,-10.9,-13,basic,28,13,15,-10.0,11,57.0,0,0
cust-01729,Customer 01729,8,252.54,9,0,-42.4,86,standard,9,10,0,-52.0,14,77.7,0,0
cust-01730,Customer 01730,27,1378.21,1,1,-11.8,70,premium,16,14,0,-7.0,45,68.4,1,0
cust-01731,Customer 01731,41,494.45,0,2,3.4,66,standard,43,11,0,-0.4,30,37.9,0,1
cust-01732,Customer 01732,52,1251.93,0,0,7.9,46,premium,23,6,0,5.8,75,79.9,2,0
cust-01733,Customer 01733,24,480.92,0,0,24.5,17,standard,42,31,0,18.1,60,44.5,1,1
cust-01734,Customer 01734,16,449.1,2,1,4.9,51,standard,38,14,15,14.1,17,68.9,3,0
cust-01735,Customer 01735,17,687.23,0,0,45,30,premium,17,14,15,39.3,68,45.3,2,0
cust-01736,Customer 01736,71,269.56,5,0,-2.2,26,standard,30,7,15,-11.6,11,32.9,1,0
cust-01737,Customer 01737,12,103.69,3,3,45,78,basic,2,10,15,38.7,45,78.1,1,0
cust-01738,Customer 01738,5,267.52,0,0,-2.4,44,standard,14,0,15,6.7,89,75.4,1,0
cust-01739,Customer 01739,36,113.13,4,0,12.3,26,basic,18,6,0,5.9,19,53.2,2,1
cust-01740,Customer 01740,33,128.06,2,1,-10.7,48,basic,1,0,15,-14.9,26,25.2,2,0
cust-01741,Customer 01741,9,908.52,3,0,23.1,20,premium,10,11,5,19.8,26,19.4,1,0
cust-01742,Customer 01742,30,392.94,0,2,-5.3,63,standard,11,1,10,-8.4,58,12.8,0,0
cust-01743,Customer 01743,27,207.05,2,0,-7.5,67,basic,38,8,5,-1.7,63,69.8,2,1
cust-01744,Customer 01744,5,228.43,0,0,13.1,62,basic,14,15,0,13.5,55,58.4,0,0
cust-01745,Customer 01745,18,399.01,1,0,-9.2,61,standard,5,0,5,-18.4,15,32.1,0,0
cust-01746,Customer 01746,24,257.74,0,0,13.8,41,basic,6,32,10,16.5,46,25.7,0,0
cust-01747,Customer 01747,12,114.44,0,0,4.3,-17,basic,14,18,5,8.8,74,79.2,0,1
cust-01748,Customer 01748,7,152.43,1,0,-18.6,51,basic,3,5,10,-27.2,18,39.9,0,0
cust-01749,Customer 01749,12,465.98,0,0,18.3,43,standard,17,9,0,19.6,52,67.1,0,0
cust-01750,Customer 01750,6,833.03,1,1,-25.4,20,premium,17,0,0,-31.5,36,100,0,1
cust-01751,Customer 01751,41,346.05,2,0,8.9,22,standard,15,2,10,20.8,10,97.7,0,0
cust-01752,Customer 01752,18,695.14,2,2,45,44,premium,14,8,0,49.7,29,24.8,1,0
cust-01753,Customer 01753,30,906.47,1,0,22.0,16,premium,39,2,5,25.2,22,9.7,0,0
cust-01754,Customer 01754,72,183.12,2,0,-12.4,8,basic,14,27,5,-12.1,49,41.5,0,0
cust-01755,Customer 01755,24,458.82,0,1,-20.6,9,standard,24,7,10,-27.0,80,91.3,0,0
cust-01756,Customer 01756,17,356.53,1,1,19.1,67,standard,23,3,15,15.1,19,35.5,1,0
cust-01757,Customer 01757,39,231.87,2,0,25.7,77,standard,3,8,0,17.4,19,78.8,1,0
cust-01758,Customer 01758,6,680.56,1,1,-35.3,53,premium,41,19,0,-28.6,19,66.1,2,0
cust-01759,Customer 01759,11,454.79,0,0,20.8,41,standard,11,6,0,18.2,65,73.0,1,0
cust-01760,Customer 01760,15,1315.08,6,3,-27.4,83,premium,42,24,5,-39.8,14,37.8,0,1
cust-01761,Customer 01761,7,443.03,1,2,-27.2,63,standard,30,0,0,-25.6,23,74.9,3,0
cust-01762,Customer 01762,14,196.98,0,0,32.1,68,basic,31,0,0,24.5,89,80.9,1,0
cust-01763,Customer 01763,11,508.76,1,0,-27.0,50,standard,19,11,0,-41.1,19,44.8,1,0
cust-01764,Customer 01764,31,485.37,0,0,-2.0,40,standard,30,20,0,-1.3,50,73.2,1,0
cust-01765,Customer 01765,11,407.37,1,1,-2.0,11,standard,10,9,0,-1.5,37,100,1,0
cust-01766,Customer 01766,18,95.34,0,0,-28.3,42,basic,19,5,0,-29.7,68,78.9,0,0
cust-01767,Customer 01767,20,182.55,0,0,-3.7,67,basic,23,13,0,6.1,43,62.6,0,0
cust-01768,Customer 01768,13,1440.39,5,1,12.5,30,premium,16,19,5,2.8,62,68.9,3,1
cust-01769,Customer 01769,25,324.06,0,3,12.0,24,standard,32,15,10,13.6,85,67.8,1,0
cust-01770,Customer 01770,19,194.34,1,2,22.4,38,basic,15,13,10,18.8,57,98.5,0,0
cust-01771,Customer 01771,20,453.31,0,1,30.3,52,standard,8,32,0,18.2,46,76.2,0,0
cust-01772,Customer 01772,39,147.66,0,1,4.0,69,basic,24,26,0,13.4,84,39.2,0,0
cust-01773,Customer 01773,71,156.77,0,1,-10.7,29,basic,3,6,5,-10.0,87,51.5,0,0
cust-01774,Customer 01774,27,413.26,1,1,-40.2,27,standard,13,11,0,-35.1,34,43.8,0,1
cust-01775,Customer 01775,36,376.46,0,0,19.5,16,standard,18,30,0,26.4,86,33.8,2,0
cust-01776,Customer 01776,16,712.04,2,2,-9.5,51,standard,12,5,15,-13.1,17,56.4,1,0
cust-01777,Customer 01777,43,252.14,3,0,5.9,24,basic,29,15,15,8.1,15,51.5,0,0
cust-01778,Customer 01778,25,171.81,2,0,7.9,95,basic,9,14,0,16.1,35,52.2,0,0
cust-01779,Customer 01779,49,155.5,0,0,-22.7,38,basic,25,11,10,-23.4,59,50.6,0,0
cust-01780,Customer 01780,63,399.34,3,1,6.0,67,standard,33,2,5,12.0,49,83.9,0,0
cust-01781,Customer 01781,10,955.38,1,0,38.1,74,premium,12,0,0,36.4,14,100,0,0
cust-01782,Customer 01782,59,408.07,1,2,-34.6,51,standard,58,9,10,-44.9,23,82.8,1,0
cust-01783,Customer 01783,41,141.35,0,2,0.5,44,basic,14,16,5,18.0,62,29.3,0,0
cust-01784,Customer 01784,5,100.72,0,0,15.0,-18,basic,19,23,10,11.8,70,80.0,0,0
cust-01785,Customer 01785,26,184.63,2,0,18.7,69,basic,33,0,0,6.8,41,80.0,1,0
cust-01786,Customer 01786,48,1532.71,0,0,0.8,55,premium,7,7,0,-2.0,81,54.0,2,0
cust-01787,Customer 01787,14,586.14,0,0,1.4,67,standard,27,4,0,4.1,27,73.3,3,0
cust-01788,Customer 01788,43,138.99,0,0,36.4,44,basic,20,37,0,27.7,27,88.1,1,0
cust-01789,Customer 01789,26,362.17,1,0,-22.2,53,standard,12,18,5,-15.2,23,28.6,0,0
cust-01790,Customer 01790,23,720.58,4,2,-0.1,95,premium,4,10,20,11.1,17,30.5,1,0
cust-01791,Customer 01791,26,1336.85,0,0,13.6,95,premium,12,8,10,8.5,61,53.1,0,0
cust-01792,Customer 01792,20,684.68,1,0,-26.3,33,premium,33,11,0,-26.1,43,44.8,0,0
cust-01793,Customer 01793,35,429.76,2,2,-13.7,7,standard,52,0,0,-12.4,61,21.9,0,0
cust-01794,Customer 01794,13,151.79,2,0,28.2,72,basic,28,19,0,18.1,62,29.4,0,0
cust-01795,Customer 01795,34,75.5,2,0,13.9,16,basic,9,28,5,22.4,17,70.9,0,0
cust-01796,Customer 01796,38,217.0,3,0,0.2,36,standard,24,18,0,13.9,34,51.3,1,1
cust-01797,Customer 01797,11,1089.32,4,1,17.7,50,premium,20,6,5,13.6,2,46.3,2,0
cust-01798,Customer 01798,8,396.84,3,0,-20.4,58,standard,28,9,0,-16.7,10,47.8,1,0
cust-01799,Customer 01799,8,508.66,3,1,6.4,61,standard,9,34,0,1.5,54,84.8,1,0
cust-01800,Customer 01800,6,423.4,3,1,20.2,65,standard,22,11,10,15.8,8,58.4,1,0
cust-01801,Customer 01801,69,171.89,2,1,-23.6,59,basic,9,15,0,-43.8,8,51.7,0,0
cust-01802,Customer 01802,41,382.03,1,0,-15.5,63,standard,8,12,0,-0.7,14,89.4,1,0
cust-01803,Customer 01803,17,1063.0,4,0,21.0,31,premium,5,0,0,24.0,68,76.9,2,0
cust-01804,Customer 01804,29,199.51,0,0,6.1,51,basic,20,8,0,5.7,73,71.8,0,0
cust-01805,Customer 01805,19,403.02,2,0,-26.4,65,standard,47,3,10,-14.6,18,53.1,1,1
cust-01806,Customer 01806,58,117.59,2,0,-42.0,48,basic,28,26,10,-33.1,20,39.1,0,1
cust-01807,Customer 01807,6,181.35,5,0,2.2,41,basic,8,24,5,-10.1,29,32.9,1,0
cust-01808,Customer 01808,14,221.5,0,1,-16.1,73,basic,27,20,10,-14.8,65,62.0,0,0
cust-01809,Customer 01809,6,840.18,1,2,18.3,6,premium,8,12,0,0.1,1,50.7,1,0
cust-01810,Customer 01810,72,858.18,8,0,28.8,19,premium,14,16,0,8.5,31,11.1,0,0
cust-01811,Customer 01811,25,598.33,6,1,21.7,54,standard,21,10,0,4.5,5,73.8,3,0
cust-01812,Customer 01812,48,107.18,1,0,27.5,56,basic,20,14,0,29.0,15,100,1,0
cust-01813,Customer 01813,33,215.92,0,4,16.9,55,basic,30,30,20,29.6,54,95.2,2,0
cust-01814,Customer 01814,29,166.28,0,0,28.7,45,basic,16,14,20,24.1,40,33.1,1,0
cust-01815,Customer 01815,29,1639.33,0,1,-8.2,53,premium,47,2,0,-3.0,39,77.7,0,0
cust-01816,Customer 01816,70,335.19,1,0,0.2,71,standard,35,14,0,7.2,19,62.7,3,0
cust-01817,Customer 01817,35,575.83,0,0,-15.3,65,standard,21,13,10,-32.3,58,54.6,1,1
cust-01818,Customer 01818,24,414.0,1,1,-8.1,52,standard,5,4,5,-7.9,25,68.7,0,0
cust-01819,Customer 01819,27,468.21,1,0,-5.6,29,standard,25,1,0,-12.2,28,7.1,1,1
cust-01820,Customer 01820,22,112.89,1,1,-2.3,63,basic,4,0,5,2.4,23,38.0,1,0
cust-01821,Customer 01821,28,1102.23,3,0,42.9,73,premium,37,1,5,50,14,100,0,0
cust-01822,Customer 01822,8,166.33,2,0,31.4,61,basic,22,13,0,22.5,34,47.9,0,0
cust-01823,Customer 01823,19,407.7,2,2,23.4,36,standard,27,24,10,14.8,25,32.9,1,0
cust-01824,Customer 01824,44,658.52,0,2,-29.7,29,premium,22,7,10,-24.6,30,45.3,0,0
cust-01825,Customer 01825,11,615.98,0,0,3.7,55,standard,4,30,10,-3.2,41,93.8,1,0
cust-01826,Customer 01826,35,1015.77,5,1,-42.3,15,premium,21,1,5,-29.7,17,94.7,1,1
cust-01827,Customer 01827,5,563.68,3,3,-16.9,36,standard,35,4,0,-8.9,0,64.4,1,0
cust-01828,Customer 01828,23,201.29,0,1,-27.0,58,basic,22,12,5,-19.2,71,45.9,2,0
cust-01829,Customer 01829,33,945.29,0,1,32.6,58,premium,35,0,10,29.4,73,87.3,0,0
cust-01830,Customer 01830,13,252.46,0,0,45,68,standard,14,13,0,50,81,43.7,1,0
cust-01831,Customer 01831,31,833.37,4,0,-1.5,80,premium,11,0,0,-8.3,36,84.4,0,0
cust-01832,Customer 01832,29,975.62,0,2,29.6,24,premium,4,0,5,25.7,67,73.5,2,0
cust-01833,Customer 01833,6,178.8,1,0,-24.4,60,basic,25,10,0,-26.3,60,41.5,1,0
cust-01834,Customer 01834,1,1147.32,1,1,4.3,11,premium,24,20,10,0.5,19,60.0,0,0
cust-01835,Customer 01835,22,122.34,1,1,31.2,17,basic,18,16,0,32.5,8,59.4,1,0
cust-01836,Customer 01836,13,720.84,1,2,18.2,37,premium,13,10,5,33.9,20,62.1,2,0
cust-01837,Customer 01837,15,204.22,0,0,-64.3,56,basic,24,0,5,-66.1,88,47.0,1,1
cust-01838,Customer 01838,18,332.5,0,0,-11.4,62,standard,13,9,0,-32.2,90,52.5,1,0
cust-01839,Customer 01839,2,424.69,0,0,1.2,76,standard,6,16,0,-9.8,46,67.2,0,0
cust-01840,Customer 01840,7,227.06,1,0,-17.6,46,basic,5,14,0,-26.7,25,89.4,0,0
cust-01841,Customer 01841,3,169.46,2,1,10.1,28,basic,38,18,0,22.1,34,26.8,1,1
cust-01842,Customer 01842,29,1102.32,4,0,4.7,29,premium,8,0,0,-1.1,40,93.1,2,0
cust-01843,Customer 01843,34,317.66,0,1,-27.9,55,standard,19,12,15,-32.4,90,93.0,0,0
cust-01844,Customer 01844,21,396.59,2,2,-8.1,18,standard,3,16,10,-5.5,32,31.9,2,1
cust-01845,Customer 01845,66,516.7,0,1,-10.3,67,standard,12,4,5,-6.9,82,61.0,0,0
cust-01846,Customer 01846,17,479.0,1,0,-14.5,61,standard,9,0,0,-21.6,26,45.3,0,0
cust-01847,Customer 01847,21,1052.45,0,1,6.8,46,premium,9,0,5,11.2,49,52.3,3,0
cust-01848,Customer 01848,33,201.17,0,2,9.9,68,basic,10,18,0,13.8,87,67.8,3,0
cust-01849,Customer 01849,5,209.52,0,1,33.4,44,basic,15,13,0,38.7,49,65.3,0,0
cust-01850,Customer 01850,26,1017.74,0,1,-51.2,55,premium,33,10,0,-39.2,62,39.0,3,0
cust-01851,Customer 01851,39,431.66,1,0,18.9,64,standard,13,8,0,18.2,15,47.2,0,0
cust-01852,Customer 01852,28,511.4,0,0,18.3,30,standard,14,8,0,12.4,79,100,1,0
cust-01853,Customer 01853,47,456.94,1,0,2.3,15,premium,17,0,0,1.4,44,19.3,2,0
cust-01854,Customer 01854,7,115.78,4,0,-43.0,32,basic,33,16,0,-44.9,36,55.8,0,1
cust-01855,Customer 01855,36,485.67,0,0,1.5,63,standard,11,0,0,-5.6,42,69.0,1,0
cust-01856,Customer 01856,12,179.45,0,0,26.0,84,basic,6,24,0,11.6,82,79.4,1,0
cust-01857,Customer 01857,12,406.94,0,1,-13.2,37,standard,11,7,0,-22.0,81,5,0,0
cust-01858,Customer 01858,19,609.58,1,0,34.6,59,standard,12,33,0,33.9,68,71.2,1,0
cust-01859,Customer 01859,13,185.81,0,3,-19.4,94,basic,31,12,0,-23.3,40,43.2,0,0
cust-01860,Customer 01860,36,211.39,1,0,-20.7,60,basic,6,24,0,-16.6,31,57.1,1,0
cust-01861,Customer 01861,16,479.99,0,0,-28.1,14,standard,22,8,10,-35.2,89,32.7,1,1
cust-01862,Customer 01862,66,91.66,10,1,-37.5,22,basic,23,14,15,-47.9,28,48.0,2,0
cust-01863,Customer 01863,59,205.06,1,0,-0.2,95,basic,17,3,0,4.2,22,69.7,3,0
cust-01864,Customer 01864,21,338.97,1,1,-34.9,38,standard,14,7,10,-39.6,25,47.1,0,0
cust-01865,Customer 01865,21,1247.91,7,1,45,45,premium,6,13,10,50,50,62.3,0,0
cust-01866,Customer 01866,11,410.38,3,1,0.6,62,standard,15,0,10,0.0,18,36.3,3,0
cust-01867,Customer 01867,19,813.29,0,0,9.1,19,premium,38,10,0,13.3,35,59.1,3,0
cust-01868,Customer 01868,19,87.0,2,0,-0.1,65,basic,15,12,15,4.7,10,24.5,0,0
cust-01869,Customer 01869,19,472.56,4,2,-17.7,37,standard,13,4,15,-19.6,27,27.6,0,0
cust-01870,Customer 01870,10,1109.11,0,2,-35.3,95,premium,33,0,15,-33.8,39,51.7,1,0
cust-01871,Customer 01871,15,530.3,2,1,-9.9,25,standard,23,17,0,-24.8,35,55.4,2,1
cust-01872,Customer 01872,29,91.0,11,0,7.4,37,basic,20,15,5,13.7,47,83.9,0,0
cust-01873,Customer 01873,35,211.9,0,0,17.2,17,basic,48,0,0,13.7,30,44.0,2,0
cust-01874,Customer 01874,20,827.25,1,3,1.2,54,premium,12,0,0,7.6,32,68.6,0,0
cust-01875,Customer 01875,31,197.96,3,1,-17.4,35,basic,16,0,15,-29.1,49,41.4,0,0
cust-01876,Customer 01876,10,397.79,0,1,18.1,13,standard,13,13,10,18.9,38,51.0,2,0
cust-01877,Customer 01877,45,158.08,3,2,-9.1,55,basic,38,4,10,-0.6,43,45.5,0,0
cust-01878,Customer 01878,28,177.01,0,0,11.5,65,basic,13,23,0,7.0,87,81.1,0,0
cust-01879,Customer 01879,38,199.29,0,2,-19.6,80,basic,6,20,0,-18.1,42,62.3,0,0
cust-01880,Customer 01880,52,420.59,5,0,-2.0,84,standard,27,10,10,-6.6,35,86.9,0,0
cust-01881,Customer 01881,15,238.35,0,1,-4.8,38,basic,41,21,0,-2.0,35,67.1,0,0
cust-01882,Customer 01882,3,276.0,0,0,22.0,28,standard,8,15,0,20.2,32,54.3,0,0
cust-01883,Customer 01883,26,894.45,3,0,-15.7,49,premium,17,0,0,-7.9,20,56.5,0,0
cust-01884,Customer 01884,52,637.12,2,0,45,48,premium,16,2,0,41.3,45,76.1,0,0
cust-01885,Customer 01885,19,825.32,0,1,44.5,69,premium,43,0,0,43.3,34,40.8,1,0
cust-01886,Customer 01886,15,1063.79,0,3,2.8,63,premium,7,19,5,4.8,45,32.9,1,0
cust-01887,Customer 01887,29,781.66,2,0,19.8,43,premium,15,3,0,12.1,9,49.1,1,0
cust-01888,Customer 01888,72,288.67,0,0,-52.0,82,standard,24,6,10,-51.2,34,38.2,0,0
cust-01889,Customer 01889,25,218.56,0,0,21.4,40,basic,6,0,0,34.6,90,10.1,3,0
cust-01890,Customer 01890,33,1140.12,3,0,-22.7,33,premium,15,0,10,-25.3,6,45.5,2,0
cust-01891,Customer 01891,25,159.03,0,1,9.9,47,basic,11,8,10,5.5,45,58.8,0,0
cust-01892,Customer 01892,25,890.22,0,0,-22.6,64,premium,21,0,5,-16.4,45,50.0,1,0
cust-01893,Customer 01893,33,107.59,4,0,1.7,-5,basic,15,7,0,-5.0,22,57.9,2,0
cust-01894,Customer 01894,35,125.71,1,0,7.5,31,basic,8,8,15,0.1,11,20.3,0,0
cust-01895,Customer 01895,26,285.45,2,0,-0.7,39,basic,13,9,5,-5.2,90,30.3,0,0
cust-01896,Customer 01896,4,288.93,1,0,-20.8,22,standard,11,2,10,-24.6,24,89.7,3,0
cust-01897,Customer 01897,34,511.72,1,1,9.8,45,standard,22,29,0,9.6,70,53.2,0,0
cust-01898,Customer 01898,4,412.79,1,1,-15.4,24,standard,17,12,0,-16.0,12,37.5,1,1
cust-01899,Customer 01899,14,1042.05,0,0,23.8,73,premium,8,0,10,23.6,28,80.7,0,0
cust-01900,Customer 01900,42,168.07,0,0,-39.2,0,basic,14,13,15,-40.2,40,41.3,0,1
cust-01901,Customer 01901,1,106.95,0,1,1.8,48,basic,32,14,0,-8.5,75,50.3,0,0
cust-01902,Customer 01902,13,629.34,7,0,10.5,74,standard,39,0,0,-2.6,2,62.5,3,0
cust-01903,Customer 01903,5,1366.85,3,0,-8.8,26,premium,9,25,10,-6.4,21,64.9,0,0
cust-01904,Customer 01904,56,725.95,2,0,-20.8,33,premium,27,11,5,-24.8,9,71.9,3,1
cust-01905,Customer 01905,51,1224.76,1,3,9.1,52,premium,23,12,0,15.0,49,53.7,1,0
cust-01906,Customer 01906,18,198.74,1,1,-3.9,77,basic,71,5,10,6.4,17,59.3,1,0
cust-01907,Customer 01907,28,1013.05,4,2,-12.9,13,premium,19,0,0,3.0,9,69.9,1,0
cust-01908,Customer 01908,52,160.62,1,1,7.7,68,basic,27,9,0,19.0,17,68.5,0,0
cust-01909,Customer 01909,20,589.77,2,0,-5.0,71,standard,50,18,0,-8.0,20,16.0,0,0
cust-01910,Customer 01910,11,125.63,0,0,-45.8,47,basic,72,8,0,-37.1,57,25.4,3,1
cust-01911,Customer 01911,48,181.11,2,0,-20.1,18,basic,62,6,5,-18.8,27,42.7,0,1
cust-01912,Customer 01912,38,345.68,2,0,-6.6,18,standard,16,7,5,-16.0,37,21.0,0,0
cust-01913,Customer 01913,29,1036.73,0,0,3.1,51,premium,10,0,5,-9.5,35,18.9,2,0
cust-01914,Customer 01914,32,453.43,0,0,45,30,standard,5,38,0,36.7,88,28.6,0,1
cust-01915,Customer 01915,43,399.71,6,1,-17.5,60,standard,12,12,0,-5.6,19,67.8,1,0
cust-01916,Customer 01916,23,1001.32,0,0,-2.0,28,premium,28,1,15,-20.0,87,73.7,2,0
cust-01917,Customer 01917,15,436.52,0,1,-23.0,23,standard,16,10,15,-33.1,77,48.7,0,0
cust-01918,Customer 01918,13,271.55,1,0,-16.9,73,basic,14,0,0,-10.0,75,51.7,1,0
cust-01919,Customer 01919,2,121.65,1,0,-18.2,29,basic,8,0,0,-12.3,4,55.8,1,0
cust-01920,Customer 01920,35,392.64,2,2,-3.2,4,standard,75,13,0,4.8,37,46.7,2,1
cust-01921,Customer 01921,31,406.46,0,0,30.5,18,standard,18,33,0,34.7,57,56.5,1,0
cust-01922,Customer 01922,60,485.84,0,0,-28.7,49,standard,20,11,10,-23.9,27,55.7,0,0
cust-01923,Customer 01923,15,362.64,8,2,-3.1,35,standard,6,20,0,1.0,54,98.4,2,0
cust-01924,Customer 01924,53,160.66,1,0,-2.4,54,basic,38,6,0,3.2,17,33.0,0,0
cust-01925,Customer 01925,7,357.11,7,0,19.3,18,standard,12,12,15,23.7,28,23.1,2,0
cust-01926,Customer 01926,46,557.25,6,1,14.8,-4,standard,8,24,20,10.8,67,57.1,0,0
cust-01927,Customer 01927,12,343.14,0,0,-24.6,40,standard,18,22,0,-16.2,32,79.8,0,0
cust-01928,Customer 01928,5,602.27,0,0,18.3,86,standard,7,19,0,9.7,35,67.4,2,0
cust-01929,Customer 01929,54,421.47,0,0,-26.1,28,standard,67,6,0,-26.5,53,45.1,2,0
cust-01930,Customer 01930,19,482.97,0,0,0.3,70,standard,47,3,15,-1.9,85,100,0,0
cust-01931,Customer 01931,23,185.94,0,1,29.3,56,basic,4,0,0,25.9,90,50.6,1,0
cust-01932,Customer 01932,72,129.18,2,0,-25.0,69,basic,34,23,20,-30.0,18,33.5,0,0
cust-01933,Customer 01933,3,165.79,0,3,2.1,51,basic,25,18,5,-5.7,70,59.4,0,0
cust-01934,Customer 01934,17,159.75,5,0,-4.8,40,basic,29,0,10,-10.0,31,100,2,0
cust-01935,Customer 01935,20,495.24,0,0,23.1,56,standard,5,0,15,24.6,41,83.0,1,0
cust-01936,Customer 01936,30,579.5,2,0,14.0,30,standard,17,4,0,8.8,42,51.1,3,0
cust-01937,Customer 01937,64,129.6,0,0,-46.7,26,basic,49,10,0,-34.4,36,59.7,0,0
cust-01938,Customer 01938,2,181.11,3,0,-2.9,13,basic,10,0,0,-12.0,11,49.7,0,0
cust-01939,Customer 01939,8,230.29,6,0,16.5,72,basic,22,1,0,13.9,15,44.8,2,0
cust-01940,Customer 01940,35,208.3,0,1,-1.1,56,basic,30,14,10,15.0,73,70.7,2,0
cust-01941,Customer 01941,32,411.76,5,1,-17.2,40,standard,16,12,5,-27.0,40,29.5,1,1
cust-01942,Customer 01942,72,318.98,1,0,28.9,58,standard,31,20,15,30.9,42,61.7,1,0
cust-01943,Customer 01943,5,875.11,1,0,-49.2,25,premium,19,9,0,-39.3,40,80.3,0,0
cust-01944,Customer 01944,25,186.83,0,3,0.0,26,basic,17,24,0,15.0,34,78.3,0,0
cust-01945,Customer 01945,67,293.34,8,0,29.4,33,standard,33,4,5,27.7,14,100,3,0
cust-01946,Customer 01946,32,964.51,6,1,-1.4,9,premium,8,13,0,-0.3,17,52.6,0,0
cust-01947,Customer 01947,13,156.55,1,2,-11.7,67,basic,10,0,0,-24.7,52,47.1,1,0
cust-01948,Customer 01948,16,183.33,0,0,17.5,49,standard,10,16,10,11.5,76,60.2,0,0
cust-01949,Customer 01949,11,124.67,0,2,-6.9,11,basic,6,24,0,3.3,33,84.2,0,0
cust-01950,Customer 01950,9,174.88,9,1,3.2,85,basic,20,18,0,20.4,55,53.4,0,0
cust-01951,Customer 01951,35,160.59,2,0,-15.6,55,basic,5,0,0,-11.7,5,66.7,0,0
cust-01952,Customer 01952,16,213.6,0,0,5.5,60,basic,7,31,0,-13.5,86,75.2,0,0
cust-01953,Customer 01953,18,199.55,1,0,11.9,57,basic,12,20,15,9.7,13,75.5,1,0
cust-01954,Customer 01954,26,336.34,2,2,-33.5,39,standard,29,9,0,-22.6,11,38.0,1,1
cust-01955,Customer 01955,40,258.53,4,1,7.0,30,standard,11,5,0,-6.0,2,99.3,0,0
cust-01956,Customer 01956,19,208.12,0,0,16.3,25,basic,7,0,0,13.7,69,61.4,0,0
cust-01957,Customer 01957,6,413.15,3,0,-6.3,55,standard,18,8,5,-5.7,17,60.5,1,0
cust-01958,Customer 01958,62,172.85,2,0,7.3,40,basic,22,30,0,8.8,19,55.1,1,0
cust-01959,Customer 01959,33,151.34,0,1,4.6,62,basic,13,30,0,-7.6,57,78.7,0,0
cust-01960,Customer 01960,33,137.55,0,2,-25.7,39,basic,30,0,10,-25.4,83,81.6,0,1
cust-01961,Customer 01961,13,430.27,0,0,-21.9,53,standard,18,15,5,-16.9,81,58.3,1,0
cust-01962,Customer 01962,7,290.93,2,0,22.2,23,standard,6,5,0,27.0,12,17.9,0,1
cust-01963,Customer 01963,21,212.22,0,0,6.3,23,basic,3,18,15,6.9,86,34.9,0,0
cust-01964,Customer 01964,27,145.74,0,0,-3.2,76,basic,17,19,0,0.3,72,58.7,3,0
cust-01965,Customer 01965,44,125.78,2,2,-8.9,76,basic,13,9,0,-6.6,7,100,1,0
cust-01966,Customer 01966,25,130.78,0,0,7.8,39,basic,2,43,0,7.0,50,5,2,0
cust-01967,Customer 01967,15,329.87,2,0,-4.7,88,standard,4,22,5,-7.5,55,36.0,2,0
cust-01968,Customer 01968,38,197.83,0,0,-30.7,31,basic,11,31,0,-39.8,81,88.8,0,0
cust-01969,Customer 01969,16,1076.87,1,2,-0.7,30,premium,38,6,5,-3.1,18,58.7,1,0
cust-01970,Customer 01970,41,289.64,0,0,1.4,44,standard,9,27,0,3.3,80,54.0,0,0
cust-01971,Customer 01971,7,547.2,0,1,-26.4,69,standard,21,12,15,-27.5,55,68.5,1,0
cust-01972,Customer 01972,37,504.43,0,2,-19.1,35,standard,23,42,0,-17.5,30,87.5,2,1
cust-01973,Customer 01973,25,156.24,0,0,2.4,89,basic,28,1,15,2.6,80,47.8,0,0
cust-01974,Customer 01974,27,467.43,0,0,1.8,63,standard,4,2,0,-11.3,58,61.0,0,0
cust-01975,Customer 01975,6,1190.78,4,0,-29.4,57,premium,34,14,0,-31.6,48,36.6,3,1
cust-01976,Customer 01976,12,380.85,1,0,-26.9,23,standard,37,25,0,-28.4,36,82.1,1,0
cust-01977,Customer 01977,21,1819.3,2,0,2.3,69,premium,82,5,5,2.2,16,40.0,0,0
cust-01978,Customer 01978,47,350.41,4,0,-15.4,-10,standard,11,13,0,-11.7,22,34.1,1,0
cust-01979,Customer 01979,46,311.62,0,1,3.8,41,standard,18,16,5,-1.4,25,58.6,0,0
cust-01980,Customer 01980,10,206.94,0,0,-2.3,-4,basic,2,14,0,-3.9,73,62.3,0,0
cust-01981,Customer 01981,21,777.67,0,0,26.0,0,premium,41,8,5,18.5,33,63.2,2,0
cust-01982,Customer 01982,16,160.21,2,2,-17.5,71,basic,13,0,5,-18.0,65,43.4,0,0
cust-01983,Customer 01983,4,130.87,0,1,9.1,59,basic,8,15,0,-5.9,53,46.0,0,0
cust-01984,Customer 01984,27,319.26,0,0,23.2,48,standard,11,21,15,20.8,61,68.5,0,0
cust-01985,Customer 01985,5,515.14,0,0,-8.2,-1,standard,42,2,0,-11.4,43,69.0,0,0
cust-01986,Customer 01986,37,384.28,2,1,-14.3,40,standard,7,11,10,-14.6,11,14.9,1,0
cust-01987,Customer 01987,29,147.03,0,0,-10.0,31,basic,19,21,0,-17.5,57,75.8,1,0
cust-01988,Customer 01988,8,84.65,9,1,-37.1,66,basic,11,0,0,-21.3,34,34.4,2,0
cust-01989,Customer 01989,3,139.46,1,1,18.9,44,basic,33,13,5,15.2,39,73.7,0,0
cust-01990,Customer 01990,66,164.47,4,1,19.6,61,basic,13,14,10,14.5,68,66.0,2,0
cust-01991,Customer 01991,15,150.89,3,3,15.4,20,basic,1,0,15,16.1,27,82.1,0,0
cust-01992,Customer 01992,30,339.09,4,1,25.6,38,standard,18,16,0,28.7,27,87.1,1,0
cust-01993,Customer 01993,32,341.59,7,0,19.3,25,standard,25,0,10,17.3,31,75.6,1,1
cust-01994,Customer 01994,28,481.13,1,0,-28.1,10,standard,20,16,0,-25.2,4,25.3,0,0
cust-01995,Customer 01995,7,316.59,0,0,24.7,34,standard,45,19,0,17.6,88,84.5,1,0
cust-01996,Customer 01996,40,331.88,1,0,-21.6,95,standard,6,17,5,-22.6,16,28.1,1,0
cust-01997,Customer 01997,43,155.71,0,1,20.0,20,basic,29,15,15,21.0,37,67.1,1,0
cust-01998,Customer 01998,7,1322.95,1,0,2.1,48,premium,15,3,5,-4.1,34,51.5,0,0
cust-01999,Customer 01999,8,88.5,4,0,-23.2,35,basic,2,10,0,-17.4,28,34.5,0,0
cust-02000,Customer 02000,16,231.03,1,0,2.0,78,basic,26,14,5,-15.8,82,66.8,2,0
cust-02001,Customer 02001,7,1188.62,0,2,0.4,74,premium,27,0,0,-1.9,60,69.8,0,0
cust-02002,Customer 02002,14,1301.05,7,1,-7.8,30,premium,6,7,0,11.1,19,15.9,0,0
cust-02003,Customer 02003,35,179.15,2,0,21.6,24,basic,39,23,5,37.8,72,59.3,0,0
cust-02004,Customer 02004,14,1059.67,1,1,-4.4,34,premium,19,0,5,-3.4,45,25.0,1,0
cust-02005,Customer 02005,9,374.35,0,3,4.3,61,standard,21,0,10,-6.3,72,27.5,1,0
cust-02006,Customer 02006,26,348.37,2,1,-20.6,35,standard,35,16,5,-19.2,26,93.1,0,0
cust-02007,Customer 02007,14,372.69,0,0,26.6,15,standard,65,7,15,26.1,62,15.0,0,1
cust-02008,Customer 02008,8,181.51,0,0,-13.8,51,standard,49,19,0,-20.8,51,54.6,0,1
cust-02009,Customer 02009,18,1145.69,2,1,5.7,32,premium,12,15,0,6.6,15,63.0,1,0
cust-02010,Customer 02010,32,317.94,1,0,-10.2,64,standard,14,3,0,-21.4,23,52.5,1,0
cust-02011,Customer 02011,9,1214.27,3,1,1.3,15,premium,24,21,0,2.4,43,71.6,1,0
cust-02012,Customer 02012,14,130.4,4,0,-12.2,75,basic,25,10,5,-10.3,9,30.3,1,0
cust-02013,Customer 02013,12,143.91,0,0,-40.5,-3,basic,26,17,0,-33.6,78,14.6,0,0
cust-02014,Customer 02014,3,190.74,1,1,-36.0,47,basic,12,0,0,-40.9,31,59.8,1,1
cust-02015,Customer 02015,20,158.2,5,1,-9.4,45,basic,3,27,5,-2.8,59,53.0,1,1
cust-02016,Customer 02016,14,585.66,0,0,-3.2,75,standard,21,22,5,-12.8,87,66.0,0,0
cust-02017,Customer 02017,27,155.19,1,1,-33.3,34,basic,17,0,10,-28.1,19,68.7,0,0
cust-02018,Customer 02018,6,117.12,5,2,-23.3,79,basic,24,11,0,-23.7,9,54.8,2,0
cust-02019,Customer 02019,20,270.84,0,0,22.4,50,standard,14,16,0,18.2,59,57.4,1,0
cust-02020,Customer 02020,40,1195.28,2,3,10.3,53,premium,22,14,0,19.4,21,48.9,1,0
cust-02021,Customer 02021,18,136.13,3,1,3.2,27,basic,18,8,0,18.1,44,44.7,2,0
cust-02022,Customer 02022,22,171.22,0,3,-44.6,48,basic,31,13,10,-32.7,35,35.6,0,1
cust-02023,Customer 02023,20,347.87,1,0,-27.0,71,standard,17,13,0,-35.7,16,98.7,2,0
cust-02024,Customer 02024,24,148.47,0,0,12.2,34,basic,9,18,15,12.5,48,25.2,1,0
cust-02025,Customer 02025,22,161.18,0,0,-6.3,20,basic,10,13,5,-11.4,41,85.3,3,0
cust-02026,Customer 02026,31,1189.1,0,1,-12.2,21,premium,7,4,0,-22.9,88,78.6,2,1
cust-02027,Customer 02027,22,339.1,2,0,14.9,52,standard,3,20,5,7.7,14,75.0,0,0
cust-02028,Customer 02028,18,109.25,4,0,20.0,33,basic,15,16,10,25.3,11,75.7,3,0
cust-02029,Customer 02029,36,263.15,2,0,-42.9,95,standard,13,0,0,-43.3,28,8.6,0,0
cust-02030,Customer 02030,7,312.39,3,0,-19.3,15,standard,3,17,5,-9.9,13,72.5,2,0
cust-02031,Customer 02031,10,154.4,0,0,-6.1,64,basic,11,14,5,-14.5,44,52.0,0,0
cust-02032,Customer 02032,7,137.66,3,0,40.8,35,basic,12,22,0,41.0,34,90.4,2,0
cust-02033,Customer 02033,8,225.94,5,0,-39.1,6,standard,26,20,5,-40.5,10,100,0,1
cust-02034,Customer 02034,34,178.73,4,0,-14.3,37,basic,32,20,0,-2.3,41,53.3,1,0
cust-02035,Customer 02035,45,133.01,0,1,35.4,32,basic,22,2,10,28.5,39,59.7,3,0
cust-02036,Customer 02036,28,336.41,0,0,1.4,60,standard,9,9,5,3.0,64,78.1,3,1
cust-02037,Customer 02037,21,183.5,3,0,-22.6,82,basic,16,3,0,-13.1,23,39.8,1,0
cust-02038,Customer 02038,11,779.08,2,1,-24.2,66,premium,25,12,0,-20.1,42,97.5,1,0
cust-02039,Customer 02039,68,170.9,0,0,-21.6,95,basic,30,17,10,-12.7,47,90.3,3,0
cust-02040,Customer 02040,6,286.8,1,2,-2.8,44,basic,22,18,10,-7.6,53,17.2,0,0
cust-02041,Customer 02041,26,432.68,1,0,1.8,19,standard,9,15,0,10.9,15,43.5,0,0
cust-02042,Customer 02042,25,479.39,2,0,30.2,29,standard,4,9,0,31.4,14,13.9,1,0
cust-02043,Customer 02043,65,152.58,5,0,20.3,71,basic,32,16,10,31.9,38,38.4,2,0
cust-02044,Customer 02044,6,105.21,2,0,-36.6,23,basic,35,27,0,-29.2,27,25.3,1,0
cust-02045,Customer 02045,51,104.74,1,0,24.4,30,basic,5,17,0,17.0,90,24.4,0,0
cust-02046,Customer 02046,10,529.88,0,0,-15.2,43,standard,56,7,10,-4.8,54,40.6,0,0
cust-02047,Customer 02047,51,377.6,3,0,0.7,82,standard,11,18,5,0.6,6,59.9,3,0
cust-02048,Customer 02048,12,451.86,2,0,-1.1,62,standard,3,0,5,-3.9,19,68.2,1,0
cust-02049,Customer 02049,30,394.72,7,0,-31.2,57,standard,26,0,15,-31.5,48,43.3,2,0
cust-02050,Customer 02050,18,187.33,9,0,-22.9,48,basic,13,19,5,-12.1,5,63.8,0,0
cust-02051,Customer 02051,46,202.34,0,1,19.1,75,basic,27,3,0,16.0,64,79.7,1,0
cust-02052,Customer 02052,25,181.51,1,2,-18.5,69,basic,77,30,0,-12.6,14,61.3,1,1
cust-02053,Customer 02053,19,1205.0,4,0,33.7,78,premium,13,14,5,30.0,3,72.1,3,0
cust-02054,Customer 02054,48,137.57,0,1,11.8,83,basic,15,32,0,0.0,76,49.3,1,0
cust-02055,Customer 02055,25,1307.24,1,1,13.1,93,premium,3,0,10,10.5,16,78.6,1,0
cust-02056,Customer 02056,12,1377.8,2,1,-36.1,10,premium,32,15,15,-55.9,33,72.9,1,1
cust-02057,Customer 02057,13,525.65,0,1,-14.2,13,standard,11,16,0,-22.2,49,60.1,0,0
cust-02058,Customer 02058,12,225.62,4,0,-8.8,37,standard,21,7,0,-1.8,15,58.4,3,0
cust-02059,Customer 02059,33,1058.71,1,0,10.4,68,premium,13,11,0,8.3,36,38.7,0,0
cust-02060,Customer 02060,29,123.18,2,1,10.5,35,basic,28,1,0,5.7,1,94.7,1,0
cust-02061,Customer 02061,6,193.77,1,0,15.9,53,basic,9,13,0,17.5,35,18.9,3,0
cust-02062,Customer 02062,31,298.14,1,0,-6.8,11,standard,27,11,0,-2.4,28,42.3,1,1
cust-02063,Customer 02063,8,319.79,0,0,-19.3,49,standard,15,0,5,-29.2,87,52.8,0,0
cust-02064,Customer 02064,42,954.71,9,1,15.8,55,premium,16,15,15,16.8,25,38.6,1,0
cust-02065,Customer 02065,16,125.33,4,2,14.3,45,basic,24,10,0,20.9,12,95.1,2,0
cust-02066,Customer 02066,5,1203.39,0,0,20.4,57,premium,8,19,0,20.0,42,44.4,0,0
cust-02067,Customer 02067,29,422.57,2,0,-16.6,71,standard,18,13,0,-14.0,33,39.7,3,0
cust-02068,Customer 02068,26,133.1,0,0,-14.3,17,basic,9,22,0,-37.2,52,62.3,1,0
cust-02069,Customer 02069,21,722.85,0,3,-10.9,64,premium,18,9,0,-8.1,65,23.4,0,0
cust-02070,Customer 02070,19,344.37,0,4,-39.8,10,standard,26,1,15,-30.2,26,55.3,0,0
cust-02071,Customer 02071,57,354.72,3,1,24.8,40,standard,14,20,5,1.7,43,52.0,0,0
cust-02072,Customer 02072,19,239.79,0,0,2.1,40,basic,8,5,10,-15.5,27,42.2,0,0
cust-02073,Customer 02073,28,90.7,0,1,-46.4,72,basic,74,10,0,-46.6,72,5,1,1
cust-02074,Customer 02074,56,364.08,0,0,29.3,45,standard,18,26,0,32.5,36,45.6,1,0
cust-02075,Customer 02075,31,215.67,0,0,-37.1,44,basic,9,27,10,-48.5,28,64.8,1,0
cust-02076,Customer 02076,8,515.85,3,0,-6.6,56,premium,17,20,0,3.8,7,27.0,1,0
cust-02077,Customer 02077,34,969.26,1,1,31.5,76,premium,10,1,0,35.8,15,74.4,0,0
cust-02078,Customer 02078,20,241.66,2,0,21.1,50,basic,14,22,0,26.1,26,71.3,2,0
cust-02079,Customer 02079,46,489.89,0,0,3.8,23,standard,27,28,0,-3.4,77,86.1,2,0
cust-02080,Customer 02080,28,826.32,2,0,-35.4,16,premium,26,5,0,-41.2,10,83.2,2,0
cust-02081,Customer 02081,7,315.68,3,2,-5.4,5,standard,13,14,0,0.8,60,55.5,0,0
cust-02082,Customer 02082,19,115.89,1,0,-3.2,30,basic,8,13,5,-8.3,49,31.3,0,0
cust-02083,Customer 02083,36,461.07,2,0,-56.0,22,standard,13,0,5,-56.6,6,30.5,2,0
cust-02084,Customer 02084,9,132.87,2,0,2.3,-7,basic,3,0,5,3.2,7,55.4,1,0
cust-02085,Customer 02085,8,434.6,1,1,-14.8,65,standard,1,1,0,-8.6,21,65.3,0,0
cust-02086,Customer 02086,33,1047.06,5,1,-39.3,74,premium,12,12,0,-36.7,13,69.5,1,0
cust-02087,Customer 02087,13,184.97,0,3,28.3,17,basic,27,14,0,19.7,25,28.2,0,1
cust-02088,Customer 02088,21,124.75,7,0,10.2,18,basic,7,16,0,9.7,19,58.8,0,0
cust-02089,Customer 02089,62,675.94,0,0,-31.0,4,premium,26,13,0,-19.8,48,58.5,0,0
cust-02090,Customer 02090,28,420.62,1,0,4.9,63,standard,14,5,0,8.8,37,60.3,0,0
cust-02091,Customer 02091,23,386.52,5,0,-23.7,38,standard,15,2,10,-37.3,5,82.3,1,0
cust-02092,Customer 02092,20,119.8,5,0,-3.6,53,basic,24,11,0,-14.3,33,35.2,2,0
cust-02093,Customer 02093,18,100.73,7,2,15.5,37,basic,13,4,0,16.4,37,56.3,0,0
cust-02094,Customer 02094,45,369.17,1,0,-1.2,51,standard,6,18,0,-4.5,70,39.0,1,0
cust-02095,Customer 02095,26,106.76,10,0,-21.6,52,basic,15,0,15,-31.7,9,51.8,1,0
cust-02096,Customer 02096,26,451.46,1,0,-18.2,31,standard,7,15,0,-21.5,31,84.6,1,0
cust-02097,Customer 02097,19,1158.65,1,1,-26.8,57,premium,28,5,5,-25.5,11,83.9,0,0
cust-02098,Customer 02098,11,445.78,3,0,-16.9,49,standard,15,15,0,-11.3,18,98.8,0,0
cust-02099,Customer 02099,32,181.7,1,0,-24.2,0,basic,64,7,10,-27.1,26,43.8,0,1
cust-02100,Customer 02100,52,1152.33,3,2,4.0,45,premium,22,21,20,-1.9,21,53.4,1,0
cust-02101,Customer 02101,19,160.29,9,2,-25.0,42,basic,14,15,15,-23.0,44,65.8,2,1
cust-02102,Customer 02102,14,174.16,0,0,-15.3,84,basic,33,7,0,-14.8,79,98.5,0,0
cust-02103,Customer 02103,19,147.61,1,0,-6.9,12,basic,14,17,5,-9.0,62,37.5,0,0
cust-02104,Customer 02104,12,297.45,1,1,15.1,18,standard,48,2,0,31.0,38,39.6,2,0
cust-02105,Customer 02105,43,428.25,0,0,-44.6,65,standard,47,13,10,-44.6,48,62.7,0,0
cust-02106,Customer 02106,10,872.78,1,0,-0.9,63,premium,20,5,5,-0.5,8,53.5,0,0
cust-02107,Customer 02107,21,466.27,1,0,-11.1,23,standard,20,9,5,-14.4,9,32.4,1,0
cust-02108,Customer 02108,64,142.81,1,1,-9.9,19,basic,3,14,5,-19.0,9,50.2,2,0
cust-02109,Customer 02109,22,1771.96,9,0,-2.5,41,premium,7,14,0,-9.0,29,64.5,0,0
cust-02110,Customer 02110,40,169.82,1,0,14.7,4,basic,15,19,10,22.2,15,51.8,1,0
cust-02111,Customer 02111,17,471.12,4,0,-3.6,15,standard,6,20,0,-11.6,26,49.1,0,0
cust-02112,Customer 02112,21,417.7,1,1,16.2,34,standard,17,0,10,23.0,25,45.4,1,0
cust-02113,Customer 02113,33,160.84,0,1,18.4,46,basic,6,16,5,9.5,74,59.6,1,0
cust-02114,Customer 02114,44,207.24,8,0,-16.1,59,basic,15,23,0,-6.5,20,57.9,0,0
cust-02115,Customer 02115,23,182.62,2,0,33.0,68,basic,2,0,0,33.4,29,100,2,0
cust-02116,Customer 02116,14,950.65,1,0,-5.7,40,premium,9,0,15,0.4,55,21.1,1,0
cust-02117,Customer 02117,22,167.22,7,2,31.6,71,basic,30,14,5,29.8,20,73.6,0,0
cust-02118,Customer 02118,8,165.43,6,0,-21.9,95,basic,13,28,5,-22.8,15,94.8,3,0
cust-02119,Customer 02119,4,456.78,2,2,-11.2,39,standard,26,1,0,-7.0,34,52.3,1,0
cust-02120,Customer 02120,16,440.22,11,3,-24.3,33,standard,21,15,0,-12.8,55,29.0,0,1
cust-02121,Customer 02121,36,908.71,4,0,3.8,82,premium,9,0,0,3.6,74,46.8,1,0
cust-02122,Customer 02122,16,563.99,8,1,-9.9,10,standard,5,18,10,-9.9,53,81.1,0,0
cust-02123,Customer 02123,14,900.69,1,0,-14.1,36,premium,8,0,0,-2.9,8,21.1,1,1
cust-02124,Customer 02124,56,855.98,1,0,2.7,59,premium,13,11,0,-12.2,25,57.0,1,1
cust-02125,Customer 02125,13,375.75,1,2,11.1,50,standard,27,17,5,13.4,20,50.0,0,0
cust-02126,Customer 02126,17,424.91,0,0,-11.4,83,standard,11,17,5,-16.9,71,57.9,0,0
cust-02127,Customer 02127,34,203.84,1,1,12.6,56,basic,33,12,0,1.1,4,84.8,1,0
cust-02128,Customer 02128,14,386.31,0,1,32.4,9,standard,15,13,10,8.5,62,52.9,1,0
cust-02129,Customer 02129,6,170.73,0,0,-8.8,55,basic,23,13,10,-1.8,71,64.6,1,0
cust-02130,Customer 02130,72,376.64,0,2,21.1,95,standard,41,14,0,25.3,75,88.1,1,1
cust-02131,Customer 02131,12,1395.24,2,0,1.8,51,premium,32,27,0,4.4,18,55.7,2,0
cust-02132,Customer 02132,14,294.75,0,2,-7.1,50,standard,23,18,10,-3.0,50,43.5,0,0
cust-02133,Customer 02133,28,517.52,1,0,45,49,standard,14,1,10,44.4,25,70.1,0,0
cust-02134,Customer 02134,24,438.44,0,1,23.0,36,standard,58,21,0,27.3,46,66.9,0,1
cust-02135,Customer 02135,18,165.32,0,0,-11.2,44,basic,12,0,15,-10.1,38,40.3,0,0
cust-02136,Customer 02136,9,564.35,0,0,12.8,55,standard,31,6,10,8.3,82,44.9,1,0
cust-02137,Customer 02137,13,448.03,1,0,-24.3,68,standard,5,26,5,-37.5,20,77.0,0,0
cust-02138,Customer 02138,13,378.09,0,1,-45.0,29,standard,25,11,10,-38.9,43,94.9,1,1
cust-02139,Customer 02139,31,167.02,1,0,25.2,15,basic,31,14,10,25.4,27,45.0,1,0
cust-02140,Customer 02140,37,357.32,0,0,19.7,31,standard,4,14,0,7.1,80,65.3,0,0
cust-02141,Customer 02141,5,190.6,0,1,16.0,24,basic,5,0,0,9.0,56,47.5,0,0
cust-02142,Customer 02142,27,1098.69,1,1,-31.6,87,premium,38,19,0,-49.4,33,37.5,0,0
cust-02143,Customer 02143,31,252.74,4,2,31.3,51,basic,18,7,5,35.3,4,52.0,0,0
cust-02144,Customer 02144,67,147.46,0,0,12.3,40,basic,33,13,0,11.8,83,38.0,1,0
cust-02145,Customer 02145,10,419.09,3,0,-33.8,35,standard,19,13,0,-32.5,50,75.0,0,0
cust-02146,Customer 02146,34,178.41,0,0,6.6,88,basic,28,8,5,4.3,55,82.0,0,0
cust-02147,Customer 02147,10,337.94,0,1,22.4,70,standard,5,4,5,19.6,27,6.5,0,0
cust-02148,Customer 02148,18,133.46,1,0,-18.1,32,basic,10,10,5,-11.0,31,27.8,0,0
cust-02149,Customer 02149,26,904.59,0,1,-11.3,26,premium,39,18,10,-16.2,36,28.9,2,0
cust-02150,Customer 02150,33,186.12,2,1,-0.9,5,basic,25,4,0,7.6,23,56.7,0,0
cust-02151,Customer 02151,6,138.35,5,0,-0.2,64,basic,24,10,10,1.2,29,52.6,0,0
cust-02152,Customer 02152,54,702.72,0,0,17.9,40,premium,21,0,0,7.1,86,43.3,0,0
cust-02153,Customer 02153,13,709.75,1,1,-7.1,74,premium,13,11,5,-9.0,38,34.5,0,0
cust-02154,Customer 02154,17,222.79,6,0,22.2,60,basic,15,16,0,23.5,1,78.4,0,0
cust-02155,Customer 02155,24,474.97,1,2,-4.2,53,standard,21,29,5,-6.4,12,47.1,1,1
cust-02156,Customer 02156,52,900.38,0,0,-11.9,36,premium,20,6,10,-16.9,70,5,1,0
cust-02157,Customer 02157,21,142.92,3,0,-6.9,70,basic,43,17,0,-11.4,27,30.7,0,0
cust-02158,Customer 02158,49,453.5,0,0,19.3,47,standard,5,23,5,-2.0,55,49.4,0,0
cust-02159,Customer 02159,44,182.13,7,1,9.3,57,basic,15,8,0,-0.4,15,54.4,1,0
cust-02160,Customer 02160,37,204.36,2,1,-4.0,95,basic,18,0,0,-26.6,21,42.1,0,0
cust-02161,Customer 02161,14,177.35,0,0,11.8,36,basic,13,24,0,10.8,26,30.7,0,0
cust-02162,Customer 02162,30,170.21,0,0,-18.3,50,basic,16,20,0,-12.0,57,58.9,0,0
cust-02163,Customer 02163,8,786.18,2,0,-40.9,45,premium,18,17,5,-36.8,36,100,0,0
cust-02164,Customer 02164,31,412.49,1,1,14.5,35,standard,4,17,5,9.6,15,81.0,2,0
cust-02165,Customer 02165,52,793.15,5,1,-19.8,70,premium,6,2,0,-12.8,21,86.4,3,1
cust-02166,Customer 02166,20,145.97,2,0,4.4,36,basic,12,13,0,-2.7,32,57.3,1,0
cust-02167,Customer 02167,10,297.71,0,0,43.3,95,standard,8,6,10,47.3,42,59.0,0,0
cust-02168,Customer 02168,14,359.58,6,2,-20.3,38,standard,20,5,0,-17.7,40,76.6,1,1
cust-02169,Customer 02169,12,591.22,4,0,2.2,57,standard,11,18,0,10.9,34,13.2,0,0
cust-02170,Customer 02170,11,356.24,0,2,-44.4,33,standard,25,0,5,-33.2,66,17.6,1,1
cust-02171,Customer 02171,4,316.12,8,1,-12.3,44,standard,17,22,5,-8.8,71,43.7,2,0
cust-02172,Customer 02172,4,259.6,0,0,-9.6,14,standard,5,24,15,-23.6,45,40.6,3,0
cust-02173,Customer 02173,36,80.12,0,2,-22.8,30,basic,37,10,0,-23.4,84,55.4,0,0
cust-02174,Customer 02174,11,430.93,0,0,-5.7,41,standard,16,0,0,-15.9,86,90.3,3,0
cust-02175,Customer 02175,6,163.27,0,1,9.3,8,basic,11,0,10,20.9,63,39.0,2,0
cust-02176,Customer 02176,16,108.85,7,0,20.8,71,basic,26,22,0,26.5,17,70.6,1,0
cust-02177,Customer 02177,15,580.49,3,2,-16.3,25,premium,4,15,5,-14.3,9,88.4,0,1
cust-02178,Customer 02178,18,250.71,0,1,45,30,standard,8,10,0,39.4,73,58.0,2,0
cust-02179,Customer 02179,24,920.9,2,0,-18.3,30,premium,17,6,0,-24.7,35,36.6,0,0
cust-02180,Customer 02180,19,726.27,1,1,-32.7,43,premium,79,3,5,-34.0,26,45.1,0,1
cust-02181,Customer 02181,13,102.17,0,1,10.7,38,basic,11,29,5,15.5,53,71.2,0,0
cust-02182,Customer 02182,34,552.95,1,2,-10.9,71,standard,13,11,0,3.7,18,62.6,1,0
cust-02183,Customer 02183,18,91.77,0,1,-33.5,15,basic,30,17,20,-28.0,36,81.6,0,0
cust-02184,Customer 02184,35,194.68,0,0,-16.2,70,basic,9,19,5,-20.3,52,41.3,1,0
cust-02185,Customer 02185,61,466.58,0,0,-5.3,51,standard,19,13,5,10.0,82,58.4,3,0
cust-02186,Customer 02186,14,701.88,0,1,30.9,43,standard,10,10,0,24.4,53,81.2,0,0
cust-02187,Customer 02187,8,1017.12,2,0,17.1,-2,premium,15,10,0,14.3,24,65.9,0,0
cust-02188,Customer 02188,15,381.59,1,0,20.2,53,standard,13,17,0,21.6,18,49.8,1,0
cust-02189,Customer 02189,33,147.79,0,2,2.9,52,basic,13,5,0,7.8,56,44.1,1,0
cust-02190,Customer 02190,7,1094.04,5,2,1.7,62,premium,3,0,0,-3.7,20,47.2,1,0
cust-02191,Customer 02191,38,862.87,2,0,19.9,79,premium,8,8,0,28.2,33,21.0,1,0
cust-02192,Customer 02192,26,198.83,6,0,17.9,49,basic,41,0,0,8.0,25,23.4,1,0
cust-02193,Customer 02193,38,197.35,0,0,13.4,54,basic,3,24,0,22.3,53,78.8,1,0
cust-02194,Customer 02194,44,177.33,0,2,-6.5,70,basic,10,22,15,-2.6,70,87.8,3,0
cust-02195,Customer 02195,62,813.68,0,0,-43.0,29,premium,17,20,0,-47.2,48,95.9,0,0
cust-02196,Customer 02196,39,1688.75,0,1,5.1,26,premium,11,7,0,1.7,42,81.8,3,0
cust-02197,Customer 02197,19,710.32,1,0,-5.0,31,premium,63,8,0,6.2,56,15.1,1,1
cust-02198,Customer 02198,16,306.74,4,1,-31.7,49,standard,25,9,0,-20.8,27,72.6,3,0
cust-02199,Customer 02199,17,469.49,0,0,27.6,89,standard,38,9,0,33.5,71,38.1,1,0
cust-02200,Customer 02200,24,446.75,2,0,-34.8,49,standard,14,26,0,-41.8,38,91.7,1,0
cust-02201,Customer 02201,38,106.56,3,0,-13.7,56,basic,20,4,0,-21.3,26,42.3,0,0
cust-02202,Customer 02202,1,399.47,1,0,28.1,95,standard,12,13,0,5.2,57,37.8,2,0
cust-02203,Customer 02203,22,361.59,1,0,-14.5,30,standard,20,28,20,-18.1,20,42.4,1,0
cust-02204,Customer 02204,62,245.54,3,1,-3.2,69,basic,13,6,5,3.3,4,29.7,0,0
cust-02205,Customer 02205,66,190.65,1,2,8.4,14,basic,31,27,10,10.3,10,28.7,0,0
cust-02206,Customer 02206,43,133.38,4,0,7.7,3,basic,49,11,0,6.0,27,72.3,2,0
cust-02207,Customer 02207,12,368.61,3,3,14.1,55,standard,21,8,10,7.4,43,55.1,0,0
cust-02208,Customer 02208,53,402.5,2,0,-8.4,64,standard,12,3,10,11.5,13,11.5,0,0
cust-02209,Customer 02209,28,448.23,3,1,5.9,31,standard,23,3,20,4.8,19,25.3,1,1
cust-02210,Customer 02210,32,264.47,1,1,-2.4,64,standard,4,42,15,8.4,45,26.1,0,0
cust-02211,Customer 02211,48,572.0,1,0,-14.8,48,standard,20,25,0,-10.9,11,73.4,0,0
cust-02212,Customer 02212,29,433.74,0,0,-26.9,69,standard,29,18,10,-4.3,51,35.0,0,0
cust-02213,Customer 02213,5,166.95,1,1,-10.0,55,basic,22,2,15,-10.7,21,39.8,1,0
cust-02214,Customer 02214,20,99.09,2,0,-39.8,82,basic,17,0,0,-41.9,9,39.9,0,0
cust-02215,Customer 02215,24,474.27,2,0,16.1,37,standard,15,12,0,6.3,7,32.2,0,0
cust-02216,Customer 02216,44,281.96,0,0,1.4,34,standard,31,14,0,0.1,69,95.2,0,0
cust-02217,Customer 02217,12,164.31,1,1,-19.2,41,basic,8,12,0,-22.5,28,21.1,2,1
cust-02218,Customer 02218,11,640.4,2,1,10.6,74,standard,14,16,0,5.6,38,75.9,0,0
cust-02219,Customer 02219,19,246.73,0,1,-21.0,58,basic,24,27,20,-34.3,70,85.1,0,0
cust-02220,Customer 02220,13,180.05,0,1,-21.3,47,basic,15,18,0,-20.6,75,63.6,0,0
cust-02221,Customer 02221,19,765.09,7,0,0.1,50,premium,56,14,10,-4.2,15,28.0,0,1
cust-02222,Customer 02222,18,110.77,2,0,-13.5,69,basic,29,6,15,-9.3,32,60.9,0,0
cust-02223,Customer 02223,45,1217.08,0,0,-31.0,50,premium,54,20,10,-29.7,40,74.0,0,0
cust-02224,Customer 02224,27,197.42,1,0,40.9,29,basic,11,21,5,38.2,40,42.4,0,0
cust-02225,Customer 02225,6,543.33,0,0,-21.3,75,standard,18,8,15,-7.4,48,62.0,2,0
cust-02226,Customer 02226,23,154.31,0,0,45,66,basic,32,11,10,50,30,94.6,0,0
cust-02227,Customer 02227,29,628.74,2,0,9.5,40,premium,5,8,0,1.7,11,75.7,0,0
cust-02228,Customer 02228,15,632.38,0,0,0.2,63,premium,17,0,5,8.0,68,67.6,1,0
cust-02229,Customer 02229,8,223.63,3,1,7.9,49,basic,26,1,5,15.0,3,86.7,0,0
cust-02230,Customer 02230,3,438.36,1,0,22.1,44,standard,2,0,5,36.6,13,51.6,1,0
cust-02231,Customer 02231,56,170.05,2,0,45,49,basic,66,18,5,34.8,23,78.3,2,0
cust-02232,Customer 02232,12,92.58,0,1,-35.3,33,basic,13,16,5,-27.4,46,62.8,0,0
cust-02233,Customer 02233,24,181.89,3,1,29.0,79,basic,27,3,0,41.9,33,62.9,0,0
cust-02234,Customer 02234,58,239.29,3,2,18.6,78,basic,35,0,10,21.0,20,40.6,2,0
cust-02235,Customer 02235,18,248.0,1,1,17.4,92,standard,7,10,5,19.3,34,40.9,1,1
cust-02236,Customer 02236,42,502.31,3,0,13.6,78,standard,37,5,0,2.0,18,61.4,0,0
cust-02237,Customer 02237,20,992.45,0,1,-7.9,66,premium,25,2,5,-10.8,59,88.2,0,0
cust-02238,Customer 02238,11,478.93,1,0,3.5,41,standard,11,9,5,5.2,6,74.7,0,0
cust-02239,Customer 02239,21,170.96,1,0,14.4,15,basic,14,0,0,28.8,16,79.0,0,0
cust-02240,Customer 02240,18,108.21,5,0,39.0,87,basic,15,4,0,38.9,2,33.6,1,0
cust-02241,Customer 02241,20,194.04,0,0,-20.0,58,basic,19,25,0,-22.3,42,94.7,2,0
cust-02242,Customer 02242,34,744.44,1,0,16.2,51,premium,11,6,0,22.0,36,48.5,1,0
cust-02243,Customer 02243,49,715.0,0,0,-1.0,37,standard,12,6,0,-10.1,54,52.2,3,0
cust-02244,Customer 02244,27,196.16,0,1,-14.5,62,basic,11,16,5,-4.9,41,51.4,0,0
cust-02245,Customer 02245,8,188.42,0,0,9.3,32,basic,24,1,0,17.8,33,100,0,0
cust-02246,Customer 02246,35,899.84,1,0,14.9,64,premium,16,8,5,14.1,2,84.7,0,0
cust-02247,Customer 02247,37,218.52,1,0,23.1,56,basic,43,18,5,24.8,11,65.6,0,0
cust-02248,Customer 02248,49,396.06,2,1,-2.3,23,standard,16,29,5,-0.3,28,57.6,2,0
cust-02249,Customer 02249,35,130.25,1,0,-29.2,15,basic,35,13,10,-34.0,26,63.1,0,1
cust-02250,Customer 02250,28,282.38,0,0,13.0,58,standard,5,26,0,7.1,82,49.1,1,0
cust-02251,Customer 02251,32,452.44,1,0,4.1,37,standard,12,20,0,3.0,53,53.8,2,0
cust-02252,Customer 02252,23,244.89,0,1,44.3,63,standard,30,13,0,35.4,44,6.8,2,0
cust-02253,Customer 02253,30,455.33,0,1,-47.1,51,standard,14,12,10,-67.5,54,66.8,2,0
cust-02254,Customer 02254,23,1085.89,2,2,-43.8,73,premium,23,11,0,-43.4,9,68.1,2,0
cust-02255,Customer 02255,34,1148.31,2,0,14.3,74,premium,53,18,15,6.9,4,41.8,0,0
cust-02256,Customer 02256,65,1228.31,4,0,40.0,70,premium,10,29,0,44.9,9,52.0,2,0
cust-02257,Customer 02257,32,158.18,0,0,6.8,23,basic,14,14,0,3.7,31,53.7,0,0
cust-02258,Customer 02258,59,442.46,0,0,38.3,69,standard,42,17,15,31.0,44,54.1,0,0
cust-02259,Customer 02259,3,1382.0,0,1,-18.3,63,premium,10,0,0,-22.4,31,55.5,0,0
cust-02260,Customer 02260,8,1030.12,1,0,45,16,premium,11,0,5,47.3,8,77.1,0,0
cust-02261,Customer 02261,13,400.55,1,0,8.8,55,standard,15,14,0,18.4,30,76.2,1,0
cust-02262,Customer 02262,41,326.63,0,3,14.2,46,standard,14,0,0,13.9,67,41.6,0,0
cust-02263,Customer 02263,66,137.29,0,0,8.6,28,basic,19,16,15,8.7,50,76.0,0,0
cust-02264,Customer 02264,18,212.62,1,0,-32.2,79,basic,31,12,0,-24.3,30,86.1,1,0
cust-02265,Customer 02265,36,116.22,1,0,5.1,37,basic,17,0,0,6.7,11,41.3,0,0
cust-02266,Customer 02266,72,1041.84,1,0,-5.8,33,premium,15,4,0,0.8,6,23.7,1,0
cust-02267,Customer 02267,18,955.69,5,0,17.9,21,premium,9,0,0,7.1,15,49.7,0,0
cust-02268,Customer 02268,42,152.18,1,0,15.1,59,basic,41,18,10,16.0,19,95.6,0,0
cust-02269,Customer 02269,15,136.66,0,0,-28.1,42,basic,22,3,0,-24.8,76,52.1,1,0
cust-02270,Customer 02270,72,1121.07,2,0,-4.1,39,premium,7,30,0,-5.1,46,96.3,2,0
cust-02271,Customer 02271,14,1254.7,0,3,20.0,42,premium,8,6,15,26.2,48,42.0,0,1
cust-02272,Customer 02272,43,106.29,2,0,-18.4,66,basic,15,18,10,-15.5,47,25.1,2,0
cust-02273,Customer 02273,24,1177.37,0,0,8.5,95,premium,7,25,0,17.7,78,21.7,0,0
cust-02274,Customer 02274,7,847.83,3,1,7.5,13,premium,6,11,5,1.6,13,43.1,2,0
cust-02275,Customer 02275,43,203.5,0,0,14.8,13,standard,23,0,15,11.5,42,53.6,0,0
cust-02276,Customer 02276,24,496.55,3,0,-25.8,49,standard,38,10,5,-21.2,41,76.8,2,0
cust-02277,Customer 02277,42,507.58,3,0,-4.4,27,standard,7,10,0,-6.4,7,42.0,1,0
cust-02278,Customer 02278,33,907.57,2,0,-14.5,89,premium,21,0,0,-23.5,5,35.1,0,0
cust-02279,Customer 02279,5,184.27,3,0,-27.3,61,basic,26,12,5,-27.4,2,100,0,0
cust-02280,Customer 02280,10,1051.92,0,0,-60.2,61,premium,24,6,5,-65.9,45,96.3,2,0
cust-02281,Customer 02281,37,190.69,6,1,-38.3,43,basic,14,25,15,-40.9,31,43.3,2,0
cust-02282,Customer 02282,33,168.35,0,0,23.6,54,basic,9,26,0,22.5,28,93.3,1,0
cust-02283,Customer 02283,27,1146.04,0,0,5.5,45,premium,10,16,10,19.2,58,64.0,2,0
cust-02284,Customer 02284,36,344.11,0,1,-12.4,43,standard,29,26,10,-0.9,38,50.6,1,0
cust-02285,Customer 02285,6,353.61,3,1,-21.1,22,standard,29,0,5,-12.7,29,67.1,0,0
cust-02286,Customer 02286,34,137.26,0,2,-9.4,55,basic,45,0,5,-8.4,74,35.4,1,1
cust-02287,Customer 02287,14,349.53,4,0,13.2,33,standard,16,11,15,-5.7,26,100,1,0
cust-02288,Customer 02288,25,340.7,0,0,11.5,52,standard,20,10,0,26.3,81,75.5,1,0
cust-02289,Customer 02289,32,147.7,3,0,-29.6,26,basic,26,20,10,-19.2,1,10.0,0,0
cust-02290,Customer 02290,36,137.52,1,1,24.7,67,basic,4,9,5,30.0,3,47.4,0,0
cust-02291,Customer 02291,17,823.31,1,0,1.5,45,premium,20,10,5,9.6,32,38.8,0,0
cust-02292,Customer 02292,26,992.44,1,0,5.6,19,premium,18,25,0,8.0,90,13.1,2,1
cust-02293,Customer 02293,32,125.72,0,1,9.5,9,basic,6,2,0,10.9,88,63.3,0,0
cust-02294,Customer 02294,59,234.93,0,0,-29.5,-5,basic,40,11,0,-12.6,69,70.9,2,0
cust-02295,Customer 02295,18,1396.25,0,1,16.1,14,premium,21,2,10,5.8,53,65.0,1,0
cust-02296,Customer 02296,72,103.13,1,1,16.4,29,basic,7,1,0,19.3,53,61.4,0,0
cust-02297,Customer 02297,21,951.61,0,0,-17.1,54,premium,45,5,20,-20.6,89,52.1,0,0
cust-02298,Customer 02298,33,213.14,0,1,-32.4,80,basic,69,0,0,-43.1,89,97.0,0,0
cust-02299,Customer 02299,16,1058.55,0,0,-17.7,38,premium,14,30,0,-15.3,78,60.9,1,0
cust-02300,Customer 02300,17,254.34,2,1,-35.3,77,basic,34,13,0,-35.0,25,98.7,0,0
cust-02301,Customer 02301,54,1209.64,0,3,15.6,25,premium,7,10,15,14.7,61,36.4,3,0
cust-02302,Customer 02302,5,104.64,3,0,17.8,32,basic,12,26,0,19.4,3,70.3,1,0
cust-02303,Customer 02303,15,175.04,1,0,-42.9,95,basic,19,23,0,-38.9,32,73.2,3,0
cust-02304,Customer 02304,11,384.42,0,0,-13.0,33,standard,37,7,10,-15.4,83,72.9,3,1
cust-02305,Customer 02305,39,298.88,2,0,22.7,24,basic,14,15,0,21.7,18,14.8,1,0
cust-02306,Customer 02306,10,187.29,5,0,-1.1,52,basic,10,5,0,-7.5,13,73.5,3,0
cust-02307,Customer 02307,22,1206.6,1,0,-34.0,54,premium,22,2,0,-44.2,55,86.7,0,0
cust-02308,Customer 02308,16,226.5,2,1,-16.5,55,basic,14,9,0,-14.0,15,100,1,0
cust-02309,Customer 02309,16,237.24,2,0,-5.6,23,basic,40,19,15,1.1,18,65.1,1,1
cust-02310,Customer 02310,17,225.92,1,0,34.8,63,standard,42,0,15,42.5,25,72.8,2,0
cust-02311,Customer 02311,12,450.59,2,0,-12.1,49,standard,19,45,0,1.1,35,38.4,3,0
cust-02312,Customer 02312,20,1100.4,0,0,7.6,57,premium,28,3,0,13.9,72,97.9,1,0
cust-02313,Customer 02313,32,305.13,1,1,21.6,44,standard,23,1,5,17.4,27,42.0,2,0
cust-02314,Customer 02314,14,849.33,2,0,-3.7,35,premium,11,5,10,-2.9,9,72.8,0,0
cust-02315,Customer 02315,26,197.29,2,3,-17.5,4,basic,13,2,0,-15.4,26,28.0,1,1
cust-02316,Customer 02316,42,209.25,4,0,25.1,42,basic,19,15,10,28.4,16,42.3,0,0
cust-02317,Customer 02317,31,259.77,9,0,5.3,87,standard,12,0,20,3.0,30,36.3,0,0
cust-02318,Customer 02318,63,402.48,1,0,-29.8,12,standard,73,12,10,-23.1,33,34.7,1,0
cust-02319,Customer 02319,9,151.64,2,0,22.9,36,basic,26,26,0,27.7,27,67.8,2,0
cust-02320,Customer 02320,5,153.69,2,0,-14.2,57,basic,19,6,0,-13.0,7,8.4,0,0
cust-02321,Customer 02321,32,207.37,5,0,-8.1,54,basic,21,11,0,-17.1,40,69.9,2,0
cust-02322,Customer 02322,72,363.18,1,1,-38.9,18,standard,42,0,0,-49.0,35,5,0,1
cust-02323,Customer 02323,4,1355.77,1,1,-7.1,43,premium,12,15,0,3.2,28,44.8,1,0
cust-02324,Customer 02324,26,139.77,2,1,-15.3,35,basic,12,16,0,-23.6,65,48.1,1,0
cust-02325,Customer 02325,10,127.81,0,0,-1.4,36,basic,14,23,5,-13.3,58,43.2,0,0
cust-02326,Customer 02326,16,201.01,3,0,2.5,11,basic,16,0,0,4.2,31,58.4,0,0
cust-02327,Customer 02327,28,493.85,3,0,-7.8,60,standard,7,7,20,-15.5,64,65.3,2,0
cust-02328,Customer 02328,45,971.68,5,0,-2.9,16,premium,23,5,0,3.7,33,43.0,2,1
cust-02329,Customer 02329,2,181.95,0,0,-32.0,11,basic,48,0,10,-35.2,36,42.2,2,1
cust-02330,Customer 02330,6,138.22,0,1,8.5,33,basic,16,15,5,21.1,64,60.0,0,0
cust-02331,Customer 02331,13,827.79,1,2,-12.2,31,premium,1,0,5,-12.1,59,67.0,1,0
cust-02332,Customer 02332,12,209.07,1,1,-6.4,92,basic,8,18,0,-3.9,44,74.0,3,0
cust-02333,Customer 02333,58,185.17,2,1,-11.9,68,basic,14,7,5,-11.3,53,60.9,1,0
cust-02334,Customer 02334,14,285.8,5,0,-9.3,36,basic,17,27,5,2.4,24,67.8,1,0
cust-02335,Customer 02335,15,375.45,4,0,42.0,65,standard,30,0,0,43.9,33,79.2,1,0
cust-02336,Customer 02336,52,1184.76,0,0,7.0,73,premium,17,1,5,12.8,74,93.2,0,0
cust-02337,Customer 02337,12,213.98,0,1,-37.3,89,basic,24,5,0,-43.8,47,22.2,2,1
cust-02338,Customer 02338,33,338.63,1,0,4.9,32,standard,20,7,0,0.2,20,47.0,0,0
cust-02339,Customer 02339,44,130.28,0,0,40.5,58,basic,28,4,10,32.3,64,88.1,0,0
cust-02340,Customer 02340,8,821.1,4,2,-5.1,79,premium,1,28,0,-9.7,10,48.2,0,0
cust-02341,Customer 02341,56,1177.76,2,3,0.5,66,premium,10,4,5,-4.0,68,92.6,0,0
cust-02342,Customer 02342,10,261.13,4,0,9.5,46,basic,1,0,10,4.4,9,56.3,0,0
cust-02343,Customer 02343,49,377.4,0,1,-1.7,74,standard,7,18,5,2.5,81,63.0,1,0
cust-02344,Customer 02344,24,301.44,2,0,7.9,58,standard,23,11,0,11.3,10,47.5,1,0
cust-02345,Customer 02345,29,196.77,3,0,-21.8,42,basic,5,22,5,-18.7,29,67.8,0,0
cust-02346,Customer 02346,15,766.39,9,0,22.9,51,premium,12,0,10,29.0,14,100,0,0
cust-02347,Customer 02347,43,258.29,1,0,2.7,70,basic,26,21,0,5.3,7,60.4,0,0
cust-02348,Customer 02348,29,162.86,1,0,28.5,36,basic,15,10,0,25.9,8,38.0,1,0
cust-02349,Customer 02349,13,586.76,4,0,-23.1,67,premium,10,4,0,-19.1,64,60.1,0,1
cust-02350,Customer 02350,21,456.8,0,0,-2.6,88,standard,3,7,0,-3.8,69,99.9,2,0
cust-02351,Customer 02351,22,377.38,5,1,-19.1,20,standard,13,15,0,-24.2,23,54.8,0,1
cust-02352,Customer 02352,11,414.03,9,0,45,61,standard,70,4,0,50,17,33.0,0,0
cust-02353,Customer 02353,21,351.89,3,0,11.7,75,standard,13,6,10,24.5,37,26.2,0,0
cust-02354,Customer 02354,26,152.7,0,1,10.4,71,basic,9,9,0,17.6,45,80.3,0,0
cust-02355,Customer 02355,21,179.99,0,1,-5.6,53,basic,13,2,5,-23.0,74,77.8,0,0
cust-02356,Customer 02356,21,897.74,1,1,15.9,20,premium,24,15,5,25.3,47,90.7,0,0
cust-02357,Customer 02357,62,175.97,1,1,-9.3,95,basic,45,0,5,-24.1,49,35.7,3,0
cust-02358,Customer 02358,17,765.25,0,0,-28.2,43,premium,26,16,0,-33.7,67,69.2,0,0
cust-02359,Customer 02359,10,168.16,3,0,-22.0,42,basic,19,36,0,-25.6,7,34.5,0,0
cust-02360,Customer 02360,10,943.23,0,1,27.3,84,premium,21,3,0,26.3,80,87.3,2,0
cust-02361,Customer 02361,4,453.73,6,0,14.5,63,standard,9,14,0,17.9,16,36.8,2,0
cust-02362,Customer 02362,19,156.74,0,2,5.3,95,basic,7,25,0,-1.8,49,8.3,0,0
cust-02363,Customer 02363,15,338.55,1,1,35.8,52,standard,15,1,0,37.9,10,39.4,0,0
cust-02364,Customer 02364,13,166.55,1,0,4.6,80,basic,20,0,0,6.2,15,96.6,1,0
cust-02365,Customer 02365,36,192.5,0,0,-21.3,19,basic,5,3,10,-21.9,32,80.7,1,0
cust-02366,Customer 02366,19,909.05,0,1,9.4,3,premium,8,10,0,13.8,89,68.6,0,0
cust-02367,Customer 02367,11,324.06,0,2,45,50,standard,19,8,0,50,57,76.3,0,0
cust-02368,Customer 02368,10,395.81,5,1,-25.3,20,standard,23,14,10,-18.5,40,45.0,0,1
cust-02369,Customer 02369,52,1453.88,4,0,4.0,79,premium,19,18,0,5.8,50,43.5,0,0
cust-02370,Customer 02370,6,312.08,2,3,-46.4,51,standard,25,33,0,-42.1,7,32.1,1,1
cust-02371,Customer 02371,6,1122.86,0,0,21.8,49,premium,16,8,10,49.3,77,89.5,0,0
cust-02372,Customer 02372,9,409.68,1,0,32.1,49,standard,11,8,10,44.4,28,48.5,3,1
cust-02373,Customer 02373,27,334.54,0,0,-55.7,24,standard,28,0,5,-59.9,69,60.7,0,0
cust-02374,Customer 02374,43,924.78,1,0,31.4,22,premium,14,17,10,33.0,28,60.7,0,0
cust-02375,Customer 02375,45,308.85,2,2,19.1,26,standard,25,17,0,9.4,32,74.1,0,0
cust-02376,Customer 02376,50,1002.56,7,0,3.9,34,premium,22,9,0,-6.8,79,49.4,0,0
cust-02377,Customer 02377,29,203.41,0,0,6.1,10,basic,14,11,10,8.6,78,74.6,0,0
cust-02378,Customer 02378,40,480.3,1,0,9.2,79,standard,10,9,20,8.4,34,40.5,1,0
cust-02379,Customer 02379,18,1126.21,0,0,20.3,95,premium,8,14,0,27.5,59,27.1,2,0
cust-02380,Customer 02380,19,129.79,0,3,-28.8,73,basic,24,16,15,-26.2,74,41.9,0,0
cust-02381,Customer 02381,15,227.19,10,3,-10.5,21,basic,20,19,0,-5.1,90,28.2,0,0
cust-02382,Customer 02382,27,299.25,0,3,21.5,67,standard,10,16,0,18.9,72,45.5,0,0
cust-02383,Customer 02383,32,560.75,0,2,23.7,27,premium,48,19,0,39.2,60,32.8,0,0
cust-02384,Customer 02384,25,185.63,4,0,-7.8,50,basic,9,4,5,-19.6,1,77.7,2,0
cust-02385,Customer 02385,31,96.68,3,0,25.4,34,basic,7,21,10,21.2,53,66.5,0,0
cust-02386,Customer 02386,9,278.37,0,3,21.5,38,standard,9,15,0,24.5,53,60.2,0,0
cust-02387,Customer 02387,15,916.1,1,1,-18.1,62,premium,7,3,10,-22.3,9,9.6,1,0
cust-02388,Customer 02388,16,291.14,0,0,-47.2,79,standard,3,10,5,-55.1,38,47.8,0,0
cust-02389,Customer 02389,39,350.73,1,0,7.9,13,standard,19,3,0,21.3,12,74.8,0,0
cust-02390,Customer 02390,17,246.66,0,0,-16.3,37,standard,42,16,5,-18.2,42,87.6,0,0
cust-02391,Customer 02391,25,185.83,1,0,-10.7,60,basic,2,29,20,-17.1,6,43.9,0,0
cust-02392,Customer 02392,15,418.89,3,0,-2.7,48,standard,9,18,20,10.6,52,100,0,0
cust-02393,Customer 02393,25,122.71,0,0,-1.3,90,basic,22,11,10,-0.4,90,53.1,2,0
cust-02394,Customer 02394,9,281.94,2,2,-1.6,32,standard,3,5,0,3.0,17,39.6,0,0
cust-02395,Customer 02395,28,345.81,1,2,-19.2,61,standard,2,8,5,-28.9,35,41.7,1,0
cust-02396,Customer 02396,26,168.47,0,0,-19.0,33,basic,35,13,0,-27.0,48,64.0,2,1
cust-02397,Customer 02397,36,196.37,1,0,-15.1,26,basic,7,36,10,-15.9,37,69.8,2,0
cust-02398,Customer 02398,13,359.59,5,0,-26.9,89,standard,56,5,0,-33.3,47,100,0,0
cust-02399,Customer 02399,72,157.25,0,0,45,54,basic,36,20,0,50,86,51.6,0,0
cust-02400,Customer 02400,6,500.85,4,2,6.8,58,standard,12,19,0,8.5,25,100,2,1
cust-02401,Customer 02401,20,418.47,0,1,10.5,8,standard,3,0,5,12.3,53,94.4,1,0
cust-02402,Customer 02402,25,263.18,0,2,25.5,70,basic,26,19,5,20.7,27,63.0,0,0
cust-02403,Customer 02403,21,141.54,4,0,34.3,61,basic,10,12,10,32.5,18,59.1,0,0
cust-02404,Customer 02404,24,1190.1,0,0,1.1,62,premium,44,22,5,-10.2,44,25.3,0,0
cust-02405,Customer 02405,21,889.47,0,1,-0.0,66,premium,18,6,0,1.8,82,7.4,0,0
cust-02406,Customer 02406,50,169.21,1,2,45,52,basic,23,18,0,46.6,39,53.4,0,0
cust-02407,Customer 02407,38,452.11,2,0,-11.2,41,standard,28,9,10,-10.6,25,85.4,0,0
cust-02408,Customer 02408,32,187.01,0,1,-52.1,14,basic,54,18,0,-35.4,77,72.3,0,1
cust-02409,Customer 02409,12,260.9,1,0,2.2,95,standard,12,0,5,11.0,50,51.2,0,0
cust-02410,Customer 02410,46,154.03,5,0,-2.2,55,basic,11,13,0,1.0,67,53.0,2,0
cust-02411,Customer 02411,33,273.15,2,0,25.3,76,standard,17,0,10,34.0,28,60.9,0,0
cust-02412,Customer 02412,28,170.19,2,0,-26.8,68,basic,40,0,0,-14.2,9,90.2,0,0
cust-02413,Customer 02413,64,93.75,4,0,16.4,-10,basic,2,7,0,26.6,20,85.0,2,0
cust-02414,Customer 02414,50,387.79,0,0,-8.3,38,standard,2,7,0,-18.4,44,38.6,2,0
cust-02415,Customer 02415,72,488.06,1,0,-7.2,90,standard,12,8,5,-5.4,37,43.7,1,0
cust-02416,Customer 02416,16,142.71,0,0,6.3,72,basic,45,13,5,8.7,64,52.4,1,0
cust-02417,Customer 02417,9,347.43,0,0,-32.3,-3,standard,20,16,0,-33.1,85,67.6,0,1
cust-02418,Customer 02418,39,189.66,5,2,-3.5,54,basic,12,1,10,0.9,28,63.8,0,0
cust-02419,Customer 02419,25,1505.68,0,0,24.9,82,premium,16,24,10,27.9,36,100,1,0
cust-02420,Customer 02420,18,393.98,3,0,45,94,standard,10,19,5,43.9,8,58.3,0,0
cust-02421,Customer 02421,29,1411.95,0,0,-46.2,21,premium,24,19,0,-47.2,85,62.3,0,0
cust-02422,Customer 02422,12,183.9,5,0,2.2,38,basic,24,0,0,-4.9,27,14.1,0,0
cust-02423,Customer 02423,9,1107.14,2,0,-12.6,5,premium,11,11,10,-3.2,26,68.0,1,0
cust-02424,Customer 02424,30,282.22,1,1,6.8,27,standard,24,8,0,-7.8,21,76.4,3,0
cust-02425,Customer 02425,18,159.6,4,0,-26.8,81,basic,32,15,0,-20.9,26,57.7,1,0
cust-02426,Customer 02426,34,98.51,1,0,16.2,33,basic,4,9,10,11.0,55,91.9,0,0
cust-02427,Customer 02427,12,162.54,5,1,3.7,48,basic,18,12,0,15.7,11,47.3,3,0
cust-02428,Customer 02428,16,373.3,1,1,-14.8,61,standard,7,16,0,-15.6,17,88.0,0,0
cust-02429,Customer 02429,48,444.88,0,1,45,-2,standard,4,15,0,50,34,49.2,1,0
cust-02430,Customer 02430,3,254.93,2,1,-18.7,61,standard,32,20,10,-20.2,1,41.6,2,1
cust-02431,Customer 02431,9,189.45,3,1,-10.6,47,basic,22,8,5,-11.3,10,87.4,2,0
cust-02432,Customer 02432,63,522.37,7,0,-29.7,39,standard,22,0,0,-23.6,44,5,0,0
cust-02433,Customer 02433,8,97.49,0,0,-51.4,43,basic,28,16,0,-42.0,57,41.1,2,0
cust-02434,Customer 02434,54,129.16,1,1,13.1,11,basic,10,8,10,27.9,27,82.5,0,0
cust-02435,Customer 02435,23,217.84,0,0,-8.2,60,basic,33,5,15,-31.0,64,54.5,0,0
cust-02436,Customer 02436,8,418.17,4,1,18.9,25,standard,27,17,0,25.3,17,54.2,3,0
cust-02437,Customer 02437,60,204.76,0,0,-3.6,59,basic,20,23,0,-1.1,43,41.7,1,0
cust-02438,Customer 02438,30,354.23,0,1,13.1,47,standard,15,28,0,29.5,71,33.0,0,0
cust-02439,Customer 02439,40,673.11,1,0,20.7,65,premium,12,4,0,25.0,6,75.2,0,0
cust-02440,Customer 02440,11,173.84,1,0,-1.2,59,basic,18,6,0,-2.5,3,74.5,0,0
cust-02441,Customer 02441,2,203.44,4,0,-0.0,19,basic,15,24,0,6.3,26,31.6,1,0
cust-02442,Customer 02442,20,152.37,0,1,-13.4,45,basic,29,10,10,-10.0,37,61.5,1,1
cust-02443,Customer 02443,41,679.74,2,1,1.7,9,premium,6,2,0,5.3,26,59.7,0,0
cust-02444,Customer 02444,11,903.56,3,0,19.1,2,premium,8,14,0,19.9,21,40.2,1,0
cust-02445,Customer 02445,8,143.68,1,0,36.0,59,basic,12,17,10,17.9,5,57.2,1,0
cust-02446,Customer 02446,13,341.61,5,0,-15.9,95,standard,7,26,10,-8.8,30,63.0,1,0
cust-02447,Customer 02447,10,142.71,0,2,-7.7,80,basic,20,15,0,-14.6,88,61.6,0,0
cust-02448,Customer 02448,17,218.78,1,0,-5.3,72,basic,14,24,0,-29.5,30,91.4,3,0
cust-02449,Customer 02449,38,482.71,1,0,-13.4,5,standard,17,10,0,-25.2,9,64.3,0,0
cust-02450,Customer 02450,29,179.88,3,0,-15.2,70,basic,25,14,0,-5.3,4,66.9,0,0
cust-02451,Customer 02451,32,152.66,1,1,24.6,15,basic,28,17,0,18.8,7,48.5,0,0
cust-02452,Customer 02452,8,125.4,4,1,31.9,23,basic,11,20,0,32.7,22,80.0,2,0
cust-02453,Customer 02453,31,1031.14,1,1,4.8,47,premium,57,10,5,23.9,13,40.5,1,0
cust-02454,Customer 02454,15,129.31,0,0,-40.0,32,basic,59,8,0,-35.3,28,60.4,0,0
cust-02455,Customer 02455,1,189.01,0,0,6.2,15,basic,17,0,0,2.6,39,71.6,0,0
cust-02456,Customer 02456,70,1002.89,0,1,39.9,44,premium,22,15,0,36.5,50,80.5,0,0
cust-02457,Customer 02457,12,867.24,2,0,6.4,45,premium,32,18,10,3.8,14,60.9,0,1
cust-02458,Customer 02458,39,159.86,0,1,11.1,41,basic,22,10,0,3.3,87,66.3,0,0
cust-02459,Customer 02459,24,134.85,0,0,13.4,86,basic,12,2,0,23.5,78,52.1,0,0
cust-02460,Customer 02460,31,728.47,1,2,-16.6,21,standard,24,20,0,-9.4,25,28.9,0,0
cust-02461,Customer 02461,22,379.4,0,0,-15.2,37,standard,12,27,0,-31.1,46,76.0,2,0
cust-02462,Customer 02462,16,1212.57,0,0,7.7,39,premium,5,15,10,6.8,71,78.6,0,0
cust-02463,Customer 02463,21,158.74,1,0,-25.0,64,basic,14,8,0,-32.2,8,76.8,1,0
cust-02464,Customer 02464,10,702.88,4,0,-36.3,24,premium,3,0,10,-37.1,63,22.3,0,1
cust-02465,Customer 02465,1,1232.88,3,0,-21.7,45,premium,30,0,0,-14.6,29,13.2,1,0
cust-02466,Customer 02466,14,359.5,1,0,-3.9,53,standard,9,0,0,3.7,20,41.6,0,0
cust-02467,Customer 02467,36,171.25,2,0,21.4,28,basic,6,15,10,14.2,30,86.2,2,0
cust-02468,Customer 02468,46,171.72,0,3,-3.0,54,basic,4,22,0,16.5,53,66.8,0,0
cust-02469,Customer 02469,21,172.39,1,1,-16.5,63,basic,11,10,5,-11.4,29,47.3,0,0
cust-02470,Customer 02470,29,205.01,2,0,16.5,68,basic,10,0,10,30.5,18,54.9,0,0
cust-02471,Customer 02471,26,410.69,2,2,22.9,19,standard,4,24,0,22.1,9,62.4,0,1
cust-02472,Customer 02472,34,309.25,3,0,35.8,57,standard,22,20,10,24.4,10,69.1,0,0
cust-02473,Customer 02473,13,176.98,4,0,-34.2,19,basic,30,19,0,-40.9,19,40.2,0,1
cust-02474,Customer 02474,45,211.59,2,1,0.9,43,basic,13,26,0,-7.0,12,24.5,0,0
cust-02475,Customer 02475,22,423.92,0,0,9.4,19,standard,4,0,0,10.9,30,75.7,0,0
cust-02476,Customer 02476,21,99.74,3,1,-17.7,95,basic,5,16,0,-18.7,27,57.5,1,0
cust-02477,Customer 02477,26,209.77,3,0,6.3,52,basic,4,7,0,8.6,30,53.1,0,0
cust-02478,Customer 02478,18,142.92,1,0,23.5,72,basic,9,0,5,31.0,24,48.4,1,0
cust-02479,Customer 02479,11,190.01,0,0,13.7,45,basic,17,33,0,22.3,57,35.4,0,0
cust-02480,Customer 02480,32,144.13,0,0,-25.5,44,basic,17,5,0,-41.4,37,30.3,1,0
cust-02481,Customer 02481,9,1248.52,1,0,7.2,12,premium,4,9,5,4.7,16,62.5,2,0
cust-02482,Customer 02482,21,364.32,0,0,34.2,50,standard,26,19,15,35.9,63,71.4,3,0
cust-02483,Customer 02483,24,356.33,1,1,20.8,22,standard,1,26,5,21.4,29,53.0,2,1
cust-02484,Customer 02484,21,113.84,2,1,-15.1,44,basic,15,14,10,-14.2,4,40.3,0,0
cust-02485,Customer 02485,20,429.78,0,0,19.3,90,standard,9,9,5,24.4,39,49.6,2,0
cust-02486,Customer 02486,19,480.44,3,1,12.7,67,standard,19,6,0,6.3,13,17.3,0,0
cust-02487,Customer 02487,33,197.25,3,0,-26.7,64,basic,40,17,10,-29.3,10,75.2,0,0
cust-02488,Customer 02488,31,404.43,1,1,14.1,55,standard,27,14,10,11.5,37,91.9,0,0
cust-02489,Customer 02489,20,1398.31,0,0,-43.5,55,premium,31,6,0,-48.5,74,58.1,0,0
cust-02490,Customer 02490,12,147.15,0,0,-31.7,53,basic,38,0,5,-30.7,59,57.3,3,0
cust-02491,Customer 02491,28,220.74,1,0,26.3,51,basic,6,2,0,23.4,8,22.8,0,0
cust-02492,Customer 02492,41,139.12,5,0,-17.6,41,basic,33,3,10,-10.4,11,71.0,0,0
cust-02493,Customer 02493,19,490.48,1,0,-6.8,56,standard,4,5,0,-10.2,35,63.7,0,0
cust-02494,Customer 02494,6,274.92,1,0,-31.4,26,standard,18,9,0,-16.9,40,64.7,0,0
cust-02495,Customer 02495,10,556.84,1,0,-1.9,82,standard,10,20,0,-7.4,26,31.9,0,0
cust-02496,Customer 02496,34,191.08,6,0,-26.2,75,basic,34,26,15,-35.5,16,90.3,1,0
cust-02497,Customer 02497,45,475.38,3,1,19.5,51,standard,11,9,5,4.6,20,28.7,0,0
cust-02498,Customer 02498,38,729.47,2,0,20.4,52,standard,10,19,10,18.4,66,73.0,2,0
cust-02499,Customer 02499,7,163.86,5,1,-22.5,57,basic,12,16,10,-17.1,20,40.1,0,0
cust-02500,Customer 02500,25,648.17,0,0,26.6,51,premium,12,0,0,23.3,80,73.1,1,0
cust-02501,Customer 02501,33,163.82,3,0,17.5,14,basic,4,23,0,11.0,36,58.9,1,1
cust-02502,Customer 02502,11,76.67,0,0,1.0,65,basic,14,8,0,-4.3,79,34.1,0,0
cust-02503,Customer 02503,25,131.96,2,0,-1.6,27,basic,9,14,10,1.1,4,68.8,0,1
cust-02504,Customer 02504,15,1150.38,0,1,1.4,55,premium,26,0,0,14.8,32,66.7,2,0
cust-02505,Customer 02505,19,1289.34,1,0,45,34,premium,11,18,0,39.4,23,50.7,0,0
cust-02506,Customer 02506,17,453.31,6,0,-5.4,50,standard,60,4,0,-7.9,23,40.5,1,1
cust-02507,Customer 02507,26,261.12,1,1,-22.8,47,standard,31,15,0,-23.1,18,28.6,1,0
cust-02508,Customer 02508,37,208.15,2,0,-9.1,60,basic,16,17,5,-22.1,41,45.7,0,0
cust-02509,Customer 02509,30,235.43,0,1,-9.8,69,basic,30,5,5,5.6,42,100,1,0
cust-02510,Customer 02510,39,166.63,1,0,45,25,basic,5,20,0,43.9,74,73.1,2,0
cust-02511,Customer 02511,15,73.7,0,0,-9.2,64,basic,20,28,10,-2.7,49,76.4,2,1
cust-02512,Customer 02512,24,584.56,6,2,6.6,-1,premium,7,9,0,20.4,58,91.5,1,0
cust-02513,Customer 02513,6,303.47,0,0,-22.6,61,standard,23,15,0,-21.8,72,100,0,0
cust-02514,Customer 02514,15,220.63,0,1,-1.4,36,basic,16,22,0,3.1,32,92.0,1,0
cust-02515,Customer 02515,72,189.37,0,2,9.6,17,basic,25,14,0,15.6,49,71.4,1,0
cust-02516,Customer 02516,23,245.42,1,0,-23.2,76,standard,16,15,0,-23.8,9,60.3,0,0
cust-02517,Customer 02517,8,172.17,0,0,18.2,46,basic,6,6,0,25.8,42,64.1,2,0
cust-02518,Customer 02518,10,463.41,1,3,-4.8,49,standard,6,8,0,6.3,10,67.0,0,0
cust-02519,Customer 02519,25,136.14,1,0,12.0,48,basic,32,4,0,1.4,74,53.4,2,0
cust-02520,Customer 02520,5,229.23,3,0,-20.2,95,basic,19,0,5,-29.3,38,67.7,0,0
cust-02521,Customer 02521,8,398.2,4,1,24.5,55,standard,33,12,0,28.4,21,34.1,2,0
cust-02522,Customer 02522,24,1051.2,0,0,14.1,26,premium,11,23,5,20.5,87,100,1,0
cust-02523,Customer 02523,22,128.4,0,0,-37.2,53,basic,28,12,0,-51.9,80,84.4,0,0
cust-02524,Customer 02524,20,361.65,1,0,-3.6,45,standard,12,29,5,-2.8,2,20.4,2,0
cust-02525,Customer 02525,35,516.38,1,1,9.0,39,standard,7,18,0,-1.6,22,78.8,0,0
cust-02526,Customer 02526,72,153.01,0,0,28.9,90,basic,30,9,5,39.9,28,11.9,1,0
cust-02527,Customer 02527,21,137.88,4,0,-3.2,65,basic,10,9,0,-15.1,11,66.9,0,0
cust-02528,Customer 02528,24,225.83,2,3,-20.2,68,basic,31,22,0,-22.2,11,68.2,2,0
cust-02529,Customer 02529,54,448.64,1,0,3.3,67,standard,20,22,10,6.9,19,74.5,0,0
cust-02530,Customer 02530,40,1014.88,1,0,-43.3,95,premium,33,10,5,-52.4,26,58.5,0,0
cust-02531,Customer 02531,3,161.76,1,0,-10.8,39,basic,13,13,0,-16.5,88,57.0,0,0
cust-02532,Customer 02532,17,215.33,0,2,-2.9,37,basic,16,13,0,-5.5,74,41.2,0,1
cust-02533,Customer 02533,11,115.82,0,0,17.9,51,basic,5,0,15,25.0,25,40.4,1,0
cust-02534,Customer 02534,31,882.19,0,0,-27.7,33,premium,20,1,0,-31.4,61,45.9,2,0
cust-02535,Customer 02535,13,410.77,1,2,1.8,-1,standard,9,6,0,-6.5,25,34.2,0,0
cust-02536,Customer 02536,18,306.88,0,0,-38.6,29,standard,14,13,5,-31.0,86,68.7,1,1
cust-02537,Customer 02537,10,669.54,2,0,-9.5,43,premium,18,0,0,-11.8,13,60.2,1,0
cust-02538,Customer 02538,27,136.92,2,0,-24.8,56,basic,21,6,15,-35.1,13,100,1,0
cust-02539,Customer 02539,30,124.18,4,0,-14.3,47,basic,19,19,0,-15.8,22,78.8,0,0
cust-02540,Customer 02540,52,182.58,0,0,14.8,95,basic,2,0,10,14.4,50,62.2,0,0
cust-02541,Customer 02541,40,210.0,0,2,12.8,47,basic,2,13,0,9.6,54,32.9,0,0
cust-02542,Customer 02542,26,245.31,1,1,6.6,24,standard,15,0,15,8.3,59,33.2,0,1
cust-02543,Customer 02543,23,293.98,2,0,14.3,54,standard,10,3,0,15.9,14,5,0,0
cust-02544,Customer 02544,72,440.91,4,0,-21.8,91,standard,28,8,0,-31.3,22,30.8,2,0
cust-02545,Customer 02545,44,84.61,0,0,5.5,77,basic,18,4,0,3.9,35,21.6,0,0
cust-02546,Customer 02546,29,465.42,0,1,-33.5,67,standard,17,13,0,-36.0,57,79.9,0,0
cust-02547,Customer 02547,36,217.07,1,1,10.8,53,standard,34,14,5,15.6,13,47.7,2,0
cust-02548,Customer 02548,14,374.88,4,0,-3.7,21,standard,3,8,0,-11.7,12,38.2,0,0
cust-02549,Customer 02549,30,529.1,1,0,3.1,41,standard,29,19,0,7.9,7,62.0,0,0
cust-02550,Customer 02550,36,178.3,0,0,45,24,basic,15,0,0,45.0,56,55.7,2,0
cust-02551,Customer 02551,18,269.9,0,0,-10.9,95,standard,31,25,0,-12.5,82,98.1,1,0
cust-02552,Customer 02552,25,223.64,0,1,16.2,66,basic,11,13,5,23.5,33,18.7,1,0
cust-02553,Customer 02553,9,848.25,1,1,-49.0,35,premium,24,6,0,-44.5,59,64.9,0,1
cust-02554,Customer 02554,40,330.78,1,1,-10.9,60,standard,9,20,0,-6.8,60,56.3,0,0
cust-02555,Customer 02555,51,139.59,0,3,20.6,74,basic,39,21,0,18.6,49,56.1,3,0
cust-02556,Customer 02556,18,238.76,1,1,1.4,28,standard,32,28,0,-6.2,14,89.9,0,0
cust-02557,Customer 02557,25,242.45,1,1,-2.9,38,basic,21,12,5,1.8,3,79.1,1,0
cust-02558,Customer 02558,67,849.84,0,0,-34.7,20,premium,13,11,5,-34.2,26,55.7,1,0
cust-02559,Customer 02559,33,123.59,1,0,-19.2,42,basic,14,16,5,-32.6,8,46.0,1,0
cust-02560,Customer 02560,9,328.96,0,0,-27.6,65,standard,9,20,0,-25.9,87,43.7,0,0
cust-02561,Customer 02561,9,439.76,1,3,25.1,28,standard,5,5,0,26.6,31,52.5,3,1
cust-02562,Customer 02562,9,323.77,1,0,-8.7,31,standard,4,2,0,-10.3,7,76.3,0,1
cust-02563,Customer 02563,23,985.15,0,1,-13.1,51,premium,28,13,0,-12.4,28,34.1,0,0
cust-02564,Customer 02564,16,689.71,0,0,4.3,34,premium,32,0,5,-3.2,32,69.5,1,0
cust-02565,Customer 02565,21,162.71,2,2,14.1,61,basic,33,11,5,17.7,28,45.2,1,0
cust-02566,Customer 02566,9,124.25,0,0,-7.5,56,basic,17,9,0,-3.6,52,31.6,1,0
cust-02567,Customer 02567,8,192.76,2,2,-3.9,65,standard,5,7,10,-14.4,1,13.5,0,0
cust-02568,Customer 02568,29,228.76,1,2,45,43,standard,4,24,10,45.9,31,37.2,1,0
cust-02569,Customer 02569,14,582.31,1,3,-1.4,50,standard,12,30,0,2.5,20,52.6,1,0
cust-02570,Customer 02570,7,888.99,0,0,-18.5,-1,premium,11,13,0,-21.6,52,55.7,1,1
cust-02571,Customer 02571,3,184.29,7,1,-8.3,61,basic,22,16,10,-11.7,36,71.4,1,1
cust-02572,Customer 02572,9,245.51,0,0,0.2,55,basic,13,36,5,1.1,80,16.5,0,0
cust-02573,Customer 02573,22,384.83,1,0,-12.7,38,standard,28,15,10,1.7,31,63.6,1,0
cust-02574,Customer 02574,5,154.45,11,0,-35.3,47,basic,23,20,0,-33.1,8,36.6,1,1
cust-02575,Customer 02575,29,86.63,0,1,-32.7,82,basic,6,12,5,-42.1,54,70.2,0,0
cust-02576,Customer 02576,40,192.48,2,0,4.3,45,basic,13,16,5,-5.3,12,54.6,2,0
cust-02577,Customer 02577,33,445.9,4,2,9.4,43,standard,14,9,0,12.8,11,82.3,0,0
cust-02578,Customer 02578,22,452.41,4,0,26.5,83,standard,41,19,10,17.6,31,58.8,2,0
cust-02579,Customer 02579,60,433.19,0,0,8.1,90,standard,12,7,0,12.5,25,71.0,0,0
cust-02580,Customer 02580,2,1087.11,1,0,10.7,41,premium,17,13,0,10.1,83,65.2,1,0
cust-02581,Customer 02581,23,849.64,0,0,9.7,66,premium,16,13,0,3.6,62,28.7,2,0
cust-02582,Customer 02582,29,777.32,2,0,14.0,76,premium,4,5,5,14.1,47,66.2,0,0
cust-02583,Customer 02583,10,560.42,0,1,-18.6,39,premium,42,14,0,-17.3,72,70.1,0,0
cust-02584,Customer 02584,46,192.49,2,0,-22.8,65,basic,16,7,5,-18.8,34,68.8,2,0
cust-02585,Customer 02585,5,1337.59,3,0,-7.0,37,premium,36,9,0,6.3,35,74.1,0,0
cust-02586,Customer 02586,42,147.32,1,2,24.1,28,basic,3,13,0,40.9,11,19.9,0,0
cust-02587,Customer 02587,16,164.5,1,1,45,30,basic,25,31,0,47.4,4,20.8,0,1
cust-02588,Customer 02588,43,331.54,0,0,-27.1,65,standard,13,16,0,-33.2,40,60.9,2,0
cust-02589,Customer 02589,51,916.04,0,4,3.1,20,premium,21,13,15,2.0,80,58.0,1,0
cust-02590,Customer 02590,6,133.86,2,0,-26.5,56,basic,38,0,0,-28.2,5,62.2,0,0
cust-02591,Customer 02591,10,703.4,2,0,-46.9,58,premium,18,7,0,-49.8,45,49.4,1,1
cust-02592,Customer 02592,13,117.52,0,0,-21.4,63,basic,8,13,5,-19.0,77,37.8,0,0
cust-02593,Customer 02593,4,142.08,0,0,45,84,basic,19,18,5,44.3,25,28.2,0,0
cust-02594,Customer 02594,20,696.6,0,2,30.2,17,premium,25,6,0,27.9,25,100,0,0
cust-02595,Customer 02595,9,166.4,0,0,-18.7,58,basic,10,0,0,-23.2,52,69.3,1,0
cust-02596,Customer 02596,27,142.78,0,0,23.3,47,basic,16,0,15,24.5,42,72.6,0,0
cust-02597,Customer 02597,18,228.69,1,0,-24.9,79,standard,40,8,5,-35.3,70,58.5,1,0
cust-02598,Customer 02598,51,743.23,0,0,-23.1,79,premium,22,14,0,-28.3,25,90.2,2,0
cust-02599,Customer 02599,29,1171.28,2,0,15.4,5,premium,27,0,0,13.0,16,100,1,0
cust-02600,Customer 02600,34,382.81,2,0,-50.9,48,standard,16,16,0,-60.3,12,100,1,0
cust-02601,Customer 02601,17,191.79,1,2,36.7,60,basic,44,13,15,37.7,35,82.2,0,0
cust-02602,Customer 02602,10,526.12,0,0,4.6,32,standard,3,25,5,-0.7,78,77.9,1,0
cust-02603,Customer 02603,19,211.93,4,1,13.4,41,basic,10,0,0,21.0,29,51.6,1,0
cust-02604,Customer 02604,15,190.32,1,0,-14.4,30,basic,17,8,5,-8.3,25,59.3,0,0
cust-02605,Customer 02605,34,353.51,1,0,26.3,77,standard,14,8,0,31.9,44,65.4,2,0
cust-02606,Customer 02606,34,381.8,0,0,-16.7,22,standard,17,16,0,-9.6,77,38.7,2,0
cust-02607,Customer 02607,25,201.68,0,0,1.4,22,basic,42,0,5,6.8,62,60.8,0,1
cust-02608,Customer 02608,68,387.69,0,0,25.4,25,standard,7,2,0,22.9,35,70.0,0,0
cust-02609,Customer 02609,29,165.74,1,0,12.4,47,basic,11,7,0,-0.5,41,34.0,2,0
cust-02610,Customer 02610,23,465.77,6,0,13.3,39,standard,4,10,0,18.8,50,56.0,2,0
cust-02611,Customer 02611,21,227.78,5,0,-13.4,6,basic,6,0,15,-19.5,15,56.5,2,0
cust-02612,Customer 02612,15,296.74,0,0,5.2,25,standard,22,18,5,-7.7,84,42.4,1,0
cust-02613,Customer 02613,13,129.9,2,3,37.2,42,basic,10,3,15,31.9,17,36.2,2,1
cust-02614,Customer 02614,21,774.36,0,2,-34.3,50,premium,55,8,10,-42.8,73,74.4,2,0
cust-02615,Customer 02615,9,188.4,1,1,-7.5,29,standard,11,17,0,1.0,43,57.5,2,0
cust-02616,Customer 02616,6,1110.5,2,0,-36.6,54,premium,8,27,0,-25.0,48,76.4,0,0
cust-02617,Customer 02617,6,1386.16,3,0,20.7,38,premium,5,14,0,15.4,32,76.2,0,0
cust-02618,Customer 02618,26,238.72,0,0,-4.2,73,basic,11,1,0,-14.9,46,74.0,0,0
cust-02619,Customer 02619,19,1005.15,1,0,-2.2,42,premium,11,1,0,-12.7,26,20.7,1,0
cust-02620,Customer 02620,11,382.03,1,1,-4.2,57,standard,17,12,0,-1.7,17,47.2,2,0
cust-02621,Customer 02621,18,415.59,0,0,1.2,68,standard,12,0,0,2.4,60,49.1,2,0
cust-02622,Customer 02622,5,522.89,3,1,30.5,49,premium,25,19,10,36.3,44,52.6,0,0
cust-02623,Customer 02623,54,1418.61,3,0,25.5,54,premium,32,18,5,24.8,6,58.7,0,0
cust-02624,Customer 02624,24,1394.77,2,0,-4.8,10,premium,5,5,5,-7.4,12,37.6,2,1
cust-02625,Customer 02625,19,245.92,2,1,0.7,7,basic,3,25,0,-8.2,11,74.1,1,0
cust-02626,Customer 02626,3,204.52,5,0,-7.7,9,basic,50,6,5,-9.0,24,48.5,0,1
cust-02627,Customer 02627,8,205.4,0,1,14.5,37,standard,17,22,20,-2.9,63,67.3,3,1
cust-02628,Customer 02628,39,141.11,2,0,-21.9,44,basic,12,1,5,-21.5,27,48.3,2,0
cust-02629,Customer 02629,32,162.31,0,1,12.9,63,basic,18,11,0,5.4,80,66.9,0,0
cust-02630,Customer 02630,24,1143.77,0,1,-22.0,26,premium,8,0,15,-26.2,47,74.1,1,0
cust-02631,Customer 02631,70,961.05,6,0,9.0,58,premium,18,12,5,-10.6,39,75.2,0,0
cust-02632,Customer 02632,26,218.62,3,2,3.7,35,basic,16,4,0,25.2,34,100,0,0
cust-02633,Customer 02633,50,189.58,3,0,-6.9,14,basic,4,18,0,-5.3,18,50.9,0,0
cust-02634,Customer 02634,18,275.05,0,2,-11.1,42,standard,21,16,5,-11.5,50,49.2,1,1
cust-02635,Customer 02635,17,1350.36,3,0,30.2,69,premium,15,31,0,33.6,1,89.6,2,0
cust-02636,Customer 02636,15,308.44,3,1,-12.6,14,standard,8,11,0,-18.4,9,77.6,0,0
cust-02637,Customer 02637,33,264.74,0,0,15.5,30,standard,15,35,0,25.8,75,79.6,0,0
cust-02638,Customer 02638,43,203.11,0,1,-7.3,9,basic,12,0,10,-15.5,46,87.8,0,0
cust-02639,Customer 02639,21,458.37,0,3,5.0,15,standard,3,1,5,-13.0,58,100,1,1
cust-02640,Customer 02640,46,90.56,1,0,12.6,-13,basic,51,13,0,-1.5,17,41.2,1,0
cust-02641,Customer 02641,19,175.41,0,1,-21.8,70,basic,24,1,0,-13.3,67,60.4,1,0
cust-02642,Customer 02642,28,231.94,2,0,14.9,39,basic,6,10,10,11.2,8,100,3,0
cust-02643,Customer 02643,36,162.37,4,0,16.2,6,basic,7,4,0,16.4,4,42.4,3,0
cust-02644,Customer 02644,28,346.31,1,1,2.7,39,standard,27,7,5,11.4,50,100,1,0
cust-02645,Customer 02645,30,101.15,0,0,13.8,73,basic,16,7,10,16.4,27,45.6,0,0
cust-02646,Customer 02646,5,298.43,2,0,-20.6,71,standard,15,15,0,-17.9,11,62.6,2,0
cust-02647,Customer 02647,31,110.01,12,0,27.0,54,basic,4,6,5,28.1,39,69.2,1,0
cust-02648,Customer 02648,33,78.48,0,0,-27.3,53,basic,26,0,0,-28.6,31,75.6,2,0
cust-02649,Customer 02649,14,132.87,1,2,1.0,52,basic,8,26,0,11.0,47,54.1,0,0
cust-02650,Customer 02650,13,388.18,5,0,-30.5,39,standard,49,16,0,-36.3,34,77.8,0,0
cust-02651,Customer 02651,58,174.9,1,1,-22.3,43,basic,17,1,0,-11.3,18,51.8,0,0
cust-02652,Customer 02652,33,99.35,0,0,40.5,10,basic,36,0,0,28.7,46,52.7,1,0
cust-02653,Customer 02653,18,128.72,0,2,-24.2,2,basic,15,19,0,-36.1,68,29.0,1,0
cust-02654,Customer 02654,46,125.34,0,2,26.1,70,basic,4,8,10,10.1,84,41.2,0,0
cust-02655,Customer 02655,2,131.61,2,0,-6.0,95,basic,3,10,15,-8.2,53,60.8,0,0
cust-02656,Customer 02656,24,126.03,1,2,35.4,49,basic,13,13,0,43.5,28,71.5,0,0
cust-02657,Customer 02657,28,304.3,0,0,-36.3,28,standard,45,17,0,-33.4,71,75.7,0,0
cust-02658,Customer 02658,25,407.3,5,2,-0.4,57,standard,8,16,15,15.4,30,74.1,0,0
cust-02659,Customer 02659,27,194.77,0,0,-43.0,64,basic,48,20,10,-42.6,45,5,1,0
cust-02660,Customer 02660,48,1120.82,7,0,-1.6,76,premium,26,5,0,0.9,20,76.7,0,0
cust-02661,Customer 02661,39,397.28,0,1,9.0,15,standard,23,11,5,11.1,49,60.8,1,1
cust-02662,Customer 02662,3,1336.64,4,1,37.1,-11,premium,11,15,0,25.6,28,100,0,0
cust-02663,Customer 02663,27,591.16,0,1,-8.7,38,standard,21,0,15,-4.8,89,100,0,1
cust-02664,Customer 02664,53,511.88,1,0,-7.1,69,standard,15,2,0,-11.2,28,44.7,2,0
cust-02665,Customer 02665,38,165.38,1,0,14.5,38,basic,24,0,5,6.3,43,62.0,0,0
cust-02666,Customer 02666,15,636.18,2,0,-21.9,48,premium,1,13,15,-26.9,32,14.4,0,1
cust-02667,Customer 02667,24,286.66,1,1,9.2,74,standard,21,13,0,2.2,10,100,3,0
cust-02668,Customer 02668,62,947.96,3,0,-26.2,54,premium,18,0,0,-25.4,34,41.7,0,0
cust-02669,Customer 02669,19,301.53,4,0,20.6,37,standard,14,29,0,29.5,66,37.3,2,1
cust-02670,Customer 02670,55,194.02,1,0,-11.8,33,basic,27,0,0,-14.4,35,73.6,1,0
cust-02671,Customer 02671,22,399.27,0,0,23.4,38,standard,3,16,0,27.4,31,60.4,1,0
cust-02672,Customer 02672,37,137.81,2,1,29.0,95,basic,7,15,0,30.7,27,45.8,1,0
cust-02673,Customer 02673,22,153.09,1,1,0.5,87,basic,15,11,10,2.0,37,80.6,0,0
cust-02674,Customer 02674,16,224.24,0,0,8.9,65,standard,18,12,0,10.3,32,40.7,1,0
cust-02675,Customer 02675,14,211.0,0,3,45,51,basic,1,8,10,43.7,90,46.8,1,0
cust-02676,Customer 02676,52,1435.68,0,0,0.1,53,premium,8,12,0,-2.9,88,60.3,3,0
cust-02677,Customer 02677,42,592.19,1,0,-16.0,63,premium,7,12,0,-24.3,90,57.3,3,0
cust-02678,Customer 02678,18,505.39,0,1,-2.8,64,standard,35,10,10,-4.1,37,81.0,0,0
cust-02679,Customer 02679,18,1122.91,4,0,-12.4,95,premium,7,7,0,-10.3,47,47.2,2,0
cust-02680,Customer 02680,15,225.96,0,0,4.4,35,basic,5,13,0,12.0,50,53.6,1,0
cust-02681,Customer 02681,3,603.39,0,0,14.0,37,standard,12,0,15,1.7,26,89.1,1,0
cust-02682,Customer 02682,36,398.8,0,0,-9.2,-7,standard,18,29,20,-7.3,74,55.1,0,0
cust-02683,Customer 02683,37,205.96,1,0,-16.5,43,basic,10,10,0,-21.5,44,26.2,0,0
cust-02684,Customer 02684,30,338.61,2,0,24.7,87,standard,19,17,5,21.9,20,80.4,0,0
cust-02685,Customer 02685,9,182.12,1,1,31.3,75,basic,3,5,10,36.4,33,46.6,1,0
cust-02686,Customer 02686,12,132.11,0,3,2.9,36,basic,11,22,0,3.8,56,35.2,1,0
cust-02687,Customer 02687,72,169.97,0,0,-28.6,18,basic,29,25,0,-33.0,53,61.2,1,0
cust-02688,Customer 02688,6,151.11,0,0,13.7,63,basic,13,23,0,2.9,29,47.0,0,0
cust-02689,Customer 02689,11,1195.2,1,2,6.8,23,premium,10,11,5,14.5,52,65.6,2,0
cust-02690,Customer 02690,23,436.47,1,1,1.9,68,standard,23,10,10,-0.2,13,71.6,2,0
cust-02691,Customer 02691,13,173.93,3,1,-4.0,4,basic,40,1,5,2.9,24,67.5,1,1
cust-02692,Customer 02692,46,264.51,0,2,-3.5,11,standard,22,23,0,-9.6,49,71.0,0,0
cust-02693,Customer 02693,17,1258.78,0,0,5.7,64,premium,6,10,0,6.2,52,86.9,0,0
cust-02694,Customer 02694,26,300.89,2,0,-19.1,71,standard,29,1,5,-18.2,15,64.4,0,0
cust-02695,Customer 02695,22,902.37,0,0,3.1,34,premium,31,9,10,17.2,84,66.1,2,0
cust-02696,Customer 02696,4,1352.01,1,0,-2.7,79,premium,2,7,20,-10.9,11,65.7,0,0
cust-02697,Customer 02697,51,1037.73,4,0,2.0,73,premium,22,12,0,0.7,5,46.7,0,0
cust-02698,Customer 02698,12,1564.16,1,0,-14.3,16,premium,7,9,15,-16.5,15,84.8,1,0
cust-02699,Customer 02699,9,393.4,1,3,21.4,29,standard,37,14,0,33.2,50,59.1,2,1
cust-02700,Customer 02700,25,155.07,12,0,-5.6,48,basic,19,0,0,2.4,25,95.5,0,0
cust-02701,Customer 02701,11,783.69,1,1,-42.3,46,premium,33,0,0,-41.4,5,65.6,1,0
cust-02702,Customer 02702,37,614.07,2,1,-23.2,35,premium,7,2,0,-24.0,32,69.2,0,0
cust-02703,Customer 02703,44,257.42,3,0,7.8,47,basic,28,0,0,7.7,76,44.5,2,0
cust-02704,Customer 02704,25,163.94,2,2,-32.0,52,basic,14,17,5,-21.0,32,82.3,2,0
cust-02705,Customer 02705,44,268.53,0,0,25.7,83,standard,31,22,15,27.1,76,67.4,0,0
cust-02706,Customer 02706,72,351.46,0,0,38.2,33,standard,3,2,5,44.9,61,35.9,0,0
cust-02707,Customer 02707,31,132.02,2,0,18.4,16,basic,23,13,10,22.7,3,64.2,3,0
cust-02708,Customer 02708,26,309.69,4,2,-46.7,33,standard,83,24,5,-50.3,41,67.1,0,1
cust-02709,Customer 02709,8,538.79,1,2,32.6,40,premium,28,9,0,26.2,31,100,1,0
cust-02710,Customer 02710,32,389.55,0,1,24.2,55,standard,17,30,15,36.6,65,98.3,0,0
cust-02711,Customer 02711,26,231.83,3,0,14.1,95,basic,15,18,0,16.2,14,78.6,1,0
cust-02712,Customer 02712,6,367.72,2,0,-43.2,22,standard,50,16,15,-44.4,33,63.5,1,0
cust-02713,Customer 02713,23,116.65,1,2,8.9,-1,basic,11,1,10,19.1,33,40.8,1,0
cust-02714,Customer 02714,41,147.76,0,1,-1.2,66,basic,22,0,5,-8.2,26,96.4,0,0
cust-02715,Customer 02715,43,521.29,0,0,-14.5,14,standard,20,24,0,-11.0,88,71.9,1,0
cust-02716,Customer 02716,10,114.11,2,0,45,95,basic,20,19,0,42.9,8,93.8,2,0
cust-02717,Customer 02717,17,151.12,0,0,16.4,21,basic,31,29,5,15.2,45,28.5,0,0
cust-02718,Customer 02718,39,1366.82,1,0,-6.9,8,premium,13,19,0,-13.6,15,58.6,0,0
cust-02719,Customer 02719,37,424.38,6,0,25.0,66,standard,5,26,10,26.0,3,30.7,1,0
cust-02720,Customer 02720,7,476.79,3,0,-24.5,68,standard,19,27,0,-17.6,36,70.5,3,1
cust-02721,Customer 02721,16,303.99,0,0,36.3,-3,standard,30,34,0,28.1,75,65.6,2,0
cust-02722,Customer 02722,26,190.38,1,4,30.8,47,basic,32,12,5,26.2,61,46.3,0,0
cust-02723,Customer 02723,12,328.25,3,1,-10.6,64,standard,10,7,0,-8.1,26,96.1,0,0
cust-02724,Customer 02724,16,386.23,0,1,-2.4,38,standard,11,19,0,-8.8,63,26.0,1,1
cust-02725,Customer 02725,15,526.93,0,2,8.0,-14,standard,11,33,20,3.7,75,50.1,0,0
cust-02726,Customer 02726,20,369.12,2,1,-14.2,66,standard,22,13,0,-14.6,14,44.4,0,0
cust-02727,Customer 02727,12,454.85,0,3,-9.8,45,standard,21,20,0,-11.5,49,65.6,0,0
cust-02728,Customer 02728,20,609.04,6,0,-4.5,37,premium,13,16,10,-5.9,25,28.1,0,0
cust-02729,Customer 02729,56,401.06,0,0,-11.3,34,standard,2,2,0,-11.1,46,46.0,0,1
cust-02730,Customer 02730,21,382.61,0,1,2.2,35,standard,2,16,10,-8.9,25,43.7,0,0
cust-02731,Customer 02731,7,91.98,1,3,33.1,85,basic,11,13,0,28.2,21,65.2,1,0
cust-02732,Customer 02732,22,138.66,3,1,-34.9,69,basic,7,0,0,-37.0,14,73.6,1,0
cust-02733,Customer 02733,47,1139.72,7,1,2.7,58,premium,9,2,0,0.5,16,75.5,1,0
cust-02734,Customer 02734,62,450.94,1,0,1.9,72,standard,1,3,0,14.2,38,69.8,0,0
cust-02735,Customer 02735,7,209.75,1,2,43.4,37,basic,19,9,0,23.8,30,88.7,2,0
cust-02736,Customer 02736,27,1034.88,7,0,23.1,80,premium,25,11,0,10.8,11,86.1,1,0
cust-02737,Customer 02737,22,551.25,0,2,-22.9,57,standard,2,16,0,-30.5,30,73.3,0,0
cust-02738,Customer 02738,11,354.25,3,0,-30.4,83,standard,23,15,0,-37.4,65,67.9,2,0
cust-02739,Customer 02739,35,412.6,3,0,39.0,16,standard,72,6,20,32.2,16,41.2,0,1
cust-02740,Customer 02740,30,154.82,2,0,-27.3,56,basic,12,23,0,-22.1,13,74.3,3,0
cust-02741,Customer 02741,7,375.18,0,2,-2.3,44,standard,51,5,0,-3.9,85,61.1,3,0
cust-02742,Customer 02742,16,364.73,1,2,16.7,61,standard,21,11,0,4.2,23,80.8,0,0
cust-02743,Customer 02743,23,193.46,1,0,21.4,44,basic,14,36,10,30.7,32,64.2,0,0
cust-02744,Customer 02744,4,187.01,4,0,-20.0,61,basic,17,21,5,-20.0,23,46.0,0,1
cust-02745,Customer 02745,39,586.72,3,2,-21.0,13,premium,35,0,0,-19.9,42,54.8,2,1
cust-02746,Customer 02746,14,142.89,1,0,12.3,83,basic,14,1,10,14.9,24,96.5,1,0
cust-02747,Customer 02747,14,241.79,3,0,16.1,48,standard,35,9,0,14.7,21,67.6,2,0
cust-02748,Customer 02748,10,435.79,5,0,-20.0,53,standard,10,22,5,-25.2,2,40.9,1,0
cust-02749,Customer 02749,30,348.44,6,0,3.5,51,standard,2,16,10,11.7,23,16.8,1,0
cust-02750,Customer 02750,15,100.04,2,3,22.7,45,basic,10,25,0,19.3,28,67.9,0,0
cust-02751,Customer 02751,20,135.57,5,0,16.4,29,basic,6,25,15,23.1,29,39.6,0,0
cust-02752,Customer 02752,32,1352.34,3,0,-12.6,38,premium,23,15,5,-5.5,90,25.3,0,0
cust-02753,Customer 02753,19,487.35,3,0,-19.1,36,standard,35,16,10,-15.7,26,48.1,0,1
cust-02754,Customer 02754,14,171.66,1,1,15.1,70,basic,11,1,0,14.3,16,46.5,1,0
cust-02755,Customer 02755,5,360.45,3,0,10.5,61,standard,37,16,5,15.1,13,33.2,0,0
cust-02756,Customer 02756,3,1828.72,1,0,-8.5,30,premium,2,1,0,-9.1,15,69.7,3,0
cust-02757,Customer 02757,44,372.66,3,0,-25.6,61,standard,24,12,5,-12.8,79,32.7,0,0
cust-02758,Customer 02758,1,382.01,0,3,35.9,17,standard,28,23,15,31.4,28,33.1,0,1
cust-02759,Customer 02759,25,300.4,7,0,-21.2,77,standard,14,17,0,-11.8,20,50.1,0,0
cust-02760,Customer 02760,36,182.37,3,0,31.7,39,basic,3,12,10,35.9,28,62.4,0,0
cust-02761,Customer 02761,33,131.28,5,0,-14.0,13,basic,23,8,0,-10.7,27,72.3,0,0
cust-02762,Customer 02762,9,409.87,2,0,42.3,35,standard,25,17,0,29.3,10,34.3,0,0
cust-02763,Customer 02763,16,1038.17,2,1,-44.7,17,premium,21,0,0,-47.0,21,27.7,0,0
cust-02764,Customer 02764,10,143.88,2,0,9.6,70,basic,14,26,10,11.0,4,82.2,2,0
cust-02765,Customer 02765,57,113.36,2,0,2.0,55,basic,13,20,15,-1.7,6,100,0,0
cust-02766,Customer 02766,15,859.41,0,0,-19.5,39,premium,18,2,5,-18.7,63,41.6,2,0
cust-02767,Customer 02767,44,193.83,7,1,10.4,43,basic,21,18,0,9.6,68,33.0,0,0
cust-02768,Customer 02768,14,347.66,0,0,-25.8,33,standard,19,7,0,-23.3,87,54.8,3,1
cust-02769,Customer 02769,23,409.29,4,1,15.0,25,standard,10,11,0,16.3,20,51.6,1,0
cust-02770,Customer 02770,48,988.92,4,0,-9.7,41,premium,29,10,0,-8.2,25,94.5,2,0
cust-02771,Customer 02771,50,262.98,4,2,-16.8,23,basic,2,26,5,-14.6,26,56.6,2,0
cust-02772,Customer 02772,17,141.55,5,0,9.0,58,basic,19,10,0,4.4,42,56.1,2,1
cust-02773,Customer 02773,6,298.67,1,0,5.8,46,standard,6,18,5,17.7,37,14.4,0,0
cust-02774,Customer 02774,21,302.14,0,0,-6.1,95,standard,20,6,10,-0.1,68,5,1,0
cust-02775,Customer 02775,58,152.99,1,0,-2.0,94,basic,9,7,10,0.2,10,49.1,1,0
cust-02776,Customer 02776,24,222.15,0,0,15.3,51,basic,2,16,5,11.3,75,41.0,0,0
cust-02777,Customer 02777,14,374.87,2,0,-22.3,50,standard,45,16,5,-22.2,50,75.4,0,0
cust-02778,Customer 02778,30,182.63,2,1,-19.7,72,basic,18,16,0,-28.4,15,61.7,0,0
cust-02779,Customer 02779,10,398.02,5,2,-16.6,80,standard,15,0,0,-26.8,19,83.6,1,1
cust-02780,Customer 02780,20,964.67,0,0,-6.6,34,premium,25,18,5,-9.2,45,67.6,1,1
cust-02781,Customer 02781,25,262.64,2,1,27.4,95,basic,29,5,20,24.2,40,81.4,0,0
cust-02782,Customer 02782,25,130.92,2,1,-1.1,29,basic,29,5,0,-2.2,25,37.7,1,0
cust-02783,Customer 02783,1,319.83,1,0,33.1,81,standard,31,12,0,25.6,19,63.9,0,0
cust-02784,Customer 02784,17,1247.8,4,0,-5.4,46,premium,21,0,15,7.0,22,86.9,0,0
cust-02785,Customer 02785,16,409.44,3,0,-52.0,62,standard,26,3,10,-50.3,22,43.1,1,0
cust-02786,Customer 02786,4,127.8,0,0,25.8,66,basic,32,0,5,28.1,47,100,2,0
cust-02787,Customer 02787,21,101.33,4,1,5.3,28,basic,4,0,0,6.5,44,77.0,0,0
cust-02788,Customer 02788,18,413.49,0,0,45,11,standard,11,26,5,50,71,50.8,0,0
cust-02789,Customer 02789,49,1187.1,1,0,16.1,48,premium,56,16,15,21.9,12,40.9,3,1
cust-02790,Customer 02790,10,123.6,0,0,25.4,-14,basic,17,0,0,29.2,68,66.3,2,0
cust-02791,Customer 02791,7,206.34,0,0,27.2,50,basic,4,24,0,25.1,82,93.4,2,0
cust-02792,Customer 02792,9,141.52,1,1,-19.7,90,basic,17,13,20,-20.2,17,67.5,1,0
cust-02793,Customer 02793,48,441.2,0,0,-11.4,74,standard,8,21,5,-4.4,39,91.5,0,0
cust-02794,Customer 02794,38,136.77,0,0,19.8,41,basic,6,23,10,37.0,43,68.0,0,0
cust-02795,Customer 02795,19,931.49,4,1,13.0,60,premium,17,17,0,7.3,46,56.1,1,0
cust-02796,Customer 02796,3,794.45,0,0,-29.5,28,premium,38,6,5,-31.7,89,26.8,0,1
cust-02797,Customer 02797,17,317.25,0,2,-30.9,7,standard,39,9,0,-28.1,45,73.1,2,1
cust-02798,Customer 02798,35,799.56,0,1,-13.1,91,premium,6,9,0,-4.8,39,82.9,0,0
cust-02799,Customer 02799,11,294.57,0,2,4.7,40,standard,27,6,5,13.4,84,60.5,2,0
cust-02800,Customer 02800,63,190.6,3,0,9.7,43,basic,18,16,0,9.4,28,22.1,1,0
cust-02801,Customer 02801,2,386.93,0,1,-20.1,36,standard,15,10,10,-25.3,53,42.6,0,1
cust-02802,Customer 02802,18,263.36,0,0,29.3,38,standard,9,4,15,13.1,51,76.2,0,0
cust-02803,Customer 02803,12,224.07,3,1,-23.6,80,basic,21,3,0,-22.6,19,100,1,0
cust-02804,Customer 02804,23,117.61,0,2,-3.5,81,basic,11,11,0,-4.8,88,34.5,0,0
cust-02805,Customer 02805,15,991.21,4,0,29.0,42,premium,24,22,0,25.7,40,54.4,0,0
cust-02806,Customer 02806,27,822.27,1,0,19.6,87,premium,6,11,10,29.9,28,33.0,2,0
cust-02807,Customer 02807,11,184.51,0,0,2.5,67,basic,24,14,10,0.3,85,33.0,0,0
cust-02808,Customer 02808,27,203.87,1,0,19.4,84,basic,24,26,0,27.1,12,64.9,2,0
cust-02809,Customer 02809,6,1251.75,1,0,39.4,29,premium,19,0,0,35.6,43,42.4,0,0
cust-02810,Customer 02810,15,263.69,2,1,23.3,58,standard,15,11,0,22.3,28,74.2,0,0
cust-02811,Customer 02811,4,861.45,0,0,0.8,37,premium,13,7,0,-5.8,73,14.1,0,0
cust-02812,Customer 02812,61,259.68,0,1,-14.2,46,standard,18,19,0,-29.5,90,58.4,0,0
cust-02813,Customer 02813,26,445.4,0,0,11.6,50,standard,16,25,5,2.7,34,85.4,0,0
cust-02814,Customer 02814,28,377.3,1,2,7.6,73,standard,15,13,5,14.2,11,89.4,1,0
cust-02815,Customer 02815,30,274.88,3,0,-5.5,60,standard,11,22,15,-18.1,51,58.4,3,0
cust-02816,Customer 02816,41,172.73,0,0,34.9,29,basic,19,0,0,34.8,38,50.5,1,0
cust-02817,Customer 02817,35,418.25,0,0,8.1,48,standard,58,13,0,0.1,62,61.7,1,0
cust-02818,Customer 02818,30,1268.88,0,1,5.0,59,premium,41,0,0,-2.2,65,47.2,0,0
cust-02819,Customer 02819,32,236.49,1,0,-4.8,86,standard,13,17,5,-13.9,18,30.0,0,0
cust-02820,Customer 02820,2,147.66,1,2,-23.3,45,basic,7,17,10,-22.7,59,21.4,0,1
cust-02821,Customer 02821,30,283.43,2,0,45,82,standard,49,8,0,28.1,11,95.7,1,0
cust-02822,Customer 02822,31,546.55,1,1,2.4,59,standard,6,12,5,10.3,7,76.2,0,0
cust-02823,Customer 02823,52,227.4,0,0,6.4,64,basic,39,22,10,12.6,73,84.9,1,0
cust-02824,Customer 02824,1,459.93,3,3,-2.3,37,standard,46,19,0,4.8,43,77.1,1,1
cust-02825,Customer 02825,15,222.74,2,1,-36.4,90,basic,31,25,0,-18.4,13,91.9,0,0
cust-02826,Customer 02826,16,434.26,3,0,45,95,standard,7,30,15,44.5,23,31.7,3,0
cust-02827,Customer 02827,45,333.32,0,0,-14.5,24,standard,8,18,0,1.4,40,82.1,3,0
cust-02828,Customer 02828,4,197.68,1,0,15.5,90,basic,46,15,0,17.8,13,39.9,2,0
cust-02829,Customer 02829,22,336.97,2,0,1.8,58,standard,25,0,5,-10.6,27,62.3,0,0
cust-02830,Customer 02830,21,1048.93,0,0,32.7,67,premium,20,13,0,24.7,35,52.6,0,0
cust-02831,Customer 02831,16,403.55,2,0,26.2,21,standard,23,20,0,22.9,7,74.7,0,0
cust-02832,Customer 02832,9,235.04,1,1,20.9,86,basic,33,12,0,12.4,19,67.7,0,0
cust-02833,Customer 02833,8,343.59,5,1,-38.7,68,standard,15,12,0,-30.6,4,34.5,0,0
cust-02834,Customer 02834,7,624.48,0,2,23.5,15,premium,9,18,10,16.1,26,21.8,1,1
cust-02835,Customer 02835,39,394.94,0,1,1.2,1,standard,4,12,0,4.1,59,42.5,0,0
cust-02836,Customer 02836,39,297.73,1,2,31.0,48,standard,13,20,15,24.7,16,32.3,0,0
cust-02837,Customer 02837,21,189.16,0,2,-21.9,85,basic,9,0,5,-16.7,46,100,0,0
cust-02838,Customer 02838,58,115.94,0,0,-17.2,85,basic,12,15,10,-27.6,89,71.2,1,0
cust-02839,Customer 02839,25,260.43,2,1,-3.0,43,standard,20,11,0,6.4,41,80.1,1,0
cust-02840,Customer 02840,3,102.16,0,0,0.3,61,basic,15,27,0,-14.9,81,48.1,3,0
cust-02841,Customer 02841,16,1112.62,1,0,-1.4,39,premium,43,0,20,5.7,20,44.8,1,0
cust-02842,Customer 02842,26,359.65,0,2,2.2,89,standard,23,2,15,10.1,80,70.3,1,0
cust-02843,Customer 02843,21,237.89,0,0,-4.8,34,basic,18,0,0,4.4,56,60.3,1,0
cust-02844,Customer 02844,19,296.93,0,2,19.3,55,standard,19,10,0,23.2,33,56.0,0,0
cust-02845,Customer 02845,8,403.24,1,0,-12.5,31,standard,61,0,5,-9.7,21,62.2,1,1
cust-02846,Customer 02846,72,1180.62,2,1,8.1,20,premium,6,2,0,8.7,16,58.8,0,0
cust-02847,Customer 02847,14,229.54,0,0,19.1,46,basic,9,24,5,15.8,87,77.2,1,0
cust-02848,Customer 02848,25,1124.21,0,0,-44.9,37,premium,22,8,5,-56.8,64,60.7,1,0
cust-02849,Customer 02849,19,122.22,3,0,45,36,basic,28,0,10,45.4,12,98.3,1,0
cust-02850,Customer 02850,8,386.52,2,1,-10.6,44,standard,2,0,0,-1.8,29,69.2,0,0
cust-02851,Customer 02851,42,568.87,3,0,19.9,30,standard,35,5,0,13.7,21,73.9,1,0
cust-02852,Customer 02852,33,228.04,0,0,14.0,48,basic,19,8,10,16.5,62,94.7,2,0
cust-02853,Customer 02853,42,1287.93,0,3,10.7,49,premium,11,0,0,1.6,34,72.0,1,0
cust-02854,Customer 02854,13,233.55,0,0,1.3,28,basic,21,0,0,3.8,50,95.4,1,0
cust-02855,Customer 02855,10,156.91,0,0,-5.4,28,basic,5,19,10,-5.5,66,11.8,2,0
cust-02856,Customer 02856,57,485.62,1,0,-24.3,52,standard,19,7,5,-16.8,30,78.0,2,0
cust-02857,Customer 02857,4,383.7,1,0,25.1,47,standard,23,3,0,26.2,15,31.2,0,0
cust-02858,Customer 02858,6,513.08,0,0,-16.8,19,standard,12,17,15,-11.2,36,97.2,0,0
cust-02859,Customer 02859,57,521.8,0,0,29.1,67,standard,16,15,0,29.2,72,46.7,2,0
cust-02860,Customer 02860,19,436.65,0,4,6.8,28,standard,7,35,0,4.1,27,68.1,0,0
cust-02861,Customer 02861,26,391.99,2,0,-10.1,40,standard,16,13,5,-23.0,11,76.3,0,0
cust-02862,Customer 02862,15,149.44,3,0,-45.6,82,basic,34,15,20,-48.0,4,22.5,1,0
cust-02863,Customer 02863,25,188.56,2,0,-14.5,45,basic,3,0,15,-3.9,42,95.6,0,0
cust-02864,Customer 02864,47,352.31,1,0,-7.4,24,standard,23,21,0,-11.8,36,64.1,2,0
cust-02865,Customer 02865,7,146.56,2,0,22.2,67,basic,18,35,0,13.5,34,64.7,2,0
cust-02866,Customer 02866,9,408.26,4,2,-7.9,65,standard,12,15,10,-6.0,8,23.1,1,1
cust-02867,Customer 02867,6,157.63,2,0,30.8,26,basic,20,8,0,31.1,57,29.9,0,0
cust-02868,Customer 02868,24,1169.17,0,2,-25.9,68,premium,10,1,0,-24.2,89,51.8,0,0
cust-02869,Customer 02869,8,559.57,0,2,-31.7,25,premium,27,8,5,-31.1,54,38.2,0,1
cust-02870,Customer 02870,47,264.89,1,1,-14.3,40,basic,6,0,0,-4.2,16,76.4,1,0
cust-02871,Customer 02871,17,195.68,3,0,8.5,46,basic,6,10,10,26.0,9,52.6,1,0
cust-02872,Customer 02872,31,235.09,2,1,24.1,64,basic,46,21,10,9.7,13,54.3,1,1
cust-02873,Customer 02873,23,332.59,1,0,-23.5,95,standard,26,11,5,-18.6,31,38.6,2,0
cust-02874,Customer 02874,11,184.22,3,0,-30.0,70,basic,26,13,0,-32.0,30,36.4,0,1
cust-02875,Customer 02875,11,285.24,1,2,-45.9,61,standard,29,17,0,-50.4,70,16.2,0,0
cust-02876,Customer 02876,14,1309.1,7,0,-8.8,61,premium,7,0,0,5.3,57,59.2,0,0
cust-02877,Customer 02877,4,314.89,1,0,13.4,81,standard,32,2,0,-7.0,60,62.2,1,0
cust-02878,Customer 02878,19,881.19,0,0,-40.6,94,premium,22,0,0,-45.0,40,45.3,1,0
cust-02879,Customer 02879,10,163.2,3,0,16.8,45,basic,32,6,0,6.4,24,100,0,0
cust-02880,Customer 02880,28,108.75,1,4,-40.2,63,basic,37,8,10,-40.6,15,82.2,1,1
cust-02881,Customer 02881,13,459.94,0,0,21.2,64,standard,34,23,0,20.8,62,66.2,0,0
cust-02882,Customer 02882,13,792.94,8,0,-18.5,24,premium,29,0,10,-16.2,16,62.3,1,1
cust-02883,Customer 02883,32,131.83,1,0,19.0,95,basic,18,0,5,18.4,36,45.1,0,0
cust-02884,Customer 02884,38,148.0,1,0,-13.4,32,basic,7,9,0,-22.2,7,55.8,1,0
cust-02885,Customer 02885,5,234.01,9,1,12.8,51,standard,21,2,0,12.6,49,66.5,1,0
cust-02886,Customer 02886,6,368.06,0,2,-8.4,17,standard,12,8,5,6.3,59,61.6,2,0
cust-02887,Customer 02887,10,292.67,6,0,22.3,37,basic,5,7,0,26.9,12,56.5,1,0
cust-02888,Customer 02888,52,168.63,9,1,-1.0,18,basic,48,25,0,-6.5,1,44.5,0,0
cust-02889,Customer 02889,13,477.35,2,0,29.0,68,standard,11,12,5,10.7,39,42.7,0,0
cust-02890,Customer 02890,67,123.46,1,0,-31.2,37,basic,32,7,15,-39.4,42,92.1,0,0
cust-02891,Customer 02891,14,239.69,0,1,-15.1,4,basic,12,0,10,-3.5,39,57.7,0,0
cust-02892,Customer 02892,14,536.51,1,2,15.8,46,standard,28,6,10,20.3,63,71.1,0,0
cust-02893,Customer 02893,72,216.16,1,0,-10.0,26,basic,11,13,0,-16.2,20,76.9,0,0
cust-02894,Customer 02894,14,404.39,1,0,16.1,16,standard,18,16,5,12.5,14,53.0,1,1
cust-02895,Customer 02895,8,119.88,7,1,-33.1,50,basic,33,13,10,-22.2,47,38.5,2,1
cust-02896,Customer 02896,31,1367.39,6,2,8.1,48,premium,12,4,0,-2.0,48,51.2,0,0
cust-02897,Customer 02897,68,749.5,0,1,-9.5,81,premium,54,17,0,-8.5,50,99.3,0,0
cust-02898,Customer 02898,30,116.33,8,0,-39.7,71,basic,33,10,10,-51.8,40,65.7,0,1
cust-02899,Customer 02899,69,548.51,0,0,-5.6,4,standard,10,21,0,-13.9,71,44.0,3,0
cust-02900,Customer 02900,17,789.06,4,0,-27.1,70,premium,40,0,15,-18.9,34,62.3,1,0
cust-02901,Customer 02901,15,1247.26,1,0,-16.7,76,premium,14,1,5,-28.3,18,66.5,1,0
cust-02902,Customer 02902,28,252.97,1,0,22.4,53,standard,19,9,5,14.0,22,96.9,3,0
cust-02903,Customer 02903,17,470.15,2,0,-17.9,44,standard,14,0,15,-12.5,40,15.5,1,0
cust-02904,Customer 02904,44,211.85,2,0,3.0,59,basic,6,2,5,12.7,5,46.8,1,0
cust-02905,Customer 02905,53,177.41,0,2,1.4,3,basic,18,13,15,-15.9,30,45.0,0,0
cust-02906,Customer 02906,50,391.84,0,0,-13.4,40,standard,11,11,10,-12.2,84,25.4,0,0
cust-02907,Customer 02907,16,139.09,1,0,-3.5,76,basic,48,11,0,0.6,24,65.9,0,0
cust-02908,Customer 02908,26,282.67,3,0,-0.5,25,standard,10,0,10,7.2,45,66.6,0,0
cust-02909,Customer 02909,23,145.81,4,0,-0.3,55,basic,12,13,0,16.9,21,91.3,0,0
cust-02910,Customer 02910,5,889.06,2,0,36.7,16,premium,21,18,0,50,31,62.2,0,0
cust-02911,Customer 02911,12,439.51,1,1,-22.5,31,standard,16,22,0,-17.0,32,51.7,0,0
cust-02912,Customer 02912,21,1092.94,1,1,3.8,44,premium,34,8,5,3.1,17,29.1,3,0
cust-02913,Customer 02913,19,672.29,3,1,-32.7,95,premium,39,19,0,-40.4,2,53.8,2,1
cust-02914,Customer 02914,21,940.71,2,0,-7.0,47,premium,18,7,15,-23.0,2,100,0,0
cust-02915,Customer 02915,20,185.8,0,1,0.8,52,basic,25,16,0,-4.1,90,38.0,2,1
cust-02916,Customer 02916,4,609.75,0,0,20.3,35,standard,73,0,10,26.8,87,83.0,0,0
cust-02917,Customer 02917,40,163.52,6,0,9.4,78,basic,4,4,5,11.9,16,83.3,2,0
cust-02918,Customer 02918,14,344.08,1,1,-47.2,8,standard,13,1,5,-45.2,24,57.8,1,0
cust-02919,Customer 02919,57,139.93,2,0,-49.2,95,basic,41,0,0,-32.1,45,29.1,1,0
cust-02920,Customer 02920,47,634.66,0,0,21.5,50,standard,10,23,0,12.0,26,62.0,3,0
cust-02921,Customer 02921,7,339.88,3,0,22.4,89,standard,26,10,0,25.7,23,63.4,1,0
cust-02922,Customer 02922,33,167.46,0,0,-2.2,75,basic,8,5,10,-8.8,26,73.9,2,0
cust-02923,Customer 02923,18,104.72,0,1,-26.2,50,basic,28,23,0,-12.3,37,32.5,1,0
cust-02924,Customer 02924,14,164.65,1,0,34.2,11,basic,7,0,15,35.0,21,86.2,0,0
cust-02925,Customer 02925,48,198.21,5,1,45,52,basic,1,23,10,50,16,58.9,1,0
cust-02926,Customer 02926,12,161.38,0,2,41.0,66,basic,10,1,5,43.7,47,42.3,1,0
cust-02927,Customer 02927,29,402.78,1,0,45,81,standard,7,9,5,34.6,83,35.5,0,0
cust-02928,Customer 02928,26,110.4,5,1,-16.2,53,basic,14,2,0,-18.5,31,100,0,0
cust-02929,Customer 02929,21,378.59,2,0,9.5,37,standard,8,23,0,16.8,58,50.7,0,0
cust-02930,Customer 02930,59,1308.77,1,0,9.5,23,premium,14,1,0,11.1,6,64.9,3,0
cust-02931,Customer 02931,36,431.37,7,0,-35.5,-5,standard,9,28,15,-38.6,6,23.8,0,1
cust-02932,Customer 02932,9,155.97,0,0,7.5,37,basic,1,2,0,-3.5,52,100,1,0
cust-02933,Customer 02933,43,180.86,1,2,29.3,53,basic,22,15,0,29.2,18,53.7,1,0
cust-02934,Customer 02934,9,470.54,7,0,-20.0,29,standard,8,13,10,-21.1,43,13.4,1,0
cust-02935,Customer 02935,13,1502.98,3,0,8.2,70,premium,7,0,15,26.9,48,51.9,1,0
cust-02936,Customer 02936,31,388.17,4,0,-24.9,22,standard,11,1,20,-9.0,14,45.6,0,0
cust-02937,Customer 02937,25,869.35,7,1,17.1,48,premium,9,0,10,5.4,47,72.4,1,0
cust-02938,Customer 02938,14,162.73,0,0,4.1,43,basic,4,28,0,-5.2,64,47.4,1,1
cust-02939,Customer 02939,17,340.9,6,1,6.4,95,standard,35,7,0,-0.3,21,88.4,0,0
cust-02940,Customer 02940,30,382.78,3,0,-7.1,53,standard,2,5,0,-3.9,10,51.2,0,0
cust-02941,Customer 02941,17,739.14,0,0,0.6,51,premium,25,8,5,13.8,36,81.4,0,0
cust-02942,Customer 02942,17,331.94,1,0,-7.6,56,standard,12,4,10,-10.4,16,38.8,0,0
cust-02943,Customer 02943,24,445.35,0,0,11.8,89,standard,20,29,0,9.6,51,67.9,0,0
cust-02944,Customer 02944,28,122.63,0,0,-26.1,65,basic,38,13,0,-32.3,48,35.8,3,0
cust-02945,Customer 02945,24,811.58,1,0,37.0,72,premium,10,18,0,50,10,39.0,0,0
cust-02946,Customer 02946,16,359.33,0,1,-21.7,34,standard,3,14,0,-27.4,32,59.4,3,1
cust-02947,Customer 02947,32,229.35,1,0,-12.2,26,standard,20,6,0,-3.8,45,71.4,1,0
cust-02948,Customer 02948,3,384.25,0,0,-49.7,69,standard,12,1,5,-44.8,36,48.9,1,0
cust-02949,Customer 02949,12,1064.7,2,0,-31.0,13,premium,15,9,10,-29.9,38,65.4,0,1
cust-02950,Customer 02950,58,168.26,1,1,3.3,47,basic,4,2,15,11.0,39,64.4,2,0
cust-02951,Customer 02951,25,192.16,1,0,9.6,68,basic,12,22,20,0.7,61,79.0,0,0
cust-02952,Customer 02952,39,414.99,4,2,2.5,90,standard,24,6,0,9.2,15,57.6,0,0
cust-02953,Customer 02953,29,134.43,7,0,1.4,1,basic,37,5,0,4.9,2,32.4,1,1
cust-02954,Customer 02954,38,169.18,3,0,-6.4,51,basic,13,17,15,-8.3,15,52.4,0,0
cust-02955,Customer 02955,11,644.42,0,1,-7.6,50,premium,23,2,0,-2.7,59,54.1,2,0
cust-02956,Customer 02956,20,144.84,0,0,-0.6,-13,basic,26,0,10,3.4,57,69.0,0,0
cust-02957,Customer 02957,18,403.67,6,1,24.2,65,standard,25,25,0,13.0,4,77.6,2,0
cust-02958,Customer 02958,36,334.01,5,0,-4.4,20,standard,44,12,0,2.0,35,54.7,0,0
cust-02959,Customer 02959,10,384.19,0,1,23.0,46,standard,19,11,10,22.0,68,38.4,1,1
cust-02960,Customer 02960,15,142.9,2,0,-20.8,62,basic,10,24,5,-19.1,38,57.6,2,1
cust-02961,Customer 02961,3,218.6,0,0,15.4,18,basic,28,24,5,2.5,52,47.7,1,0
cust-02962,Customer 02962,66,335.25,4,3,-45.7,68,standard,21,6,0,-42.8,35,70.7,0,1
cust-02963,Customer 02963,19,1299.28,4,3,33.6,25,premium,36,11,0,22.0,8,80.5,1,0
cust-02964,Customer 02964,67,108.59,3,0,-14.4,62,basic,4,18,0,-16.2,19,77.4,0,0
cust-02965,Customer 02965,6,359.87,12,1,-12.5,67,standard,11,19,5,-12.6,12,28.3,0,0
cust-02966,Customer 02966,25,1175.55,3,2,33.4,86,premium,25,28,15,22.3,23,57.0,1,0
cust-02967,Customer 02967,27,249.83,1,0,-14.6,15,standard,16,14,0,-27.5,32,67.9,0,0
cust-02968,Customer 02968,13,198.78,1,0,2.2,39,basic,58,15,15,-11.7,73,36.4,0,1
cust-02969,Customer 02969,19,191.36,2,2,26.4,32,basic,23,16,0,32.2,45,86.3,0,0
cust-02970,Customer 02970,11,430.3,0,0,7.2,55,standard,11,0,5,12.5,85,72.5,2,0
cust-02971,Customer 02971,52,222.44,6,0,-8.5,38,standard,14,2,0,-4.9,34,78.8,0,0
cust-02972,Customer 02972,11,209.4,0,0,-7.4,56,standard,12,24,0,-8.5,72,64.8,3,0
cust-02973,Customer 02973,21,139.64,2,1,-49.7,49,basic,22,0,0,-48.6,16,100,0,0
cust-02974,Customer 02974,12,445.72,1,0,-1.1,77,standard,18,12,0,18.3,7,72.1,0,0
cust-02975,Customer 02975,17,225.75,3,0,-1.8,27,basic,11,9,0,-7.5,14,47.2,1,0
cust-02976,Customer 02976,46,176.64,2,0,0.8,5,basic,54,21,0,3.0,9,53.4,2,1
cust-02977,Customer 02977,13,343.4,1,0,-14.3,68,standard,26,7,0,-9.1,20,43.0,0,0
cust-02978,Customer 02978,11,352.19,0,0,10.4,35,standard,13,7,0,17.8,41,15.5,2,0
cust-02979,Customer 02979,18,142.49,0,0,-34.6,66,basic,71,4,0,-30.9,58,39.0,0,1
cust-02980,Customer 02980,9,1268.12,0,1,-14.5,65,premium,26,11,20,-3.1,59,74.5,1,0
cust-02981,Customer 02981,19,451.6,0,0,-9.7,61,standard,30,7,0,-22.5,59,67.2,1,0
cust-02982,Customer 02982,34,1715.49,1,0,1.3,67,premium,19,0,10,16.5,6,61.6,0,0
cust-02983,Customer 02983,30,204.11,1,2,0.6,-30,basic,4,19,0,-8.3,54,65.2,0,1
cust-02984,Customer 02984,9,499.27,3,0,-12.9,95,standard,6,9,10,-21.1,37,37.9,1,1
cust-02985,Customer 02985,22,1481.88,8,0,-27.2,56,premium,46,0,0,-29.8,8,23.4,1,1
cust-02986,Customer 02986,31,489.29,3,0,-23.9,73,standard,30,12,0,-38.5,10,64.6,1,0
cust-02987,Customer 02987,19,249.57,2,1,14.3,55,basic,19,14,20,8.1,4,100,0,0
cust-02988,Customer 02988,29,317.11,1,0,-1.0,42,standard,19,18,10,6.9,24,64.0,0,0
cust-02989,Customer 02989,12,163.24,4,0,-8.1,63,basic,34,8,5,-0.2,22,57.1,2,0
cust-02990,Customer 02990,13,211.76,1,1,1.7,44,basic,25,8,5,9.4,7,33.0,1,0
cust-02991,Customer 02991,5,249.13,0,0,3.2,44,basic,11,9,15,5.5,85,99.5,0,0
cust-02992,Customer 02992,24,195.49,0,2,-6.2,48,basic,53,30,0,-8.8,46,33.3,1,0
cust-02993,Customer 02993,21,380.28,3,0,-18.8,66,standard,30,11,0,-9.7,75,42.1,0,0
cust-02994,Customer 02994,29,133.02,0,1,2.2,68,basic,8,5,0,-9.7,80,46.5,0,0
cust-02995,Customer 02995,39,1412.18,1,0,16.8,72,premium,15,7,5,17.5,56,11.3,0,0
cust-02996,Customer 02996,28,157.86,3,2,17.5,58,basic,15,16,5,17.9,15,89.8,0,0
cust-02997,Customer 02997,12,388.78,1,0,-44.2,36,standard,19,15,10,-50.8,81,45.1,2,0
cust-02998,Customer 02998,11,516.01,2,0,-23.9,80,standard,42,7,0,-21.7,27,66.6,3,0
cust-02999,Customer 02999,9,527.32,0,1,13.3,46,standard,27,0,0,22.2,51,61.0,0,0
cust-03000,Customer 03000,26,363.74,0,2,-31.8,58,standard,23,11,20,-40.3,30,67.0,0,0
cust-03001,Customer 03001,29,165.46,0,1,16.1,15,basic,23,21,0,-0.8,49,47.3,0,1
cust-03002,Customer 03002,26,247.84,1,0,0.2,33,basic,7,6,10,16.5,13,50.4,0,0
cust-03003,Customer 03003,26,157.85,0,0,21.0,49,basic,4,22,0,12.8,84,29.9,0,0
cust-03004,Customer 03004,42,171.49,0,2,25.9,65,basic,21,28,5,36.5,59,52.6,0,0
cust-03005,Customer 03005,4,245.54,1,0,2.5,38,basic,18,6,0,11.0,29,28.0,0,0
cust-03006,Customer 03006,9,1398.1,4,1,-19.2,50,premium,8,10,0,-25.4,8,100,2,0
cust-03007,Customer 03007,10,141.37,1,1,-0.0,18,basic,8,2,0,7.1,0,63.1,2,0
cust-03008,Customer 03008,23,1452.73,3,0,3.6,38,premium,12,0,5,18.1,5,42.9,1,1
cust-03009,Customer 03009,24,500.58,6,0,25.5,52,standard,11,24,0,33.1,11,57.7,0,0
cust-03010,Customer 03010,46,248.3,2,2,4.4,19,basic,33,13,10,-7.6,30,70.6,0,1
cust-03011,Customer 03011,26,851.55,3,2,14.2,12,premium,8,11,10,12.5,30,78.8,0,0
cust-03012,Customer 03012,72,300.89,0,0,36.1,44,standard,31,13,5,32.9,35,56.3,1,0
cust-03013,Customer 03013,26,121.65,1,0,21.2,45,basic,13,3,15,21.4,6,56.5,1,1
cust-03014,Customer 03014,23,853.8,3,1,-27.0,22,premium,20,0,0,-25.8,40,45.9,2,0
cust-03015,Customer 03015,45,324.01,0,0,-67.3,61,standard,36,7,15,-73.5,74,59.0,0,0
cust-03016,Customer 03016,18,121.17,1,0,-11.7,72,basic,4,9,0,-20.2,26,75.7,0,0
cust-03017,Customer 03017,36,134.87,2,2,-0.9,37,basic,25,0,0,3.9,18,60.6,0,0
cust-03018,Customer 03018,1,109.82,0,2,-3.7,69,basic,22,0,10,5.5,36,40.9,1,1
cust-03019,Customer 03019,8,1213.91,0,0,35.3,39,premium,11,12,5,33.1,43,44.1,0,0
cust-03020,Customer 03020,72,136.51,2,0,-2.6,69,basic,23,11,10,-13.8,38,79.3,0,0
cust-03021,Customer 03021,20,190.99,2,1,3.3,60,basic,37,20,5,6.4,14,98.3,2,0
cust-03022,Customer 03022,33,575.37,3,0,16.2,48,premium,5,1,5,9.8,4,84.1,1,0
cust-03023,Customer 03023,3,362.38,0,0,17.8,40,standard,13,2,0,7.5,86,41.3,1,0
cust-03024,Customer 03024,27,371.07,0,0,18.3,90,standard,16,14,10,16.5,50,81.3,1,0
cust-03025,Customer 03025,21,1786.03,0,0,26.8,82,premium,22,0,0,36.9,71,79.3,2,0
cust-03026,Customer 03026,62,187.01,2,0,26.5,57,basic,11,5,0,41.7,17,58.4,0,0
cust-03027,Customer 03027,10,190.31,4,0,1.1,22,basic,24,15,0,-5.3,1,64.0,0,0
cust-03028,Customer 03028,17,455.19,2,0,4.5,76,standard,8,0,0,4.6,39,48.3,0,0
cust-03029,Customer 03029,10,151.65,0,1,-7.8,58,basic,17,10,5,-2.7,30,49.6,2,1
cust-03030,Customer 03030,28,335.07,0,2,43.4,47,standard,14,8,0,50,58,85.4,1,0
cust-03031,Customer 03031,6,369.8,0,3,13.8,90,standard,23,11,15,4.9,64,9.2,1,0
cust-03032,Customer 03032,40,218.86,2,0,-8.8,60,basic,52,16,5,-9.2,16,64.1,0,0
cust-03033,Customer 03033,4,143.74,0,0,5.5,12,basic,20,18,10,19.8,77,17.0,2,0
cust-03034,Customer 03034,2,119.23,7,0,-18.1,37,basic,27,8,15,-12.2,10,75.8,2,1
cust-03035,Customer 03035,27,393.45,5,1,12.4,14,standard,3,8,10,11.6,2,57.8,0,0
cust-03036,Customer 03036,44,213.18,2,0,-27.2,46,standard,61,10,0,-20.9,5,57.0,1,0
cust-03037,Customer 03037,40,449.83,10,0,25.5,37,standard,21,19,0,20.3,26,61.9,2,0
cust-03038,Customer 03038,12,356.19,0,0,-16.9,95,standard,16,17,0,-18.0,86,79.1,2,0
cust-03039,Customer 03039,32,1075.91,0,1,-12.0,55,premium,11,7,15,-15.3,65,32.4,0,0
cust-03040,Customer 03040,39,444.71,6,0,-1.8,77,standard,20,16,10,-5.6,12,41.3,1,1
cust-03041,Customer 03041,72,362.6,0,1,-36.7,58,standard,35,9,0,-55.2,88,55.0,1,0
cust-03042,Customer 03042,30,107.19,2,0,-39.5,88,basic,40,10,0,-52.4,31,57.5,0,0
cust-03043,Customer 03043,15,645.47,0,0,7.6,95,premium,11,13,20,10.7,40,63.9,1,0
cust-03044,Customer 03044,43,258.57,1,0,16.3,59,basic,7,21,0,7.8,36,46.9,0,0
cust-03045,Customer 03045,24,529.0,2,0,-2.0,41,standard,10,2,0,-2.6,7,40.4,3,0
cust-03046,Customer 03046,51,376.38,1,1,-35.4,60,standard,19,3,0,-36.5,6,56.3,0,0
cust-03047,Customer 03047,13,1208.51,0,1,2.1,23,premium,8,7,0,-2.5,56,60.8,0,0
cust-03048,Customer 03048,41,273.88,6,1,-29.5,14,standard,40,19,0,-37.6,72,71.8,1,0
cust-03049,Customer 03049,22,380.26,4,0,-17.5,78,standard,11,5,5,-5.2,90,78.3,0,0
cust-03050,Customer 03050,9,1945.79,0,0,21.3,74,premium,35,15,15,31.9,68,100,0,0
cust-03051,Customer 03051,41,192.12,7,1,36.4,34,basic,8,18,5,39.8,6,35.3,0,1
cust-03052,Customer 03052,20,927.54,0,0,9.9,51,premium,10,19,10,8.3,61,62.5,0,0
cust-03053,Customer 03053,24,391.91,4,3,-31.8,95,standard,16,8,0,-29.6,3,41.7,0,0
cust-03054,Customer 03054,2,400.85,0,1,-14.9,1,standard,11,19,10,-6.2,28,5,0,1
cust-03055,Customer 03055,20,919.14,0,0,-16.9,30,premium,1,13,0,-22.1,71,64.0,0,0
cust-03056,Customer 03056,40,172.99,6,2,10.8,55,basic,4,5,0,4.3,6,89.8,2,0
cust-03057,Customer 03057,29,191.77,1,0,-5.4,36,basic,15,0,10,-5.0,21,37.0,0,0
cust-03058,Customer 03058,51,830.76,2,3,-5.5,42,premium,28,9,0,0.3,8,81.9,0,0
cust-03059,Customer 03059,21,155.67,0,0,-0.9,38,basic,10,6,0,-6.2,74,77.9,0,0
cust-03060,Customer 03060,50,178.33,1,1,43.9,37,basic,40,1,5,37.5,51,24.9,0,0
cust-03061,Customer 03061,17,388.81,0,0,-33.7,29,standard,16,11,5,-22.6,28,65.5,2,0
cust-03062,Customer 03062,20,389.22,1,1,-12.2,51,standard,18,9,0,-5.7,28,47.4,1,0
cust-03063,Customer 03063,22,142.5,2,1,-47.4,95,basic,27,17,0,-49.6,72,100,2,0
cust-03064,Customer 03064,40,502.26,0,1,-12.5,50,standard,8,11,0,-14.2,32,100,1,0
cust-03065,Customer 03065,29,1122.3,0,0,-2.1,51,premium,19,7,5,-6.0,32,100,1,0
cust-03066,Customer 03066,35,1398.99,4,1,-5.4,33,premium,3,0,0,0.6,26,62.3,0,0
cust-03067,Customer 03067,44,129.9,0,0,11.7,20,basic,24,14,0,14.6,75,86.5,0,0
cust-03068,Customer 03068,18,286.45,0,2,-14.3,62,standard,8,12,5,-8.4,87,40.1,1,0
cust-03069,Customer 03069,6,118.41,2,1,16.5,63,basic,18,28,0,10.1,48,13.7,0,0
cust-03070,Customer 03070,39,1329.53,3,1,-19.0,69,premium,20,10,5,-31.7,28,38.2,1,0
cust-03071,Customer 03071,50,236.28,1,0,-7.8,78,basic,3,9,5,-13.4,39,64.9,0,0
cust-03072,Customer 03072,29,1550.23,2,2,-1.7,55,premium,49,0,0,-1.0,27,46.5,1,1
cust-03073,Customer 03073,67,124.22,1,1,-34.9,48,basic,33,15,0,-29.4,22,100,2,0
cust-03074,Customer 03074,12,548.28,2,0,7.1,56,standard,13,24,20,0.5,11,89.3,2,0
cust-03075,Customer 03075,20,337.01,3,3,-7.7,55,standard,43,14,10,-11.8,14,89.1,3,1
cust-03076,Customer 03076,17,134.95,0,0,6.6,56,basic,14,17,5,-2.2,54,82.7,0,0
cust-03077,Customer 03077,25,260.98,1,0,6.6,46,basic,8,25,0,-2.5,5,54.7,0,0
cust-03078,Customer 03078,7,175.55,1,0,-1.4,13,basic,18,16,0,8.5,54,99.3,0,0
cust-03079,Customer 03079,56,696.48,1,0,-9.9,10,standard,8,7,5,-10.0,57,95.0,3,1
cust-03080,Customer 03080,24,969.78,4,1,31.2,67,premium,73,19,0,31.5,9,56.2,2,0
cust-03081,Customer 03081,28,319.36,2,0,-0.3,2,standard,10,13,10,-10.0,14,54.9,3,0
cust-03082,Customer 03082,31,122.14,0,1,-39.8,75,basic,30,16,10,-46.0,78,82.7,0,0
cust-03083,Customer 03083,9,364.43,6,0,-23.5,64,standard,25,19,10,-27.3,31,50.0,0,0
cust-03084,Customer 03084,14,426.31,1,1,27.4,25,standard,13,15,5,14.1,11,37.7,1,1
cust-03085,Customer 03085,31,154.16,0,1,-34.4,25,basic,52,8,0,-34.9,40,70.5,1,1
cust-03086,Customer 03086,19,441.59,1,2,-11.5,62,standard,17,26,5,-5.9,22,50.8,1,0
cust-03087,Customer 03087,50,359.78,3,0,-11.2,89,standard,24,8,0,-16.5,13,71.1,0,0
cust-03088,Customer 03088,23,529.75,0,0,-16.1,40,standard,51,0,5,-16.7,50,88.0,0,0
cust-03089,Customer 03089,26,177.59,2,2,-17.9,51,basic,30,0,0,-28.3,24,73.5,0,0
cust-03090,Customer 03090,11,159.93,1,1,8.0,-8,basic,46,2,0,8.6,16,73.8,0,1
cust-03091,Customer 03091,33,415.34,1,0,9.9,63,standard,10,4,0,14.6,17,100,0,0
cust-03092,Customer 03092,31,125.38,2,0,45,35,basic,20,0,0,38.0,2,82.8,3,0
cust-03093,Customer 03093,18,422.71,0,0,0.4,49,standard,25,15,0,-1.1,42,62.4,0,0
cust-03094,Customer 03094,13,347.28,1,0,-7.1,30,standard,7,22,0,8.8,45,66.1,2,0
cust-03095,Customer 03095,40,362.1,1,0,-0.5,72,standard,17,11,5,-7.7,1,56.1,0,0
cust-03096,Customer 03096,30,181.11,0,0,-17.7,66,basic,3,10,0,-13.3,62,16.9,1,0
cust-03097,Customer 03097,14,232.92,1,0,3.0,59,basic,37,17,10,-5.0,14,97.1,3,0
cust-03098,Customer 03098,26,111.13,1,0,-20.9,24,basic,44,2,10,-23.9,6,82.8,1,0
cust-03099,Customer 03099,9,318.41,3,0,20.6,51,standard,7,9,0,28.1,8,36.2,0,0
cust-03100,Customer 03100,16,87.98,5,1,-27.5,78,basic,41,10,0,-27.8,28,82.3,0,0
cust-03101,Customer 03101,31,179.53,3,0,11.6,60,basic,35,9,5,10.8,16,81.2,1,0
cust-03102,Customer 03102,1,143.34,0,1,-5.8,10,basic,25,15,5,-13.0,71,44.3,0,1
cust-03103,Customer 03103,43,217.52,4,1,31.1,49,basic,12,0,10,35.2,29,59.6,0,0
cust-03104,Customer 03104,14,788.51,2,0,-14.6,53,premium,18,2,0,-15.1,12,78.7,1,0
cust-03105,Customer 03105,72,405.27,0,1,16.5,36,standard,47,26,0,14.6,69,100,0,0
cust-03106,Customer 03106,5,120.14,2,0,-21.9,72,basic,16,13,10,-36.9,18,100,2,0
cust-03107,Customer 03107,32,301.24,1,0,41.4,56,standard,33,19,5,38.1,17,77.3,0,0
cust-03108,Customer 03108,58,148.59,1,1,39.3,94,basic,44,0,0,50,41,51.7,1,0
cust-03109,Customer 03109,23,373.57,0,1,-1.5,11,standard,2,27,0,-0.5,90,20.2,1,0
cust-03110,Customer 03110,4,175.08,2,0,-26.7,-5,basic,23,18,0,-17.1,19,34.9,0,1
cust-03111,Customer 03111,5,230.9,1,0,-9.4,74,standard,17,10,0,-6.0,16,66.2,2,0
cust-03112,Customer 03112,42,307.11,4,0,-0.1,44,standard,1,3,0,5.3,26,74.0,0,0
cust-03113,Customer 03113,4,227.46,1,3,-42.0,35,basic,20,27,0,-44.8,43,100,0,1
cust-03114,Customer 03114,12,144.11,0,0,45,30,basic,23,8,10,36.2,80,35.6,1,0
cust-03115,Customer 03115,12,1312.12,0,0,-24.9,24,premium,11,0,5,-18.1,25,27.9,1,0
cust-03116,Customer 03116,9,140.27,6,0,-3.6,88,basic,14,12,0,2.8,23,49.3,1,0
cust-03117,Customer 03117,72,120.96,1,0,45,60,basic,21,32,0,40.8,13,53.4,1,0
cust-03118,Customer 03118,29,724.36,0,0,44.4,41,premium,22,6,0,33.8,26,26.2,0,0
cust-03119,Customer 03119,48,209.82,0,0,-1.1,45,basic,21,12,5,-8.1,36,31.3,0,0
cust-03120,Customer 03120,7,402.69,2,0,-3.7,54,standard,35,10,0,7.8,7,70.7,1,0
cust-03121,Customer 03121,10,148.18,0,0,-37.6,51,basic,23,5,10,-40.8,69,31.4,0,0
cust-03122,Customer 03122,31,553.79,0,0,9.6,75,standard,12,17,15,10.1,47,36.0,0,0
cust-03123,Customer 03123,11,340.39,1,2,45,29,standard,25,24,0,50,18,50.1,1,0
cust-03124,Customer 03124,18,182.28,1,0,-25.9,61,basic,27,23,5,-20.3,50,54.4,1,0
cust-03125,Customer 03125,9,374.14,4,3,-5.5,40,standard,12,33,0,-3.3,15,36.1,1,1
cust-03126,Customer 03126,8,389.69,1,0,-9.4,59,standard,9,3,10,-17.6,35,22.0,0,0
cust-03127,Customer 03127,22,1004.07,3,0,45,70,premium,29,9,5,39.1,54,63.6,1,0
cust-03128,Customer 03128,20,171.75,1,0,0.8,55,basic,23,0,0,3.4,27,62.0,0,0
cust-03129,Customer 03129,21,466.21,3,0,-16.9,50,standard,4,9,0,-14.5,80,78.7,0,0
cust-03130,Customer 03130,15,447.36,6,1,10.8,42,standard,16,13,0,18.0,25,86.2,0,0
cust-03131,Customer 03131,7,113.28,0,0,-27.7,42,basic,28,12,0,-18.1,51,71.4,1,0
cust-03132,Customer 03132,48,514.65,2,4,24.5,63,standard,19,0,0,26.2,29,62.3,0,0
cust-03133,Customer 03133,6,869.81,7,0,-16.1,74,premium,2,7,5,-13.9,9,66.2,2,1
cust-03134,Customer 03134,38,1344.06,0,0,-44.1,18,premium,26,0,5,-52.5,34,21.0,0,1
cust-03135,Customer 03135,2,334.2,0,1,-12.1,78,standard,31,2,15,-21.9,54,31.5,2,0
cust-03136,Customer 03136,10,225.46,5,0,35.6,43,basic,32,12,5,47.0,30,73.7,2,1
cust-03137,Customer 03137,11,1047.51,0,0,6.3,45,premium,10,18,15,-12.4,84,86.4,0,0
cust-03138,Customer 03138,45,923.65,4,3,-25.3,60,premium,21,8,5,-31.9,26,69.8,1,0
cust-03139,Customer 03139,25,161.03,1,0,0.8,46,basic,21,12,0,11.0,62,87.2,0,0
cust-03140,Customer 03140,5,280.34,4,0,8.7,72,standard,18,0,0,6.3,34,60.8,0,0
cust-03141,Customer 03141,29,1061.95,0,0,-17.8,60,premium,28,0,0,-14.5,35,79.7,0,0
cust-03142,Customer 03142,72,621.89,3,0,-9.8,95,standard,14,26,0,-10.9,21,12.3,1,0
cust-03143,Customer 03143,24,449.73,5,0,20.0,44,standard,9,9,15,13.8,18,31.3,0,0
cust-03144,Customer 03144,41,179.0,12,0,20.6,-12,basic,7,2,10,31.6,18,80.0,0,1
cust-03145,Customer 03145,20,421.07,1,0,-28.8,71,standard,9,20,0,-18.8,13,63.4,0,0
cust-03146,Customer 03146,24,357.2,2,0,19.7,56,standard,8,5,5,23.7,22,48.8,1,0
cust-03147,Customer 03147,18,1191.95,0,1,6.4,40,premium,9,20,0,-1.9,72,68.3,3,0
cust-03148,Customer 03148,42,169.94,1,1,-0.6,35,basic,12,7,5,14.3,50,44.8,2,0
cust-03149,Customer 03149,17,193.89,1,0,1.0,88,basic,12,15,0,-8.3,63,54.2,0,0
cust-03150,Customer 03150,28,1182.03,0,1,-21.6,58,premium,7,14,15,-23.8,48,72.2,1,0
cust-03151,Customer 03151,21,621.93,0,0,45,45,premium,4,5,20,50,31,71.6,2,0
cust-03152,Customer 03152,47,125.71,0,0,-22.4,53,basic,26,7,0,-17.6,26,32.8,1,1
cust-03153,Customer 03153,5,228.59,2,0,33.9,83,standard,15,11,0,37.4,16,40.3,0,0
cust-03154,Customer 03154,13,297.77,1,0,-3.5,70,standard,25,2,0,-8.0,11,38.1,2,0
cust-03155,Customer 03155,24,444.86,7,1,-31.1,86,standard,26,19,10,-24.1,28,57.5,0,0
cust-03156,Customer 03156,45,1145.92,1,0,12.5,46,premium,6,0,5,2.9,48,43.4,2,0
cust-03157,Customer 03157,16,234.74,0,3,-0.0,18,basic,19,5,0,0.8,80,41.6,0,0
cust-03158,Customer 03158,7,284.46,3,1,-12.5,48,standard,5,21,5,-13.8,6,75.8,0,0
cust-03159,Customer 03159,39,362.39,3,1,-22.8,47,standard,23,9,0,-30.3,8,77.5,0,0
cust-03160,Customer 03160,26,520.83,5,0,-13.4,52,standard,15,26,0,-20.4,23,67.1,0,0
cust-03161,Customer 03161,2,531.38,1,0,-45.5,61,standard,23,0,0,-41.6,18,18.3,3,0
cust-03162,Customer 03162,26,131.2,3,0,-2.4,8,basic,21,4,0,-0.6,4,45.2,1,1
cust-03163,Customer 03163,15,422.87,0,1,3.7,95,standard,19,23,0,22.3,38,37.1,2,0
cust-03164,Customer 03164,5,334.45,2,0,-1.9,58,standard,20,9,0,-2.0,22,20.5,0,0
cust-03165,Customer 03165,34,397.25,0,1,-9.7,34,standard,3,31,15,-11.4,63,61.7,3,0
cust-03166,Customer 03166,25,1418.52,1,0,38.7,64,premium,8,13,0,44.8,22,19.0,1,0
cust-03167,Customer 03167,31,375.91,0,0,7.8,52,standard,26,12,0,0.2,56,55.1,0,0
cust-03168,Customer 03168,45,658.1,1,0,-5.7,78,premium,20,13,0,-10.9,35,71.0,0,0
cust-03169,Customer 03169,42,197.66,0,0,-6.6,59,basic,3,22,10,-4.5,42,74.6,0,0
cust-03170,Customer 03170,9,444.64,1,0,-16.4,52,standard,18,19,15,-21.3,18,27.1,1,0
cust-03171,Customer 03171,15,152.75,0,0,-25.9,67,basic,24,0,5,-37.3,41,54.1,0,0
cust-03172,Customer 03172,28,218.32,6,0,2.8,59,basic,10,3,0,-1.4,4,63.2,1,0
cust-03173,Customer 03173,35,157.53,0,0,-8.1,35,basic,12,16,5,1.2,57,75.7,2,1
cust-03174,Customer 03174,11,344.28,0,0,-7.1,63,standard,22,1,0,-0.6,54,33.5,0,0
cust-03175,Customer 03175,72,91.45,5,0,13.4,88,basic,36,14,15,7.6,23,47.8,1,0
cust-03176,Customer 03176,49,163.85,0,2,30.4,57,basic,19,9,15,32.0,81,17.4,0,0
cust-03177,Customer 03177,15,138.44,1,0,0.9,39,basic,49,6,15,3.3,0,81.3,1,0
cust-03178,Customer 03178,13,229.74,1,2,-14.3,43,basic,20,12,0,-19.1,22,99.5,1,0
cust-03179,Customer 03179,18,214.22,3,1,-4.7,46,standard,34,14,10,-17.4,29,49.9,0,0
cust-03180,Customer 03180,26,161.0,0,0,-9.8,76,basic,27,14,5,-30.3,66,57.0,0,0
cust-03181,Customer 03181,12,151.8,2,0,-8.1,79,basic,20,0,0,-3.7,8,24.7,2,0
cust-03182,Customer 03182,17,368.85,1,0,-24.2,85,standard,35,20,5,-22.4,12,22.5,0,1
cust-03183,Customer 03183,38,414.9,0,2,-35.9,65,standard,22,22,20,-31.1,43,38.4,2,0
cust-03184,Customer 03184,32,485.44,4,0,-10.0,33,standard,3,22,15,-6.0,35,66.0,1,0
cust-03185,Customer 03185,12,357.98,0,0,-9.0,29,standard,12,8,0,-1.8,30,58.6,1,0
cust-03186,Customer 03186,37,385.38,1,0,-31.8,64,standard,24,23,5,-23.8,29,5,0,0
cust-03187,Customer 03187,40,116.64,0,0,-39.0,95,basic,41,10,0,-32.4,58,38.5,2,1
cust-03188,Customer 03188,32,176.3,0,1,15.7,60,basic,19,20,5,15.8,81,52.6,0,0
cust-03189,Customer 03189,7,175.11,2,0,-5.0,72,basic,3,22,0,-2.5,6,46.0,0,0
cust-03190,Customer 03190,44,349.0,8,1,2.8,57,standard,9,21,0,10.7,8,80.0,1,0
cust-03191,Customer 03191,5,509.95,9,0,23.6,29,standard,44,7,10,10.5,40,40.6,0,0
cust-03192,Customer 03192,18,166.88,3,2,-13.2,64,basic,18,22,10,-20.0,54,45.3,0,1
cust-03193,Customer 03193,39,175.8,0,0,2.0,83,basic,24,16,10,8.9,62,43.7,2,0
cust-03194,Customer 03194,22,1129.87,0,2,36.2,42,premium,4,0,5,33.3,40,63.9,3,1
cust-03195,Customer 03195,27,312.24,0,1,31.1,66,standard,13,0,5,42.4,72,33.2,0,0
cust-03196,Customer 03196,17,164.1,1,0,-1.4,51,basic,16,1,0,-3.4,7,17.3,1,0
cust-03197,Customer 03197,10,548.23,1,0,-4.7,69,premium,12,0,0,0.6,43,47.2,2,0
cust-03198,Customer 03198,17,161.03,0,0,1.8,52,standard,15,0,10,17.6,57,92.3,1,0
cust-03199,Customer 03199,4,428.02,3,1,-21.5,54,standard,9,15,0,-14.9,26,40.1,2,0
cust-03200,Customer 03200,25,266.73,0,0,-13.6,20,standard,4,7,5,1.0,72,37.4,0,0
cust-03201,Customer 03201,26,90.55,2,0,18.6,36,basic,6,9,0,31.2,43,55.6,0,0
cust-03202,Customer 03202,19,876.75,0,0,-15.4,15,premium,44,13,10,-22.8,68,62.7,2,1
cust-03203,Customer 03203,52,416.26,0,0,6.1,30,standard,6,0,0,4.5,34,28.0,3,0
cust-03204,Customer 03204,22,118.08,0,1,9.2,52,basic,43,17,0,-7.6,52,87.9,1,0
cust-03205,Customer 03205,16,226.96,1,2,-6.9,70,standard,17,12,0,-11.4,48,54.2,1,0
cust-03206,Customer 03206,8,121.72,1,0,45,37,basic,21,6,10,35.5,5,62.3,3,0
cust-03207,Customer 03207,11,119.98,1,2,15.1,47,basic,9,3,0,17.9,32,69.0,0,0
cust-03208,Customer 03208,8,351.05,0,0,-11.9,86,standard,9,14,0,-20.5,75,64.7,0,0
cust-03209,Customer 03209,60,801.72,5,0,-0.1,32,premium,3,4,15,-0.9,15,99.2,1,0
cust-03210,Customer 03210,39,427.99,3,0,-33.6,22,standard,17,2,0,-34.6,90,33.5,0,1
cust-03211,Customer 03211,30,337.52,3,1,-34.7,31,standard,35,16,0,-24.0,42,62.9,0,0
cust-03212,Customer 03212,32,939.89,1,0,-32.3,65,premium,14,28,0,-28.3,49,34.9,1,0
cust-03213,Customer 03213,26,211.26,1,0,-11.1,49,basic,53,28,5,-9.6,14,65.7,0,0
cust-03214,Customer 03214,20,630.79,2,0,3.7,72,premium,10,19,5,4.9,17,100,0,0
cust-03215,Customer 03215,6,1372.19,0,0,-13.9,17,premium,35,22,10,-8.2,72,66.5,0,0
cust-03216,Customer 03216,23,1385.61,5,1,14.5,80,premium,17,15,0,5.7,59,45.5,2,0
cust-03217,Customer 03217,12,139.47,0,1,31.2,41,basic,17,18,0,32.2,54,81.2,0,0
cust-03218,Customer 03218,14,1285.18,0,0,24.3,95,premium,47,0,0,26.7,40,71.2,3,0
cust-03219,Customer 03219,72,200.24,4,1,-5.0,65,basic,9,8,10,3.9,37,78.3,2,1
cust-03220,Customer 03220,12,88.17,0,1,-48.9,46,basic,28,7,0,-51.3,63,33.7,0,0
cust-03221,Customer 03221,33,246.07,6,0,4.4,61,standard,47,16,0,8.7,86,37.1,2,1
cust-03222,Customer 03222,35,1662.15,2,0,10.3,50,premium,10,10,10,-5.8,4,82.5,0,0
cust-03223,Customer 03223,62,484.08,1,2,17.3,38,standard,6,16,15,5.1,36,47.8,0,0
cust-03224,Customer 03224,14,383.8,4,0,-32.4,32,standard,15,4,0,-32.7,14,67.4,0,0
cust-03225,Customer 03225,26,151.58,0,1,19.3,64,basic,34,19,0,6.8,31,50.5,1,0
cust-03226,Customer 03226,23,482.88,2,0,17.1,42,standard,13,14,5,25.5,1,83.6,1,0
cust-03227,Customer 03227,44,453.67,5,2,-36.7,55,standard,30,0,0,-27.5,16,59.7,1,1
cust-03228,Customer 03228,28,283.49,4,1,15.2,43,standard,12,24,0,-1.5,19,40.7,0,1
cust-03229,Customer 03229,17,728.84,4,0,-11.9,49,premium,35,0,15,-6.7,33,23.4,0,0
cust-03230,Customer 03230,9,144.33,2,1,-26.1,60,basic,16,14,5,-37.2,13,56.0,1,0
cust-03231,Customer 03231,63,171.71,1,1,-17.1,83,basic,21,30,5,-7.5,40,67.5,0,0
cust-03232,Customer 03232,14,109.27,1,0,6.5,74,basic,8,17,5,16.8,15,60.2,0,0
cust-03233,Customer 03233,15,176.7,3,1,11.9,61,basic,13,6,0,17.7,40,23.4,0,0
cust-03234,Customer 03234,42,227.82,3,0,21.9,42,basic,32,21,0,29.9,16,32.5,0,0
cust-03235,Customer 03235,45,687.0,4,0,-0.0,79,standard,65,24,10,6.5,14,80.5,2,0
cust-03236,Customer 03236,10,193.55,6,0,-12.2,68,basic,11,15,5,-9.8,32,67.2,1,0
cust-03237,Customer 03237,53,321.32,0,0,28.6,57,standard,20,0,0,22.9,33,37.1,1,0
cust-03238,Customer 03238,15,193.99,6,0,22.2,84,basic,20,20,20,29.0,20,71.1,2,0
cust-03239,Customer 03239,32,328.85,0,0,-37.2,67,standard,28,11,10,-49.4,73,92.6,1,0
cust-03240,Customer 03240,30,189.05,1,2,3.7,94,basic,22,21,5,-5.7,6,29.1,0,0
cust-03241,Customer 03241,30,560.19,3,0,5.8,70,standard,13,32,5,-3.3,21,13.4,0,0
cust-03242,Customer 03242,13,531.2,2,0,38.2,75,standard,10,22,0,36.5,34,36.3,1,0
cust-03243,Customer 03243,67,1075.03,0,2,-1.4,53,premium,13,16,15,4.8,33,18.5,0,0
cust-03244,Customer 03244,20,449.2,4,0,-11.2,63,standard,14,7,0,-13.8,38,76.2,0,0
cust-03245,Customer 03245,16,311.27,2,1,-31.7,44,standard,45,13,5,-26.0,14,62.2,0,1
cust-03246,Customer 03246,16,341.64,0,0,-18.8,29,standard,16,11,5,-11.0,45,72.0,0,0
cust-03247,Customer 03247,9,113.69,1,1,2.0,61,basic,20,0,10,13.5,42,67.1,0,0
cust-03248,Customer 03248,24,212.96,0,1,-8.0,70,standard,36,15,0,-6.9,48,65.5,0,0
cust-03249,Customer 03249,14,163.34,5,2,0.5,90,basic,8,30,5,5.3,57,74.2,3,0
cust-03250,Customer 03250,31,952.41,8,0,-32.6,76,premium,20,7,0,-21.7,22,76.4,0,0
cust-03251,Customer 03251,47,788.81,1,0,-51.9,25,premium,11,0,0,-58.5,35,62.7,1,0
cust-03252,Customer 03252,18,83.68,1,0,-40.3,38,basic,40,23,0,-50.3,22,66.3,1,1
cust-03253,Customer 03253,20,298.7,1,2,28.1,74,basic,12,23,0,32.2,17,28.3,2,0
cust-03254,Customer 03254,22,178.76,0,0,32.0,11,basic,20,20,0,23.7,75,75.2,2,1
cust-03255,Customer 03255,5,1502.86,3,1,-21.7,46,premium,7,14,0,-31.4,27,37.4,1,1
cust-03256,Customer 03256,66,131.64,10,0,-10.4,43,basic,10,22,5,-14.8,29,100,1,0
cust-03257,Customer 03257,16,349.41,2,0,-32.9,34,standard,75,8,0,-39.6,11,51.4,2,1
cust-03258,Customer 03258,4,1221.88,0,0,-6.1,64,premium,29,9,5,-4.1,67,52.9,0,1
cust-03259,Customer 03259,16,393.26,6,0,-20.0,46,standard,24,22,0,-20.7,4,29.5,0,0
cust-03260,Customer 03260,44,291.43,1,0,-0.0,47,standard,31,25,5,-8.7,26,68.0,0,0
cust-03261,Customer 03261,11,1365.3,0,0,-0.3,36,premium,5,10,5,-2.3,47,100,1,0
cust-03262,Customer 03262,40,1561.08,0,0,-4.3,62,premium,30,0,0,-17.6,34,62.6,2,0
cust-03263,Customer 03263,2,1477.68,0,0,21.0,24,premium,25,12,10,25.1,28,46.7,1,0
cust-03264,Customer 03264,28,1502.14,2,1,-1.3,59,premium,8,5,0,-16.9,36,50.6,0,0
cust-03265,Customer 03265,14,354.37,0,0,27.3,20,standard,12,10,0,29.4,86,72.6,2,0
cust-03266,Customer 03266,48,154.57,1,0,45,72,basic,14,4,0,49.3,9,46.3,0,0
cust-03267,Customer 03267,1,776.94,1,1,31.3,34,premium,33,0,15,25.6,11,86.3,0,0
cust-03268,Customer 03268,28,152.56,1,1,-21.0,73,basic,21,25,10,-28.7,73,56.1,0,0
cust-03269,Customer 03269,42,130.67,1,0,13.1,65,basic,8,21,10,21.4,27,52.0,0,0
cust-03270,Customer 03270,14,132.39,4,0,-27.6,48,basic,22,14,10,-25.2,44,90.1,1,0
cust-03271,Customer 03271,38,692.97,0,0,-31.0,85,premium,17,13,0,-46.4,40,89.5,3,0
cust-03272,Customer 03272,23,94.96,5,2,-19.1,31,basic,8,24,0,-6.8,17,65.4,1,0
cust-03273,Customer 03273,48,100.97,1,2,25.8,49,basic,34,16,15,27.6,55,65.1,1,0
cust-03274,Customer 03274,38,187.81,1,0,13.3,30,basic,6,14,0,16.8,6,94.6,2,0
cust-03275,Customer 03275,30,138.59,3,0,44.1,69,basic,26,0,0,50,48,72.4,3,0
cust-03276,Customer 03276,11,418.5,1,0,15.0,58,standard,18,15,10,19.3,4,74.4,2,0
cust-03277,Customer 03277,2,375.2,4,0,-2.9,54,standard,5,7,0,-17.6,27,100,1,0
cust-03278,Customer 03278,23,987.09,0,1,27.7,21,premium,9,19,0,12.2,47,64.9,2,0
cust-03279,Customer 03279,40,297.9,0,0,-2.5,60,standard,21,6,10,16.9,67,52.4,0,0
cust-03280,Customer 03280,31,237.56,2,2,8.7,36,basic,9,11,0,4.3,12,61.7,0,0
cust-03281,Customer 03281,31,608.71,0,0,2.2,50,premium,32,15,0,14.1,85,47.5,1,0
cust-03282,Customer 03282,31,881.88,1,0,-16.0,35,premium,46,1,0,-15.4,13,32.7,2,0
cust-03283,Customer 03283,10,96.58,0,0,9.2,15,basic,13,15,15,9.1,38,28.5,1,0
cust-03284,Customer 03284,17,118.94,1,0,18.9,37,basic,10,0,10,21.5,38,69.6,0,0
cust-03285,Customer 03285,36,108.73,2,0,14.7,18,basic,13,3,0,13.3,8,25.1,0,0
cust-03286,Customer 03286,69,122.39,3,0,-17.6,3,basic,18,8,0,-27.8,22,79.6,0,0
cust-03287,Customer 03287,17,156.81,3,0,13.3,59,basic,10,18,0,5.6,27,73.4,3,0
cust-03288,Customer 03288,72,733.15,2,0,32.1,63,premium,20,20,15,27.7,24,100,2,0
cust-03289,Customer 03289,13,873.14,0,0,-35.3,62,premium,21,2,10,-39.6,71,28.3,0,0
cust-03290,Customer 03290,44,519.75,1,0,-5.7,73,standard,17,9,0,-13.7,51,77.1,0,0
cust-03291,Customer 03291,33,340.59,0,1,-38.2,95,standard,27,19,0,-19.4,31,67.2,0,0
cust-03292,Customer 03292,8,1022.8,2,0,15.5,62,premium,5,7,20,18.1,20,50.0,0,0
cust-03293,Customer 03293,15,296.87,2,1,15.5,89,standard,17,29,0,3.0,12,25.8,0,0
cust-03294,Customer 03294,33,176.22,0,0,-19.8,46,basic,9,7,0,-23.0,79,25.2,0,0
cust-03295,Customer 03295,66,424.62,1,1,-14.7,68,standard,10,20,10,-17.4,53,53.8,0,0
cust-03296,Customer 03296,27,128.49,2,0,2.5,94,basic,15,8,5,-4.5,37,26.1,0,0
cust-03297,Customer 03297,72,153.78,4,0,-29.0,62,basic,32,10,10,-28.4,77,53.0,0,0
cust-03298,Customer 03298,27,288.92,0,0,-15.0,14,standard,9,0,5,-12.2,70,43.4,0,0
cust-03299,Customer 03299,9,149.95,0,1,21.0,45,basic,29,6,5,24.4,81,62.7,0,0
cust-03300,Customer 03300,15,336.85,1,0,31.4,3,standard,9,30,5,42.8,44,79.1,0,0
cust-03301,Customer 03301,33,852.82,2,0,-52.2,75,premium,38,0,5,-59.5,41,100,0,1
cust-03302,Customer 03302,41,1422.09,0,0,3.6,39,premium,32,17,20,0.4,64,90.8,1,0
cust-03303,Customer 03303,41,385.18,0,1,-6.5,35,standard,18,19,0,-13.9,74,76.8,1,0
cust-03304,Customer 03304,14,367.0,1,0,-3.5,68,standard,21,22,0,-2.7,5,81.4,0,0
cust-03305,Customer 03305,42,163.03,5,0,7.5,48,basic,21,17,0,-8.3,22,36.3,1,0
cust-03306,Customer 03306,14,1099.09,0,0,21.4,-12,premium,2,6,5,22.9,40,43.2,0,0
cust-03307,Customer 03307,18,555.37,0,0,20.5,49,standard,12,2,0,9.6,53,57.7,1,0
cust-03308,Customer 03308,34,213.6,4,0,45,38,basic,21,3,0,42.7,27,35.0,0,0
cust-03309,Customer 03309,39,202.09,2,2,-32.5,41,basic,23,14,10,-37.3,4,84.2,2,1
cust-03310,Customer 03310,26,512.27,2,1,-14.5,52,standard,9,28,0,-16.0,8,62.5,0,0
cust-03311,Customer 03311,11,318.87,0,0,20.8,63,standard,47,7,5,15.7,70,51.2,3,0
cust-03312,Customer 03312,23,158.02,0,0,-21.5,45,basic,10,19,0,-15.7,62,15.8,1,0
cust-03313,Customer 03313,12,423.91,7,3,37.7,43,standard,12,32,10,31.5,41,40.7,0,0
cust-03314,Customer 03314,35,165.84,0,0,16.9,44,basic,20,9,20,12.5,49,36.3,2,0
cust-03315,Customer 03315,15,227.23,0,0,11.8,65,basic,24,0,10,13.9,67,56.9,0,0
cust-03316,Customer 03316,16,682.3,0,0,-1.9,68,premium,22,3,0,6.3,72,20.8,0,0
cust-03317,Customer 03317,15,423.2,0,0,-29.3,29,standard,18,13,0,-27.5,62,57.7,0,0
cust-03318,Customer 03318,40,442.98,0,0,0.7,51,standard,36,21,0,0.9,32,78.8,2,0
cust-03319,Customer 03319,50,129.34,2,0,-43.3,54,basic,23,3,0,-37.9,38,61.5,1,0
cust-03320,Customer 03320,5,383.66,0,0,-12.3,28,standard,11,16,10,-1.1,80,78.7,0,0
cust-03321,Customer 03321,12,201.85,2,0,17.8,23,basic,9,22,0,34.6,31,35.0,3,0
cust-03322,Customer 03322,39,764.55,1,1,9.8,28,premium,6,12,15,11.1,24,14.6,0,0
cust-03323,Customer 03323,22,1310.63,2,1,-6.5,36,premium,21,7,0,-8.8,0,43.9,0,0
cust-03324,Customer 03324,10,212.76,2,0,-0.6,14,basic,4,23,5,-3.9,18,86.9,1,1
cust-03325,Customer 03325,22,282.23,7,1,-10.3,43,standard,11,0,5,-16.7,24,57.5,0,0
cust-03326,Customer 03326,5,329.84,0,0,-13.6,65,standard,8,3,5,-28.2,45,64.4,0,0
cust-03327,Customer 03327,16,204.55,0,2,30.7,55,basic,12,27,0,31.3,58,77.6,0,0
cust-03328,Customer 03328,9,991.35,1,0,33.0,41,premium,6,19,0,33.8,13,40.5,0,0
cust-03329,Customer 03329,9,269.39,1,0,19.8,75,standard,11,18,5,18.0,7,63.4,2,0
cust-03330,Customer 03330,53,256.37,1,0,13.0,36,basic,28,23,0,11.6,25,32.7,0,0
cust-03331,Customer 03331,42,431.12,1,0,18.7,32,standard,10,17,20,9.4,37,70.2,0,0
cust-03332,Customer 03332,17,580.07,5,0,-60.6,17,standard,50,17,0,-54.7,19,58.6,2,0
cust-03333,Customer 03333,9,153.04,0,0,26.7,24,basic,10,5,0,23.1,69,76.7,0,0
cust-03334,Customer 03334,26,427.64,1,0,39.2,47,standard,4,21,5,39.9,48,44.6,1,0
cust-03335,Customer 03335,31,305.52,2,0,8.6,62,standard,13,0,20,14.8,62,24.7,1,1
cust-03336,Customer 03336,7,345.46,3,0,-2.3,44,standard,41,17,0,-5.3,28,30.7,0,0
cust-03337,Customer 03337,17,167.16,2,0,20.3,51,basic,11,17,0,13.2,30,84.9,1,0
cust-03338,Customer 03338,5,119.93,0,0,-12.8,66,basic,15,0,0,-7.1,89,59.7,2,0
cust-03339,Customer 03339,11,1174.1,1,0,20.7,37,premium,28,16,5,17.3,24,13.8,1,0
cust-03340,Customer 03340,36,550.04,0,0,-3.4,46,standard,48,5,0,0.9,43,65.8,1,0
cust-03341,Customer 03341,70,174.24,2,0,41.0,17,basic,10,18,0,36.1,38,62.4,0,0
cust-03342,Customer 03342,72,450.83,4,0,10.8,52,standard,54,7,0,13.4,4,90.0,2,0
cust-03343,Customer 03343,16,519.91,0,2,-19.0,57,standard,14,7,0,-24.2,89,64.4,1,0
cust-03344,Customer 03344,23,169.53,3,0,24.5,78,basic,74,30,0,2.9,57,55.0,1,0
cust-03345,Customer 03345,67,267.92,0,0,-1.6,33,standard,15,0,5,1.8,69,66.0,0,0
cust-03346,Customer 03346,20,316.36,1,1,-41.1,58,standard,28,8,10,-34.0,60,53.1,0,0
cust-03347,Customer 03347,13,131.82,1,0,29.4,35,basic,26,15,10,27.3,34,69.1,0,0
cust-03348,Customer 03348,32,738.26,3,0,19.1,22,premium,35,0,0,15.8,10,75.1,1,0
cust-03349,Customer 03349,8,152.0,4,1,-30.0,47,basic,31,14,0,-35.6,5,37.2,1,1
cust-03350,Customer 03350,34,197.02,0,0,-11.0,35,basic,23,22,0,-5.4,81,45.5,0,0
cust-03351,Customer 03351,30,159.52,1,1,17.1,41,basic,17,12,15,20.1,90,49.2,2,0
cust-03352,Customer 03352,28,1113.51,2,1,20.4,15,premium,4,11,15,25.8,40,76.8,1,1
cust-03353,Customer 03353,38,1483.95,2,1,-12.7,44,premium,5,12,5,-6.3,39,76.3,0,0
cust-03354,Customer 03354,16,163.18,0,0,-12.4,77,basic,11,0,0,-10.3,53,90.1,0,0
cust-03355,Customer 03355,68,216.07,0,0,-6.3,18,basic,17,4,5,-12.9,40,74.5,0,0
cust-03356,Customer 03356,17,264.79,0,1,-25.2,61,basic,16,7,0,-26.8,72,70.0,1,0
cust-03357,Customer 03357,8,346.58,0,0,-1.8,73,standard,27,0,10,-16.8,46,65.0,0,0
cust-03358,Customer 03358,18,1133.07,1,0,0.8,43,premium,27,0,10,14.1,24,39.9,0,0
cust-03359,Customer 03359,64,184.6,0,2,-18.0,38,standard,20,6,0,-7.7,85,76.2,0,0
cust-03360,Customer 03360,43,990.46,2,0,-0.6,32,premium,35,26,0,8.6,41,87.4,1,0
cust-03361,Customer 03361,24,190.93,2,0,-22.3,40,basic,13,10,0,-28.1,25,62.5,0,0
cust-03362,Customer 03362,28,724.16,0,0,16.2,75,premium,6,20,10,19.8,84,57.7,0,0
cust-03363,Customer 03363,21,179.75,1,1,-14.8,21,basic,4,5,0,-3.8,60,67.8,2,0
cust-03364,Customer 03364,9,118.27,0,0,3.6,54,basic,42,7,0,4.7,48,64.8,0,0
cust-03365,Customer 03365,12,249.63,2,1,-5.8,67,basic,12,0,5,-4.7,20,38.3,0,0
cust-03366,Customer 03366,9,1325.59,3,0,-18.6,36,premium,17,13,0,-9.8,48,49.9,1,1
cust-03367,Customer 03367,8,1340.16,0,0,6.7,22,premium,9,11,20,-3.7,50,38.4,0,0
cust-03368,Customer 03368,9,142.96,6,1,-60.2,24,basic,19,0,0,-50.4,47,73.9,0,0
cust-03369,Customer 03369,52,344.53,1,1,1.4,24,standard,8,14,0,-2.4,78,64.2,3,0
cust-03370,Customer 03370,33,1243.49,2,0,-40.7,78,premium,50,0,10,-35.9,80,91.1,0,0
cust-03371,Customer 03371,9,165.63,7,0,-13.7,95,basic,15,15,5,-15.0,65,16.3,0,0
cust-03372,Customer 03372,15,1376.5,6,0,28.0,10,premium,36,0,0,31.6,57,63.7,0,0
cust-03373,Customer 03373,22,120.02,0,0,-55.4,9,basic,37,25,0,-63.3,28,53.3,2,0
cust-03374,Customer 03374,29,181.24,1,0,-41.7,36,basic,14,15,0,-41.3,26,56.0,0,0
cust-03375,Customer 03375,1,411.67,1,1,1.0,77,standard,16,6,0,-2.9,37,57.1,0,0
cust-03376,Customer 03376,52,106.3,1,0,8.3,20,basic,6,6,0,7.3,36,76.0,1,0
cust-03377,Customer 03377,14,354.87,2,0,-3.8,81,standard,9,15,0,5.1,84,54.3,0,0
cust-03378,Customer 03378,13,981.18,3,0,-0.4,41,premium,18,2,10,-8.4,35,32.1,1,0
cust-03379,Customer 03379,18,492.88,1,1,-27.3,2,standard,34,28,0,-25.6,8,32.7,2,1
cust-03380,Customer 03380,29,430.01,5,0,8.4,51,standard,6,0,10,13.6,90,84.8,0,0
cust-03381,Customer 03381,62,179.5,0,0,12.3,18,basic,14,17,0,11.0,37,67.6,0,0
cust-03382,Customer 03382,46,470.92,4,0,-8.5,68,standard,42,10,5,-12.3,66,43.9,0,0
cust-03383,Customer 03383,15,1035.12,0,0,42.0,75,premium,15,28,10,41.5,27,68.3,0,0
cust-03384,Customer 03384,11,472.69,0,3,10.4,89,standard,21,4,0,22.6,73,77.9,0,0
cust-03385,Customer 03385,19,186.24,3,1,1.0,42,basic,39,6,5,-17.1,37,59.9,1,0
cust-03386,Customer 03386,16,424.89,1,2,-43.3,36,standard,31,23,15,-29.4,18,95.9,0,0
cust-03387,Customer 03387,50,509.86,2,0,-29.3,95,standard,28,19,0,-27.4,21,50.9,0,0
cust-03388,Customer 03388,50,97.24,0,1,-9.6,48,basic,19,7,5,-5.0,27,42.8,1,0
cust-03389,Customer 03389,59,197.64,0,2,22.5,29,basic,20,22,0,30.3,80,68.9,1,0
cust-03390,Customer 03390,12,166.78,2,0,16.4,23,basic,30,2,10,23.0,50,75.8,2,1
cust-03391,Customer 03391,13,347.81,3,0,-17.5,71,standard,6,22,0,-21.3,3,50.1,1,0
cust-03392,Customer 03392,58,547.84,2,1,31.8,8,standard,21,20,15,26.6,10,50.1,1,1
cust-03393,Customer 03393,33,235.17,0,0,-14.4,12,basic,8,4,0,-12.6,72,91.4,0,0
cust-03394,Customer 03394,60,495.57,0,1,27.2,44,standard,8,0,20,26.4,84,59.0,0,1
cust-03395,Customer 03395,12,205.38,5,1,11.7,52,basic,6,27,5,13.5,12,40.0,0,0
cust-03396,Customer 03396,30,294.71,1,1,-11.3,80,standard,19,0,0,-16.2,15,42.5,0,0
cust-03397,Customer 03397,32,242.37,2,0,-28.5,61,standard,18,29,5,-15.1,20,57.7,0,0
cust-03398,Customer 03398,11,536.75,0,0,-57.0,69,premium,7,15,0,-45.2,38,80.9,2,0
cust-03399,Customer 03399,29,1160.08,3,0,-4.1,78,premium,18,16,10,-5.7,42,72.6,3,0
cust-03400,Customer 03400,55,371.62,0,2,-1.3,50,standard,3,37,15,-3.8,44,67.3,0,0
cust-03401,Customer 03401,20,77.6,1,0,5.2,34,basic,27,5,0,6.2,18,91.5,0,0
cust-03402,Customer 03402,33,173.84,0,0,25.9,29,basic,17,3,0,14.8,67,54.8,0,0
cust-03403,Customer 03403,25,894.72,2,0,34.2,40,premium,10,0,5,30.5,24,81.4,0,0
cust-03404,Customer 03404,12,502.57,1,1,45,71,standard,7,2,0,38.5,13,100,1,0
cust-03405,Customer 03405,37,160.96,2,2,10.2,42,basic,10,20,15,10.3,5,41.1,0,1
cust-03406,Customer 03406,10,82.57,1,2,-22.9,39,basic,12,0,5,-13.4,12,41.1,3,0
cust-03407,Customer 03407,72,473.07,1,0,-9.5,62,standard,5,9,10,-11.6,11,48.9,1,0
cust-03408,Customer 03408,59,1535.19,1,0,23.9,25,premium,16,1,0,9.9,17,86.6,2,0
cust-03409,Customer 03409,54,416.61,1,1,-23.3,60,standard,11,0,10,-31.5,12,35.6,0,0
cust-03410,Customer 03410,26,453.54,0,0,8.8,17,standard,18,10,5,5.8,63,57.8,0,0
cust-03411,Customer 03411,15,216.2,1,1,6.9,3,basic,39,18,15,6.9,26,48.3,0,1
cust-03412,Customer 03412,30,223.77,0,3,-20.0,37,basic,18,16,10,-16.6,45,18.6,0,1
cust-03413,Customer 03413,49,238.68,4,0,-36.7,42,basic,29,28,0,-39.2,6,64.1,1,0
cust-03414,Customer 03414,28,524.12,3,0,-8.4,75,standard,18,0,15,-7.6,30,73.6,2,0
cust-03415,Customer 03415,6,433.81,0,2,-18.7,56,standard,1,27,10,-28.5,80,6.2,2,0
cust-03416,Customer 03416,23,359.43,5,1,40.2,44,standard,15,17,0,50,11,84.4,1,0
cust-03417,Customer 03417,43,157.94,12,1,11.5,64,basic,7,6,15,25.9,18,51.7,0,0
cust-03418,Customer 03418,4,406.38,1,0,17.6,31,standard,8,15,0,2.3,33,60.8,2,0
cust-03419,Customer 03419,66,1863.72,2,0,3.4,61,premium,15,12,0,-2.8,9,87.5,0,0
cust-03420,Customer 03420,1,294.66,0,0,-33.6,-30,standard,32,9,15,-29.0,82,93.6,0,0
cust-03421,Customer 03421,42,614.89,1,2,-1.5,28,standard,15,16,10,12.6,30,35.3,1,0
cust-03422,Customer 03422,17,174.23,0,0,-1.2,75,basic,21,8,0,-3.8,54,68.3,0,0
cust-03423,Customer 03423,30,197.46,2,0,-55,52,basic,32,13,10,-49.4,30,78.4,2,0
cust-03424,Customer 03424,43,179.47,1,0,45,57,basic,11,0,0,41.7,8,44.9,2,0
cust-03425,Customer 03425,43,162.09,1,0,-10.9,64,basic,3,15,0,-3.3,25,48.6,0,0
cust-03426,Customer 03426,24,362.07,0,0,-37.1,21,standard,22,13,15,-33.3,38,17.0,0,1
cust-03427,Customer 03427,49,197.66,2,0,-11.0,88,basic,12,8,10,-18.5,34,83.5,0,0
cust-03428,Customer 03428,14,451.02,3,0,-2.3,51,standard,6,12,5,0.5,7,62.1,2,0
cust-03429,Customer 03429,36,331.59,2,1,-0.7,79,standard,7,12,0,-0.8,32,83.0,0,0
cust-03430,Customer 03430,26,254.63,2,1,45,57,standard,20,22,0,49.6,15,46.9,2,0
cust-03431,Customer 03431,6,734.47,1,0,10.9,72,premium,10,0,20,13.0,43,56.9,1,0
cust-03432,Customer 03432,30,166.47,3,0,23.4,58,basic,11,0,0,23.6,37,46.2,0,0
cust-03433,Customer 03433,57,195.38,1,1,-44.0,44,basic,37,12,0,-61.9,34,49.3,0,0
cust-03434,Customer 03434,25,97.8,1,0,14.1,4,basic,19,9,5,11.9,9,49.7,0,0
cust-03435,Customer 03435,14,1093.81,0,1,3.8,28,premium,39,4,15,9.9,47,64.3,0,0
cust-03436,Customer 03436,35,466.66,0,0,29.5,30,standard,9,17,5,31.2,44,23.0,0,0
cust-03437,Customer 03437,28,1002.59,0,0,-11.0,57,premium,15,3,0,-8.2,59,76.2,1,0
cust-03438,Customer 03438,24,1056.38,0,0,-11.0,53,premium,10,0,15,-7.5,27,62.1,1,0
cust-03439,Customer 03439,18,823.98,1,1,-24.4,95,premium,2,0,0,-4.9,4,33.5,1,1
cust-03440,Customer 03440,34,218.24,5,0,-11.2,77,basic,2,0,0,-25.5,17,100,0,0
cust-03441,Customer 03441,1,495.9,1,0,11.9,57,standard,44,8,0,12.9,30,61.5,2,0
cust-03442,Customer 03442,21,276.66,3,0,-37.8,58,standard,7,3,0,-34.0,30,42.0,2,1
cust-03443,Customer 03443,17,207.12,0,0,1.8,65,basic,19,23,0,9.6,52,49.1,1,1
cust-03444,Customer 03444,40,417.59,0,0,11.3,54,standard,29,29,10,2.6,27,77.9,1,0
cust-03445,Customer 03445,10,91.85,1,2,33.6,53,basic,19,26,0,30.2,18,88.2,2,0
cust-03446,Customer 03446,43,253.05,0,0,-13.4,59,standard,17,0,10,-29.4,45,84.4,2,0
cust-03447,Customer 03447,4,219.7,0,2,12.5,32,basic,28,0,0,30.0,26,47.2,0,0
cust-03448,Customer 03448,23,319.23,1,0,11.1,61,standard,19,8,0,12.5,24,93.2,0,0
cust-03449,Customer 03449,61,485.7,1,2,7.0,16,standard,7,19,10,-5.4,11,68.0,0,0
cust-03450,Customer 03450,48,969.1,2,1,41.0,61,premium,1,10,5,39.1,31,21.1,0,0
cust-03451,Customer 03451,6,210.37,1,1,-16.8,45,basic,29,0,0,-13.7,6,36.3,0,0
cust-03452,Customer 03452,8,183.58,0,0,3.2,47,basic,23,35,0,5.5,35,62.8,0,0
cust-03453,Customer 03453,27,132.58,1,0,5.9,14,basic,28,2,10,-0.6,10,67.3,0,0
cust-03454,Customer 03454,31,1245.86,2,1,5.2,48,premium,21,0,0,18.2,10,58.0,1,0
cust-03455,Customer 03455,60,215.89,0,1,-53.7,13,basic,39,0,0,-46.6,32,40.9,0,0
cust-03456,Customer 03456,12,115.74,4,4,-15.5,25,basic,20,32,10,-30.7,59,34.7,1,0
cust-03457,Customer 03457,14,124.02,4,0,6.1,95,basic,10,0,0,15.4,34,43.3,0,0
cust-03458,Customer 03458,39,214.27,7,0,27.0,15,basic,22,17,10,17.2,67,24.5,0,0
cust-03459,Customer 03459,42,124.56,0,0,1.6,77,basic,9,0,5,16.4,68,62.6,0,0
cust-03460,Customer 03460,65,1522.31,0,0,-43.6,54,premium,29,0,5,-51.5,60,54.1,0,0
cust-03461,Customer 03461,11,433.71,5,0,7.2,23,standard,6,6,0,4.1,14,38.8,0,0
cust-03462,Customer 03462,39,415.73,4,1,-8.2,-11,standard,26,0,0,-7.6,16,14.9,1,0
cust-03463,Customer 03463,39,122.16,4,0,-32.9,38,basic,53,23,0,-45.8,33,72.9,1,0
cust-03464,Customer 03464,66,1506.48,0,0,15.7,36,premium,41,5,0,16.9,46,38.4,3,1
cust-03465,Customer 03465,47,174.35,2,0,-6.4,51,basic,13,27,10,-13.6,25,84.5,0,0
cust-03466,Customer 03466,28,545.94,0,0,-8.0,70,standard,16,12,0,-9.3,86,73.7,2,0
cust-03467,Customer 03467,11,1092.77,1,0,-26.1,44,premium,8,6,10,-26.4,12,28.0,1,0
cust-03468,Customer 03468,14,386.31,5,0,-8.4,63,standard,5,1,0,-5.1,13,52.5,2,0
cust-03469,Customer 03469,22,797.44,1,0,-7.0,51,premium,9,0,0,-3.7,45,36.2,1,0
cust-03470,Customer 03470,54,971.94,1,0,32.3,76,premium,9,7,0,30.2,68,63.0,1,0
cust-03471,Customer 03471,24,322.72,0,0,10.1,35,standard,9,10,15,2.3,54,93.4,3,0
cust-03472,Customer 03472,5,341.86,0,0,-25.2,53,standard,36,11,5,-33.0,62,25.3,0,0
cust-03473,Customer 03473,10,391.35,0,0,0.8,46,standard,38,11,0,-7.4,28,53.7,0,0
cust-03474,Customer 03474,15,202.19,0,0,43.3,29,standard,23,18,20,49.5,62,42.4,0,0
cust-03475,Customer 03475,38,790.0,0,0,-2.5,39,premium,22,8,0,2.1,44,66.2,0,0
cust-03476,Customer 03476,30,290.32,3,0,45,49,standard,36,25,0,43.4,39,45.1,1,0
cust-03477,Customer 03477,10,175.58,0,0,-35.9,54,basic,24,8,0,-27.4,69,85.0,2,0
cust-03478,Customer 03478,72,133.72,2,2,-16.6,57,basic,12,16,0,-6.9,62,66.7,0,0
cust-03479,Customer 03479,29,125.76,4,0,18.4,53,basic,18,7,5,12.9,17,86.1,2,0
cust-03480,Customer 03480,37,189.81,0,0,19.3,25,basic,16,29,5,26.9,58,43.7,2,0
cust-03481,Customer 03481,4,167.84,0,2,19.8,87,basic,14,3,0,12.8,37,58.9,0,0
cust-03482,Customer 03482,9,365.15,2,0,-14.6,66,standard,10,7,15,-16.3,18,38.2,1,0
cust-03483,Customer 03483,35,158.36,0,0,34.6,60,basic,3,20,20,24.5,41,29.3,2,0
cust-03484,Customer 03484,25,1074.5,1,0,-1.5,16,premium,9,0,0,18.6,50,45.8,0,1
cust-03485,Customer 03485,15,221.64,5,1,-18.2,20,basic,6,26,0,-6.9,13,58.3,1,0
cust-03486,Customer 03486,6,489.78,1,0,8.0,42,standard,21,3,5,13.7,45,35.9,1,1
cust-03487,Customer 03487,20,173.26,3,0,-1.2,29,basic,7,10,15,3.2,25,56.5,2,0
cust-03488,Customer 03488,18,1002.9,2,2,8.4,63,premium,28,1,0,11.2,10,59.6,0,0
cust-03489,Customer 03489,16,173.04,2,0,23.5,54,basic,14,0,0,37.2,31,43.6,0,0
cust-03490,Customer 03490,34,969.41,1,0,-4.2,54,premium,15,9,0,5.3,23,48.5,0,0
cust-03491,Customer 03491,20,137.19,1,2,-38.4,26,basic,25,0,0,-44.9,33,93.5,1,0
cust-03492,Customer 03492,26,1120.06,0,1,18.3,37,premium,27,0,10,5.9,47,72.9,2,0
cust-03493,Customer 03493,49,292.6,1,0,24.8,63,standard,10,9,5,19.7,10,54.9,0,0
cust-03494,Customer 03494,42,364.59,0,1,-32.7,27,standard,30,13,0,-43.8,31,97.6,1,0
cust-03495,Customer 03495,24,587.81,8,0,37.4,37,standard,41,7,0,35.3,28,36.3,0,0
cust-03496,Customer 03496,71,112.37,0,2,-42.0,58,basic,25,6,0,-33.3,43,70.3,0,0
cust-03497,Customer 03497,72,456.46,4,0,-6.0,36,standard,3,0,0,-18.2,7,63.8,1,0
cust-03498,Customer 03498,16,308.71,1,0,-21.3,19,standard,18,8,15,-15.8,34,53.5,0,1
cust-03499,Customer 03499,15,738.41,7,0,-13.9,65,premium,27,0,0,-7.9,22,77.1,1,0
cust-03500,Customer 03500,14,515.63,12,0,-21.5,57,standard,10,0,5,-12.1,58,61.5,0,0
cust-03501,Customer 03501,21,252.62,1,0,32.6,70,basic,0,3,5,45.4,36,39.8,0,0
cust-03502,Customer 03502,22,374.98,1,0,2.2,35,standard,17,4,0,12.2,1,75.5,1,0
cust-03503,Customer 03503,28,389.52,0,0,-45.0,85,standard,38,0,0,-33.8,44,28.3,1,0
cust-03504,Customer 03504,11,137.74,3,0,-31.4,25,basic,20,4,0,-34.3,27,88.0,0,0
cust-03505,Customer 03505,10,169.74,1,1,-10.1,51,basic,15,14,15,-2.0,29,22.7,2,0
cust-03506,Customer 03506,13,249.7,3,0,-15.5,35,basic,18,14,10,-25.5,57,64.2,0,0
cust-03507,Customer 03507,10,832.54,2,0,-19.9,64,premium,20,16,0,-29.4,36,100,1,0
cust-03508,Customer 03508,11,414.34,2,0,-34.8,58,standard,28,0,0,-26.6,23,75.6,1,0
cust-03509,Customer 03509,34,269.88,1,1,6.3,40,standard,9,26,0,17.3,16,63.8,0,0
cust-03510,Customer 03510,26,326.76,2,0,14.5,53,standard,26,4,0,17.4,7,71.0,2,0
cust-03511,Customer 03511,4,383.52,2,1,-11.9,58,standard,37,12,0,-19.0,53,62.1,1,0
cust-03512,Customer 03512,36,1109.2,0,1,7.3,47,premium,11,17,10,4.4,61,90.6,0,0
cust-03513,Customer 03513,33,105.5,1,0,-15.7,48,basic,39,14,0,-21.6,12,37.8,2,0
cust-03514,Customer 03514,12,113.58,0,0,-5.2,29,basic,8,25,0,-21.9,67,61.5,1,0
cust-03515,Customer 03515,42,1013.31,2,1,-13.2,31,premium,8,14,0,-13.2,34,5,0,0
cust-03516,Customer 03516,46,450.23,2,0,11.0,76,standard,15,16,10,9.4,7,71.4,0,0
cust-03517,Customer 03517,26,1378.56,1,0,35.0,61,premium,16,12,0,31.6,33,55.7,1,0
cust-03518,Customer 03518,46,502.63,1,0,6.7,38,standard,20,0,0,9.0,1,28.5,0,0
cust-03519,Customer 03519,34,99.74,0,1,-6.3,73,basic,14,7,0,-4.2,49,57.3,1,0
cust-03520,Customer 03520,14,512.51,4,1,28.0,49,standard,25,31,0,37.9,19,72.5,1,1
cust-03521,Customer 03521,28,794.76,0,0,35.1,30,premium,12,11,0,31.1,76,11.4,0,0
cust-03522,Customer 03522,21,364.06,0,1,-10.9,53,standard,47,8,0,-13.1,53,32.8,1,0
cust-03523,Customer 03523,22,127.0,1,1,1.5,40,basic,39,13,15,-0.5,9,87.3,1,0
cust-03524,Customer 03524,25,1020.64,6,0,7.7,50,premium,53,5,10,9.1,11,96.3,3,0
cust-03525,Customer 03525,22,195.06,0,0,28.7,17,basic,22,5,0,30.8,64,86.4,0,0
cust-03526,Customer 03526,17,144.75,1,0,-4.6,-11,basic,41,1,0,-7.1,55,81.1,3,1
cust-03527,Customer 03527,51,1102.2,5,2,13.6,47,premium,10,20,0,23.2,31,100,3,0
cust-03528,Customer 03528,6,808.1,4,2,-19.1,85,premium,5,0,0,-15.5,43,68.9,0,0
cust-03529,Customer 03529,3,286.58,4,0,45,8,standard,9,14,10,37.5,49,59.6,1,0
cust-03530,Customer 03530,33,644.12,1,0,22.8,26,standard,19,16,0,30.0,1,54.6,1,0
cust-03531,Customer 03531,23,1161.74,4,0,-31.1,46,premium,40,5,0,-33.6,25,49.3,1,0
cust-03532,Customer 03532,61,154.12,7,3,32.5,60,basic,10,10,10,24.0,17,90.9,0,0
cust-03533,Customer 03533,42,987.7,0,0,-9.1,-10,premium,5,8,0,-17.7,43,40.0,0,1
cust-03534,Customer 03534,22,416.4,1,2,9.4,69,standard,7,12,0,16.0,46,17.8,0,0
cust-03535,Customer 03535,11,478.77,1,0,17.7,-10,standard,19,10,0,23.8,15,39.6,0,0
cust-03536,Customer 03536,39,398.31,2,0,12.3,18,standard,1,10,20,17.7,28,47.7,0,0
cust-03537,Customer 03537,4,328.27,0,0,-2.1,34,standard,17,29,0,-8.9,32,100,0,0
cust-03538,Customer 03538,12,912.46,2,0,-3.7,69,premium,45,0,0,-9.6,23,42.8,0,0
cust-03539,Customer 03539,18,111.21,3,0,-9.5,51,basic,28,6,20,-1.7,29,43.6,1,0
cust-03540,Customer 03540,14,294.08,2,0,-17.9,68,standard,11,0,0,5.3,10,19.1,0,0
cust-03541,Customer 03541,59,426.6,3,0,-40.2,29,standard,23,0,10,-49.7,4,65.9,1,0
cust-03542,Customer 03542,9,422.97,3,0,-53.9,73,standard,20,8,5,-35.0,38,87.2,0,0
cust-03543,Customer 03543,28,478.75,0,1,11.3,24,standard,28,17,5,-1.3,40,92.3,0,0
cust-03544,Customer 03544,33,335.55,0,2,-15.8,47,standard,10,0,10,-19.2,74,72.6,1,0
cust-03545,Customer 03545,18,1472.51,0,0,-10.8,45,premium,54,7,0,-14.8,48,27.0,2,0
cust-03546,Customer 03546,28,475.2,0,0,16.9,32,standard,32,0,0,29.7,28,34.6,0,0
cust-03547,Customer 03547,29,371.7,0,2,22.1,74,standard,34,4,10,20.2,66,51.0,1,0
cust-03548,Customer 03548,30,192.09,1,1,-2.4,67,basic,44,12,5,7.0,9,99.7,0,0
cust-03549,Customer 03549,44,1017.97,7,0,2.6,0,premium,9,16,0,-0.4,30,95.6,2,0
cust-03550,Customer 03550,41,1425.47,3,0,-38.7,51,premium,24,14,10,-36.0,7,42.3,1,0
cust-03551,Customer 03551,18,675.28,2,1,-13.0,5,premium,9,12,0,-14.0,10,64.7,1,1
cust-03552,Customer 03552,9,374.88,4,1,-32.4,57,standard,19,6,15,-43.3,7,92.6,2,0
cust-03553,Customer 03553,10,157.52,1,0,1.8,38,basic,35,12,15,8.8,90,93.8,0,0
cust-03554,Customer 03554,35,237.86,2,2,-4.5,61,basic,7,33,5,-12.8,61,71.6,1,0
cust-03555,Customer 03555,25,474.19,0,2,-22.4,58,standard,26,0,10,-25.5,32,60.2,0,0
cust-03556,Customer 03556,32,1039.94,0,0,33.7,75,premium,22,16,0,40.3,37,56.6,2,0
cust-03557,Customer 03557,18,137.24,0,3,-29.3,20,basic,26,11,0,-28.4,44,82.3,1,0
cust-03558,Customer 03558,35,1456.46,0,1,4.5,57,premium,1,18,5,26.2,65,44.7,2,0
cust-03559,Customer 03559,7,460.92,4,3,-7.9,34,standard,16,25,15,-13.0,23,20.1,1,1
cust-03560,Customer 03560,21,352.27,0,0,19.2,55,standard,18,12,0,13.0,68,91.4,0,0
cust-03561,Customer 03561,7,92.33,0,0,-25.3,79,basic,30,7,10,-28.7,64,83.2,0,0
cust-03562,Customer 03562,27,139.03,0,0,45,56,basic,30,13,0,35.8,86,52.9,3,0
cust-03563,Customer 03563,44,235.63,0,0,38.8,49,standard,44,5,10,39.0,67,48.6,0,0
cust-03564,Customer 03564,48,431.58,0,0,-1.0,62,standard,7,26,0,10.6,86,75.1,1,0
cust-03565,Customer 03565,14,301.72,6,1,31.0,39,standard,12,20,0,32.4,78,68.5,0,0
cust-03566,Customer 03566,9,926.65,4,0,-2.6,17,premium,34,7,0,-5.2,37,37.4,0,0
cust-03567,Customer 03567,11,298.18,1,0,20.0,84,standard,2,0,0,24.6,24,50.6,1,0
cust-03568,Customer 03568,26,416.1,3,0,-8.6,18,standard,2,29,0,-3.3,13,55.3,0,1
cust-03569,Customer 03569,40,176.26,0,0,8.4,83,basic,6,19,5,11.0,90,58.5,0,0
cust-03570,Customer 03570,33,169.2,0,2,16.8,29,basic,22,13,15,16.4,48,39.9,1,1
cust-03571,Customer 03571,16,145.09,12,0,11.0,18,basic,6,4,10,12.1,37,79.7,1,0
cust-03572,Customer 03572,10,204.35,2,1,14.9,72,standard,8,3,5,5.5,17,48.3,1,0
cust-03573,Customer 03573,9,160.23,2,2,-45.9,19,basic,34,2,5,-45.4,55,38.7,2,1
cust-03574,Customer 03574,12,756.8,0,0,-10.6,22,premium,4,7,0,-9.6,27,35.5,2,1
cust-03575,Customer 03575,34,947.12,1,0,-1.2,54,premium,19,12,0,-0.3,44,100,1,0
cust-03576,Customer 03576,33,493.64,2,0,29.0,75,standard,41,18,0,25.4,24,68.1,0,0
cust-03577,Customer 03577,11,219.7,0,2,-52.5,83,basic,17,36,0,-52.3,37,100,0,0
cust-03578,Customer 03578,25,119.83,0,0,-62.8,0,basic,19,7,10,-67.5,63,65.4,0,1
cust-03579,Customer 03579,30,431.05,2,0,-27.6,46,standard,49,31,0,-42.4,66,48.3,0,1
cust-03580,Customer 03580,57,425.1,0,1,8.2,58,standard,15,8,10,15.8,45,76.2,1,0
cust-03581,Customer 03581,11,177.31,0,2,16.9,49,basic,2,7,0,13.5,41,31.7,0,0
cust-03582,Customer 03582,6,416.01,1,3,-38.5,90,standard,10,15,0,-40.9,30,83.1,3,0
cust-03583,Customer 03583,10,160.74,2,0,15.3,26,basic,20,8,0,28.0,27,76.7,0,0
cust-03584,Customer 03584,30,371.82,3,1,15.8,17,standard,54,19,0,20.1,4,50.9,1,1
cust-03585,Customer 03585,13,398.42,2,0,-43.9,2,standard,29,32,10,-38.8,26,73.3,2,0
cust-03586,Customer 03586,14,938.13,1,0,7.2,54,premium,29,3,0,17.7,22,48.8,0,0
cust-03587,Customer 03587,32,147.04,2,0,2.4,30,basic,44,12,5,-5.7,3,56.5,0,0
cust-03588,Customer 03588,43,1055.95,2,0,8.2,67,premium,24,0,0,9.9,50,74.1,0,0
cust-03589,Customer 03589,25,210.2,0,3,13.9,56,standard,17,30,5,-2.1,69,42.6,0,0
cust-03590,Customer 03590,26,149.54,0,0,19.8,27,basic,6,0,10,14.9,85,39.5,0,0
cust-03591,Customer 03591,15,324.44,1,0,26.6,40,standard,22,3,0,31.6,19,26.8,2,0
cust-03592,Customer 03592,53,1251.32,0,1,-13.9,72,premium,33,21,15,-16.5,37,72.5,0,0
cust-03593,Customer 03593,36,441.89,2,0,13.7,44,standard,6,9,5,16.6,19,54.4,0,0
cust-03594,Customer 03594,52,1023.62,1,0,9.9,65,premium,17,17,0,4.2,8,51.9,1,0
cust-03595,Customer 03595,32,235.38,6,1,5.9,81,basic,12,33,0,-8.2,49,51.0,0,0
cust-03596,Customer 03596,24,738.11,1,0,16.3,28,premium,10,17,10,21.4,5,69.4,0,0
cust-03597,Customer 03597,59,204.6,2,0,-3.4,7,standard,22,5,0,-5.8,8,95.7,0,0
cust-03598,Customer 03598,10,207.71,2,1,0.8,52,basic,7,0,0,13.0,68,76.2,1,0
cust-03599,Customer 03599,44,278.02,0,0,-13.0,65,standard,5,9,5,-8.1,38,100,0,0
cust-03600,Customer 03600,61,330.1,4,2,20.6,36,standard,31,3,0,22.1,15,73.7,0,1
cust-03601,Customer 03601,72,1305.73,6,0,7.7,27,premium,10,0,0,-2.6,3,73.7,2,0
cust-03602,Customer 03602,32,89.78,1,3,20.5,81,basic,18,27,0,5.1,11,80.9,1,0
cust-03603,Customer 03603,2,209.08,4,1,3.2,95,basic,6,0,15,2.9,10,74.1,1,0
cust-03604,Customer 03604,14,326.99,9,0,-23.2,48,standard,33,16,0,-19.9,56,67.9,2,0
cust-03605,Customer 03605,34,247.01,0,1,11.2,50,basic,36,0,0,7.5,87,40.0,0,0
cust-03606,Customer 03606,72,293.67,0,0,21.0,14,standard,5,34,10,12.8,29,57.7,1,0
cust-03607,Customer 03607,16,195.91,1,1,4.4,70,basic,17,20,0,-0.3,2,52.8,0,0
cust-03608,Customer 03608,10,374.65,1,0,22.2,60,standard,23,3,0,21.1,30,42.8,1,0
cust-03609,Customer 03609,11,262.84,0,0,-6.0,28,standard,24,0,10,-5.8,65,19.5,2,1
cust-03610,Customer 03610,47,424.97,3,0,9.4,51,standard,28,21,0,9.2,17,26.2,1,0
cust-03611,Customer 03611,19,162.98,1,2,-2.0,81,basic,2,11,0,-5.7,14,39.7,1,0
cust-03612,Customer 03612,14,367.97,0,3,-0.2,47,standard,11,20,0,1.4,60,36.4,1,0
cust-03613,Customer 03613,21,1255.54,1,3,45,86,premium,11,0,0,47.3,22,53.9,0,0
cust-03614,Customer 03614,12,1082.23,0,1,20.8,13,premium,29,4,0,18.6,84,29.1,0,0
cust-03615,Customer 03615,11,133.91,2,0,-30.0,74,basic,8,28,5,-34.8,67,81.5,0,0
cust-03616,Customer 03616,7,178.48,0,0,28.3,12,basic,19,13,5,26.5,37,51.4,0,0
cust-03617,Customer 03617,72,444.39,2,0,-9.8,35,standard,25,13,0,-13.5,26,54.5,0,0
cust-03618,Customer 03618,48,1367.75,0,0,-7.7,73,premium,9,6,0,-9.1,35,39.7,0,0
cust-03619,Customer 03619,6,1288.6,5,0,13.5,47,premium,27,18,0,26.8,13,100,1,0
cust-03620,Customer 03620,18,368.43,4,0,-17.9,77,standard,25,9,0,-25.0,28,74.6,0,0
cust-03621,Customer 03621,51,1460.26,0,0,-5.6,79,premium,22,7,10,-9.0,36,100,0,0
cust-03622,Customer 03622,57,117.12,10,0,-8.3,70,basic,34,8,10,-12.8,50,53.8,2,0
cust-03623,Customer 03623,65,461.18,1,1,30.9,85,standard,33,14,10,25.8,8,75.5,2,0
cust-03624,Customer 03624,26,421.78,1,2,-15.5,34,standard,4,27,0,-9.6,22,82.8,1,0
cust-03625,Customer 03625,31,820.88,1,0,-32.0,52,premium,21,5,0,-26.0,12,61.4,1,0
cust-03626,Customer 03626,29,86.89,0,0,14.0,71,basic,54,6,5,14.7,62,26.6,0,1
cust-03627,Customer 03627,9,645.25,2,2,-11.6,36,premium,20,20,0,-20.8,25,58.0,0,0
cust-03628,Customer 03628,18,185.24,2,2,-44.0,32,basic,17,19,0,-40.8,27,62.9,1,0
cust-03629,Customer 03629,20,864.15,2,0,22.1,7,premium,9,9,0,14.5,16,61.5,0,1
cust-03630,Customer 03630,22,177.01,4,0,-18.1,45,basic,37,19,0,-10.2,64,42.4,0,0
cust-03631,Customer 03631,33,163.15,0,1,-14.2,20,basic,9,4,10,-22.1,86,59.4,0,0
cust-03632,Customer 03632,2,166.15,0,3,-27.7,16,basic,40,19,0,-22.3,56,100,1,1
cust-03633,Customer 03633,23,85.81,1,2,-16.6,65,basic,8,26,10,-24.8,7,70.5,0,0
cust-03634,Customer 03634,28,126.07,1,0,9.7,52,basic,14,20,10,7.8,41,77.5,0,0
cust-03635,Customer 03635,16,460.54,1,0,-5.6,51,standard,58,0,0,-6.4,30,29.7,0,0
cust-03636,Customer 03636,64,182.95,7,0,22.4,40,basic,26,28,0,15.5,57,45.0,0,0
cust-03637,Customer 03637,27,148.35,1,1,23.6,56,basic,34,18,0,19.7,31,74.6,2,0
cust-03638,Customer 03638,18,413.08,3,3,8.6,32,standard,24,20,0,23.4,12,88.5,1,0
cust-03639,Customer 03639,17,183.91,3,0,-18.1,57,basic,9,23,5,-16.1,9,64.4,1,0
cust-03640,Customer 03640,14,142.86,6,1,45,49,basic,16,9,0,42.3,10,61.8,0,0
cust-03641,Customer 03641,4,250.85,4,0,20.5,78,standard,7,15,10,27.7,21,99.7,2,0
cust-03642,Customer 03642,3,167.77,1,0,-25.3,43,basic,11,22,0,-20.0,1,77.9,0,0
cust-03643,Customer 03643,60,347.27,2,0,-3.4,-1,standard,7,16,0,19.0,56,95.1,0,0
cust-03644,Customer 03644,12,167.65,2,1,-67.6,58,basic,33,14,0,-66.0,23,77.5,0,1
cust-03645,Customer 03645,14,139.01,3,1,2.7,50,basic,22,11,5,-8.0,14,47.3,0,0
cust-03646,Customer 03646,41,1273.17,2,1,-22.2,37,premium,33,13,0,-13.9,22,85.3,0,0
cust-03647,Customer 03647,29,250.95,0,2,13.6,33,basic,3,2,0,3.5,56,53.3,0,0
cust-03648,Customer 03648,15,1199.43,2,2,5.7,37,premium,12,0,0,-5.9,83,35.3,1,1
cust-03649,Customer 03649,56,101.37,4,0,-19.1,53,basic,38,8,5,-18.4,50,40.7,0,0
cust-03650,Customer 03650,4,242.37,0,0,22.4,37,standard,39,0,10,23.3,88,59.0,2,0
cust-03651,Customer 03651,8,487.73,0,0,1.3,24,standard,7,3,10,7.5,25,57.1,2,0
cust-03652,Customer 03652,20,326.8,1,3,9.8,31,standard,6,16,0,12.6,3,45.2,0,0
cust-03653,Customer 03653,32,128.79,0,3,-7.5,28,basic,19,33,0,-14.5,88,70.7,0,0
cust-03654,Customer 03654,33,1133.81,1,1,35.6,79,premium,36,4,5,43.4,38,75.4,0,0
cust-03655,Customer 03655,27,1267.77,0,1,-12.5,11,premium,13,16,15,12.6,31,71.2,0,1
cust-03656,Customer 03656,72,446.25,1,0,15.1,37,standard,7,10,0,27.5,17,86.9,0,0
cust-03657,Customer 03657,47,1317.7,3,0,-1.7,24,premium,38,6,20,-4.6,47,97.3,0,0
cust-03658,Customer 03658,37,415.0,0,1,-32.1,57,standard,25,19,0,-26.3,71,71.6,0,0
cust-03659,Customer 03659,52,488.59,0,0,18.8,16,standard,36,13,0,18.5,61,31.7,0,0
cust-03660,Customer 03660,4,121.92,1,1,1.6,34,basic,36,15,5,-4.2,27,52.0,2,1
cust-03661,Customer 03661,13,156.14,3,0,-17.5,95,basic,17,6,20,-21.1,34,34.6,0,0
cust-03662,Customer 03662,33,408.82,0,0,-20.5,44,standard,9,20,0,-24.4,77,56.2,1,0
cust-03663,Customer 03663,6,774.8,2,0,-44.1,62,premium,18,9,0,-52.0,7,20.9,0,0
cust-03664,Customer 03664,13,691.06,0,0,1.0,57,premium,18,24,0,-3.4,35,54.0,1,0
cust-03665,Customer 03665,30,186.48,0,0,-10.7,93,basic,7,30,0,-11.3,42,61.3,0,0
cust-03666,Customer 03666,26,265.06,0,2,12.9,83,basic,20,11,15,4.5,50,94.4,2,0
cust-03667,Customer 03667,21,751.61,3,2,2.2,62,premium,49,0,5,-2.6,29,72.8,1,0
cust-03668,Customer 03668,23,199.0,0,0,-3.2,22,basic,4,24,5,-7.1,69,10.9,2,0
cust-03669,Customer 03669,63,1444.2,1,0,1.1,65,premium,16,12,5,-6.5,54,67.3,0,0
cust-03670,Customer 03670,26,181.96,1,0,12.1,45,basic,8,14,0,14.5,20,82.2,1,0
cust-03671,Customer 03671,22,208.04,1,1,20.8,71,basic,31,13,5,18.2,52,82.4,0,0
cust-03672,Customer 03672,18,763.86,0,0,14.0,77,premium,4,17,0,15.4,27,76.2,2,0
cust-03673,Customer 03673,19,220.74,1,2,0.4,58,basic,24,19,5,10.6,48,52.9,1,0
cust-03674,Customer 03674,30,284.37,2,2,-8.2,31,standard,7,0,5,-5.0,12,73.5,0,0
cust-03675,Customer 03675,33,183.6,3,0,3.0,51,basic,3,6,0,-3.7,52,77.0,0,0
cust-03676,Customer 03676,30,693.17,0,1,-23.3,65,premium,16,0,0,-11.6,33,70.9,0,0
cust-03677,Customer 03677,23,296.92,1,1,28.8,30,standard,10,23,0,29.7,42,47.8,2,0
cust-03678,Customer 03678,47,482.8,5,1,-8.1,24,standard,29,30,0,-14.3,30,38.0,1,0
cust-03679,Customer 03679,30,306.13,2,0,9.2,65,standard,19,18,5,5.7,11,81.8,0,0
cust-03680,Customer 03680,19,200.63,4,0,-17.6,34,basic,11,11,5,-26.3,40,52.7,0,0
cust-03681,Customer 03681,23,1242.27,1,0,0.8,67,premium,15,18,0,14.6,28,65.4,1,0
cust-03682,Customer 03682,29,123.88,2,1,-28.4,53,basic,21,11,5,-37.0,31,85.1,0,0
cust-03683,Customer 03683,23,117.63,0,2,-4.8,33,basic,39,21,0,-6.3,42,92.5,2,1
cust-03684,Customer 03684,20,292.9,0,1,-36.1,55,standard,49,3,0,-50.8,26,49.4,1,0
cust-03685,Customer 03685,54,184.22,0,0,-6.0,33,basic,24,4,0,-6.9,90,50.7,0,0
cust-03686,Customer 03686,9,141.04,0,0,-17.8,30,basic,30,3,0,-26.1,58,68.7,0,0
cust-03687,Customer 03687,4,227.87,0,0,-11.4,38,basic,46,29,0,-21.9,78,53.2,0,0
cust-03688,Customer 03688,21,152.97,0,3,11.1,95,basic,60,18,0,9.1,84,28.2,0,1
cust-03689,Customer 03689,19,1069.2,5,1,-4.3,29,premium,15,3,0,-6.6,21,41.8,1,1
cust-03690,Customer 03690,41,187.36,0,0,-21.3,38,basic,7,10,0,-20.0,48,46.8,0,0
cust-03691,Customer 03691,15,1444.26,2,2,-26.5,0,premium,28,18,10,-26.6,40,94.7,0,1
cust-03692,Customer 03692,19,371.94,1,0,2.9,27,standard,3,22,0,10.9,13,26.5,2,0
cust-03693,Customer 03693,27,156.39,4,0,25.3,47,basic,3,8,15,30.1,20,74.0,0,0
cust-03694,Customer 03694,35,338.58,6,0,-50.4,39,standard,18,20,0,-63.8,16,88.6,0,0
cust-03695,Customer 03695,23,458.67,2,0,-19.2,57,standard,20,12,10,-24.3,24,47.6,0,0
cust-03696,Customer 03696,58,167.25,1,3,-13.2,41,basic,18,3,15,-6.0,75,77.7,1,1
cust-03697,Customer 03697,16,984.05,4,0,-7.1,64,premium,16,2,5,-1.8,43,91.2,0,0
cust-03698,Customer 03698,3,207.95,0,0,9.8,35,basic,19,0,10,5.4,27,74.1,1,0
cust-03699,Customer 03699,21,89.6,0,0,24.4,24,basic,33,7,0,24.0,62,45.3,2,0
cust-03700,Customer 03700,28,312.24,6,0,1.2,48,standard,12,9,0,-8.5,42,54.8,0,0
cust-03701,Customer 03701,32,169.42,0,0,-20.7,34,basic,4,33,0,-22.3,27,36.3,1,0
cust-03702,Customer 03702,13,495.68,1,2,-23.8,14,standard,21,14,5,-36.8,33,87.8,3,1
cust-03703,Customer 03703,72,1271.76,0,0,11.8,-2,premium,26,2,5,15.1,64,37.5,0,0
cust-03704,Customer 03704,5,332.81,0,1,12.8,-14,standard,50,0,0,17.1,69,100,2,0
cust-03705,Customer 03705,33,900.39,0,0,-42.4,38,premium,46,11,10,-36.6,77,35.2,1,0
cust-03706,Customer 03706,25,1434.04,2,1,4.5,46,premium,10,5,10,18.4,14,47.1,1,1
cust-03707,Customer 03707,26,869.67,3,2,10.3,95,premium,23,8,0,23.1,90,19.4,0,0
cust-03708,Customer 03708,27,534.55,0,0,-16.4,49,premium,28,12,10,-24.0,50,99.6,0,0
cust-03709,Customer 03709,32,885.5,1,1,13.7,49,premium,7,23,10,6.8,34,31.8,1,0
cust-03710,Customer 03710,28,1392.47,0,0,10.5,20,premium,15,12,0,26.3,89,57.9,0,0
cust-03711,Customer 03711,33,170.3,4,2,7.7,29,basic,21,12,0,-4.4,17,52.0,0,0
cust-03712,Customer 03712,16,166.4,2,0,17.2,31,basic,56,14,0,13.3,11,47.4,0,0
cust-03713,Customer 03713,14,156.66,3,0,7.8,72,basic,7,11,0,8.6,70,32.6,0,1
cust-03714,Customer 03714,28,1227.91,2,1,6.9,30,premium,32,0,0,16.6,90,43.8,2,1
cust-03715,Customer 03715,70,461.58,0,0,45,45,standard,14,14,0,50,54,43.9,1,0
cust-03716,Customer 03716,36,236.6,1,0,-40.4,42,basic,29,19,15,-40.0,76,55.2,2,1
cust-03717,Customer 03717,7,974.16,0,1,43.7,54,premium,64,17,0,45.6,68,43.2,2,0
cust-03718,Customer 03718,14,401.61,0,0,9.6,49,standard,22,28,10,16.0,42,20.6,1,0
cust-03719,Customer 03719,10,854.08,0,0,20.7,39,premium,9,14,10,23.5,27,47.0,1,0
cust-03720,Customer 03720,25,170.59,3,0,13.4,95,basic,2,41,5,11.6,29,38.5,3,0
cust-03721,Customer 03721,11,378.41,1,0,25.3,27,standard,14,4,0,17.4,66,44.8,0,0
cust-03722,Customer 03722,24,400.19,2,0,11.7,40,standard,2,13,0,8.9,0,54.3,1,1
cust-03723,Customer 03723,6,432.04,1,2,45,-2,standard,25,21,0,43.6,12,30.6,1,1
cust-03724,Customer 03724,31,195.81,4,2,-26.4,77,standard,14,26,0,-36.9,30,68.7,1,0
cust-03725,Customer 03725,7,445.48,3,1,8.9,74,standard,22,24,0,21.3,35,94.2,0,0
cust-03726,Customer 03726,60,151.2,0,0,9.2,37,basic,65,15,10,0.7,44,77.7,0,0
cust-03727,Customer 03727,13,669.13,1,0,2.2,47,standard,37,14,0,-3.8,22,66.7,0,0
cust-03728,Customer 03728,34,114.55,1,1,-5.8,52,basic,36,8,0,-0.9,9,86.4,0,0
cust-03729,Customer 03729,27,726.55,0,0,-8.2,70,premium,5,12,0,-11.5,55,18.1,1,0
cust-03730,Customer 03730,7,333.54,0,0,-20.9,45,standard,17,11,0,-25.6,29,70.4,1,0
cust-03731,Customer 03731,33,191.01,0,0,20.7,74,basic,2,23,0,24.5,71,42.4,0,0
cust-03732,Customer 03732,3,1390.35,1,1,-56.1,42,premium,14,21,0,-53.0,23,74.3,1,0
cust-03733,Customer 03733,14,1063.17,1,1,-9.4,29,premium,17,19,0,-21.8,57,78.3,1,0
cust-03734,Customer 03734,20,197.18,0,0,-10.5,65,basic,30,4,10,-11.7,85,85.5,1,0
cust-03735,Customer 03735,31,308.48,6,0,8.5,65,standard,12,13,0,13.2,10,75.2,1,0
cust-03736,Customer 03736,35,1379.0,0,0,-5.0,34,premium,16,6,0,-7.0,37,39.4,0,0
cust-03737,Customer 03737,38,442.9,2,0,24.1,17,standard,12,22,0,23.3,44,100,2,0
cust-03738,Customer 03738,9,293.07,0,1,12.1,45,standard,15,15,0,0.9,26,68.9,0,1
cust-03739,Customer 03739,17,176.51,1,0,20.2,43,basic,65,10,0,29.0,56,35.8,1,0
cust-03740,Customer 03740,12,304.83,0,0,-10.8,72,standard,30,0,5,-15.7,44,57.0,1,0
cust-03741,Customer 03741,6,442.15,0,0,7.3,23,standard,12,1,15,9.9,28,65.4,1,0
cust-03742,Customer 03742,18,1368.63,1,0,33.4,76,premium,27,0,0,45.3,22,96.8,1,0
cust-03743,Customer 03743,22,220.3,0,0,23.3,63,basic,4,3,10,28.0,53,47.2,1,0
cust-03744,Customer 03744,15,115.67,4,0,9.8,45,basic,20,30,5,13.2,19,73.6,1,0
cust-03745,Customer 03745,5,416.96,2,0,-5.8,80,standard,5,19,0,-7.4,9,75.1,0,0
cust-03746,Customer 03746,42,206.11,0,1,6.2,19,standard,21,17,0,3.2,65,81.1,0,0
cust-03747,Customer 03747,21,176.44,0,0,21.4,33,basic,22,8,5,24.7,28,43.3,0,0
cust-03748,Customer 03748,19,575.04,1,0,-10.7,67,premium,40,8,15,-4.6,51,61.3,1,0
cust-03749,Customer 03749,19,793.54,3,2,5.6,24,premium,9,9,0,17.5,19,36.6,1,0
cust-03750,Customer 03750,35,114.26,1,0,7.8,55,basic,11,5,0,24.3,23,43.7,1,0
cust-03751,Customer 03751,49,1223.76,0,3,-2.1,68,premium,13,0,5,9.0,86,58.6,2,0
cust-03752,Customer 03752,16,421.76,1,1,9.8,58,standard,9,17,5,15.3,6,55.5,0,0
cust-03753,Customer 03753,45,382.74,0,1,40.4,41,standard,20,13,5,37.1,57,75.5,0,0
cust-03754,Customer 03754,9,358.44,0,0,2.2,27,standard,22,27,5,-1.5,58,66.6,0,0
cust-03755,Customer 03755,38,1236.57,2,0,10.6,86,premium,24,35,0,22.4,62,37.0,1,0
cust-03756,Customer 03756,7,162.96,0,0,-19.7,21,basic,44,10,0,-28.6,88,56.6,1,0
cust-03757,Customer 03757,21,459.99,2,2,6.2,59,standard,15,11,0,-1.3,30,85.7,3,1
cust-03758,Customer 03758,49,180.04,1,1,45,30,basic,9,16,0,47.6,37,62.3,0,0
cust-03759,Customer 03759,48,539.94,1,0,13.1,71,standard,7,18,0,18.0,52,68.8,2,0
cust-03760,Customer 03760,10,290.87,0,0,7.3,61,standard,14,10,10,6.8,37,63.5,0,0
cust-03761,Customer 03761,16,1316.78,1,1,-42.7,66,premium,29,11,10,-55.6,56,67.9,0,0
cust-03762,Customer 03762,49,240.93,1,1,30.7,25,basic,14,0,0,14.4,23,42.3,1,0
cust-03763,Customer 03763,40,1006.13,0,1,16.7,48,premium,22,5,10,16.5,79,48.3,1,0
cust-03764,Customer 03764,48,562.63,2,0,3.5,56,standard,16,15,5,16.2,17,100,1,0
cust-03765,Customer 03765,49,465.82,1,3,17.7,78,standard,28,28,5,20.8,71,40.1,1,0
cust-03766,Customer 03766,40,321.25,3,0,-24.9,81,standard,27,2,0,-27.9,31,13.9,1,0
cust-03767,Customer 03767,6,697.1,4,0,36.3,11,premium,13,0,10,25.8,26,80.9,0,0
cust-03768,Customer 03768,71,399.25,2,0,-13.2,38,standard,8,22,0,-10.8,28,23.1,2,0
cust-03769,Customer 03769,29,126.49,0,0,-0.1,59,basic,17,26,5,-8.7,77,76.7,0,0
cust-03770,Customer 03770,10,329.75,0,0,3.5,55,standard,18,17,0,-2.7,89,64.1,0,0
cust-03771,Customer 03771,41,240.78,3,1,22.9,44,standard,15,15,15,19.3,27,57.5,1,0
cust-03772,Customer 03772,15,82.66,1,0,-4.8,-3,basic,46,7,5,-3.8,20,58.5,1,0
cust-03773,Customer 03773,8,152.59,1,0,-9.8,74,basic,16,14,0,-13.7,38,78.6,0,0
cust-03774,Customer 03774,31,226.12,0,0,-26.9,39,basic,12,1,5,-28.6,79,76.0,2,0
cust-03775,Customer 03775,36,168.99,4,0,-11.7,50,basic,7,0,10,-19.1,14,32.4,2,0
cust-03776,Customer 03776,7,287.2,6,0,5.5,43,basic,20,12,0,16.3,28,54.0,0,0
cust-03777,Customer 03777,19,517.81,1,0,4.7,95,standard,13,8,15,-1.0,12,94.1,0,0
cust-03778,Customer 03778,3,335.5,0,0,18.7,34,standard,10,17,0,4.6,80,100,1,0
cust-03779,Customer 03779,11,297.5,1,0,-11.0,95,standard,8,9,0,-21.8,25,57.6,0,0
cust-03780,Customer 03780,14,1211.2,5,1,-33.7,77,premium,15,23,0,-29.1,16,65.5,1,1
cust-03781,Customer 03781,50,180.63,0,2,14.3,6,basic,22,6,0,15.3,86,24.2,0,0
cust-03782,Customer 03782,16,246.83,1,0,-17.3,14,standard,9,24,0,-36.3,36,80.8,0,0
cust-03783,Customer 03783,14,1191.94,0,0,-3.3,38,premium,54,3,0,-14.9,68,64.0,1,1
cust-03784,Customer 03784,7,493.23,2,2,-35.1,79,standard,26,10,10,-31.4,11,31.5,2,1
cust-03785,Customer 03785,6,107.06,3,3,-41.7,23,basic,39,16,0,-51.1,11,60.3,0,1
cust-03786,Customer 03786,14,230.41,0,0,-19.5,41,basic,25,11,10,-32.9,39,57.4,1,0
cust-03787,Customer 03787,33,384.9,0,2,6.1,51,standard,26,19,5,13.4,39,40.3,1,0
cust-03788,Customer 03788,11,163.08,0,0,4.1,27,basic,23,12,0,9.8,53,38.9,2,0
cust-03789,Customer 03789,36,394.96,0,0,-2.3,63,standard,68,18,0,-1.7,32,76.1,0,0
cust-03790,Customer 03790,6,174.99,2,0,5.1,62,basic,25,2,0,25.0,12,47.9,0,0
cust-03791,Customer 03791,41,1043.99,0,1,10.9,44,premium,5,0,15,22.1,85,62.0,2,0
cust-03792,Customer 03792,10,143.17,2,1,1.9,50,basic,6,19,0,4.6,29,83.7,0,0
cust-03793,Customer 03793,31,509.9,3,0,17.4,43,standard,44,14,5,20.1,36,83.9,2,0
cust-03794,Customer 03794,13,194.09,2,3,-1.5,-12,basic,12,12,0,-4.1,11,52.3,0,1
cust-03795,Customer 03795,21,185.91,0,1,22.2,15,basic,7,0,0,14.9,45,64.2,0,0
cust-03796,Customer 03796,72,162.31,2,0,10.1,27,basic,8,8,0,18.3,12,55.8,1,0
cust-03797,Customer 03797,35,302.8,3,2,-0.7,59,standard,5,13,0,-9.2,8,100,3,0
cust-03798,Customer 03798,56,406.21,0,1,-7.7,53,standard,31,1,20,-13.4,57,97.5,0,0
cust-03799,Customer 03799,31,378.49,0,1,-14.0,22,standard,24,11,5,-11.2,33,68.3,1,0
cust-03800,Customer 03800,27,1194.94,2,0,-0.4,59,premium,29,6,10,1.2,69,86.3,0,0
cust-03801,Customer 03801,35,951.61,0,0,-20.1,66,premium,28,0,0,-34.3,55,62.0,0,0
cust-03802,Customer 03802,30,201.88,2,0,18.8,15,basic,19,19,10,15.9,4,59.8,0,1
cust-03803,Customer 03803,25,164.55,1,0,-26.8,59,basic,20,10,10,-38.4,11,5,0,0
cust-03804,Customer 03804,15,979.4,1,1,5.2,48,premium,20,8,0,0.6,72,26.8,0,0
cust-03805,Customer 03805,13,356.24,0,0,-19.8,55,standard,38,26,0,-16.0,88,53.9,1,0
cust-03806,Customer 03806,13,419.02,0,0,-29.3,40,standard,26,14,0,-31.1,36,50.8,2,0
cust-03807,Customer 03807,55,169.28,2,0,12.8,48,basic,29,20,5,15.5,19,44.5,0,0
cust-03808,Customer 03808,49,364.96,3,0,-28.8,57,standard,46,0,0,-11.3,7,69.7,0,0
cust-03809,Customer 03809,14,217.19,0,1,-3.4,6,basic,58,6,15,-2.2,67,65.6,0,0
cust-03810,Customer 03810,21,231.16,1,0,14.0,16,basic,13,14,15,-2.9,3,47.0,3,0
cust-03811,Customer 03811,28,70.2,0,0,-30.5,31,basic,17,18,15,-21.6,33,95.4,0,0
cust-03812,Customer 03812,45,356.25,0,0,8.9,18,standard,15,27,10,12.2,69,39.5,1,0
cust-03813,Customer 03813,32,232.28,2,1,-13.1,23,standard,28,6,0,-1.5,47,20.5,0,0
cust-03814,Customer 03814,11,402.16,0,0,-26.8,37,standard,43,10,0,-29.3,78,49.0,1,1
cust-03815,Customer 03815,17,167.11,0,2,-39.1,58,basic,24,39,0,-30.5,70,73.3,0,1
cust-03816,Customer 03816,16,218.09,5,0,4.9,12,basic,20,9,5,9.2,9,54.3,1,0
cust-03817,Customer 03817,7,155.07,0,1,16.8,43,basic,6,36,20,6.1,34,55.6,0,0
cust-03818,Customer 03818,44,671.35,9,3,-3.8,19,premium,19,6,0,8.4,10,43.9,1,1
cust-03819,Customer 03819,5,1238.21,0,0,29.5,49,premium,29,5,0,35.8,71,61.3,0,0
cust-03820,Customer 03820,33,184.74,0,0,-17.4,54,basic,44,14,0,-15.8,90,72.8,1,0
cust-03821,Customer 03821,17,96.23,2,2,-18.4,8,basic,12,17,10,-24.4,24,61.1,3,1
cust-03822,Customer 03822,28,148.38,6,0,4.7,87,basic,5,6,10,9.2,34,63.7,1,0
cust-03823,Customer 03823,27,155.34,0,0,1.5,80,basic,26,9,0,-2.7,65,49.9,2,0
cust-03824,Customer 03824,40,519.09,6,2,-32.2,15,standard,16,25,5,-25.6,72,57.0,2,0
cust-03825,Customer 03825,25,165.22,1,0,28.5,27,basic,3,2,5,21.2,90,62.7,0,0
cust-03826,Customer 03826,14,497.96,0,0,39.2,95,standard,21,1,10,38.6,81,66.8,0,0
cust-03827,Customer 03827,5,259.99,2,1,-4.1,56,standard,17,6,0,-9.5,4,29.7,0,0
cust-03828,Customer 03828,15,459.6,0,4,-8.0,46,standard,9,0,5,3.0,44,39.6,2,0
cust-03829,Customer 03829,36,185.29,6,2,15.6,71,basic,43,1,0,2.7,48,27.4,2,0
cust-03830,Customer 03830,26,1065.64,2,3,-19.2,21,premium,41,11,5,-22.8,35,51.7,0,0
cust-03831,Customer 03831,29,173.85,3,0,0.3,24,basic,35,0,0,14.3,2,12.9,1,0
cust-03832,Customer 03832,18,163.58,1,1,-13.6,20,basic,8,11,10,3.8,43,65.7,0,0
cust-03833,Customer 03833,26,496.95,2,0,-18.6,95,standard,27,1,0,-2.4,2,14.6,0,1
cust-03834,Customer 03834,23,184.08,1,1,-14.2,49,basic,33,21,10,-0.0,12,44.2,1,0
cust-03835,Customer 03835,50,273.58,1,1,-2.6,25,standard,32,10,15,-6.6,13,30.1,0,0
cust-03836,Customer 03836,43,1228.91,0,0,-12.7,51,premium,27,16,10,-6.9,51,74.4,1,0
cust-03837,Customer 03837,30,162.25,0,0,-7.6,77,basic,6,23,5,-25.9,62,76.5,3,0
cust-03838,Customer 03838,32,229.14,0,0,7.6,60,basic,15,6,0,1.3,39,77.0,1,0
cust-03839,Customer 03839,25,125.77,0,0,-8.0,59,basic,4,7,20,6.7,45,56.1,1,0
cust-03840,Customer 03840,15,959.16,0,1,39.3,58,premium,22,0,10,41.1,37,87.9,0,0
cust-03841,Customer 03841,19,360.33,0,1,16.8,95,standard,34,16,0,14.8,28,41.4,1,0
cust-03842,Customer 03842,43,335.69,1,1,-4.1,80,standard,15,14,0,-20.9,8,85.9,1,0
cust-03843,Customer 03843,47,175.11,2,0,6.6,83,basic,22,0,0,4.1,63,37.0,0,0
cust-03844,Customer 03844,69,512.35,3,0,-15.8,8,standard,9,0,0,-24.2,16,11.2,0,0
cust-03845,Customer 03845,6,396.26,4,2,4.0,39,standard,21,7,0,1.9,8,42.1,2,1
cust-03846,Customer 03846,70,156.56,1,0,-32.8,95,basic,48,5,0,-30.2,10,91.2,0,0
cust-03847,Customer 03847,38,217.99,2,0,-18.6,83,basic,44,10,0,-20.6,16,70.0,0,0
cust-03848,Customer 03848,28,125.2,4,0,5.9,55,basic,17,16,0,-0.7,5,58.5,1,0
cust-03849,Customer 03849,68,1176.38,5,0,-43.6,15,premium,16,12,0,-54.0,21,62.3,1,1
cust-03850,Customer 03850,27,330.76,0,0,-30.2,44,standard,31,0,0,-26.1,31,58.5,0,0
cust-03851,Customer 03851,24,1494.09,1,1,8.0,31,premium,27,0,5,13.0,27,94.7,1,0
cust-03852,Customer 03852,3,429.21,3,2,-26.3,44,standard,7,6,0,-10.9,20,47.7,3,1
cust-03853,Customer 03853,17,101.06,2,1,-12.3,42,basic,9,0,0,-24.7,34,52.8,1,0
cust-03854,Customer 03854,12,1278.73,4,0,16.6,72,premium,2,19,5,19.5,42,27.2,1,0
cust-03855,Customer 03855,39,169.41,0,0,37.2,61,basic,4,0,5,35.4,57,33.8,1,0
cust-03856,Customer 03856,19,498.14,0,0,1.0,48,standard,15,13,10,8.9,38,39.1,3,0
cust-03857,Customer 03857,36,397.34,2,1,16.4,25,standard,28,28,10,6.2,40,82.8,0,0
cust-03858,Customer 03858,13,479.06,7,0,-14.7,52,standard,19,16,0,-21.3,51,78.4,0,0
cust-03859,Customer 03859,46,1654.92,9,0,15.7,31,premium,26,0,0,-4.7,23,54.4,0,0
cust-03860,Customer 03860,1,186.82,4,2,-12.1,31,basic,40,4,0,-0.3,27,67.4,1,1
cust-03861,Customer 03861,4,660.78,1,2,-14.2,16,premium,9,0,0,-8.3,19,66.1,1,1
cust-03862,Customer 03862,21,922.97,0,3,1.0,31,premium,23,20,0,-6.3,31,52.2,1,1
cust-03863,Customer 03863,56,112.79,3,0,2.2,46,basic,13,19,0,-1.9,29,41.1,0,0
cust-03864,Customer 03864,26,936.16,0,1,12.3,34,premium,18,17,0,22.0,40,49.9,0,0
cust-03865,Customer 03865,35,147.63,1,1,17.3,54,basic,13,14,0,6.3,6,100,2,0
cust-03866,Customer 03866,17,441.84,1,1,18.0,30,standard,11,12,0,17.2,25,68.5,0,0
cust-03867,Customer 03867,36,377.26,4,2,-29.8,47,standard,45,6,15,-28.4,7,48.3,1,1
cust-03868,Customer 03868,28,173.23,1,0,4.6,80,basic,37,5,0,-3.0,70,61.0,0,0
cust-03869,Customer 03869,12,800.68,4,0,26.8,95,premium,10,4,0,27.6,51,100,0,0
cust-03870,Customer 03870,18,223.3,1,0,-34.6,-6,standard,30,3,5,-31.0,48,50.5,0,0
cust-03871,Customer 03871,20,169.83,0,1,8.1,53,basic,12,14,0,14.9,35,41.0,1,1
cust-03872,Customer 03872,8,192.99,4,0,12.1,39,basic,17,8,0,6.3,24,53.2,0,0
cust-03873,Customer 03873,10,139.14,1,0,-15.7,37,basic,34,18,5,-10.7,4,82.6,1,0
cust-03874,Customer 03874,17,119.74,0,0,-1.1,43,basic,14,8,0,-10.4,85,34.7,2,0
cust-03875,Customer 03875,21,1084.23,1,0,-36.3,40,premium,49,19,10,-36.1,17,84.3,2,1
cust-03876,Customer 03876,36,386.14,4,1,30.2,28,standard,19,12,0,33.4,53,47.2,0,1
cust-03877,Customer 03877,44,107.06,0,0,-37.1,33,basic,10,12,0,-51.1,81,62.4,0,0
cust-03878,Customer 03878,4,400.76,0,0,-18.8,76,standard,21,16,0,-16.0,89,70.1,1,0
cust-03879,Customer 03879,22,1032.81,1,0,9.3,42,premium,9,19,0,10.3,43,28.0,1,0
cust-03880,Customer 03880,14,236.31,1,0,15.5,64,standard,10,11,0,2.7,14,77.3,1,0
cust-03881,Customer 03881,15,137.46,7,0,-28.7,36,basic,33,19,15,-24.1,25,58.2,2,1
cust-03882,Customer 03882,50,990.28,0,0,-24.4,59,premium,5,0,0,-32.6,45,52.5,1,0
cust-03883,Customer 03883,15,171.08,0,0,-30.4,39,basic,30,11,0,-15.1,53,7.5,2,1
cust-03884,Customer 03884,12,151.64,0,1,-40.2,60,standard,59,17,0,-47.1,83,61.1,1,1
cust-03885,Customer 03885,1,363.84,2,0,-8.3,83,standard,6,6,0,-19.9,33,64.8,2,0
cust-03886,Customer 03886,15,136.24,3,0,-2.8,93,basic,8,0,0,4.5,20,5,0,0
cust-03887,Customer 03887,24,160.35,1,1,-4.8,70,basic,17,0,10,-18.3,25,64.3,0,0
cust-03888,Customer 03888,2,405.64,1,0,-7.0,22,standard,17,0,0,-21.2,21,52.3,1,0
cust-03889,Customer 03889,22,114.57,0,0,40.1,87,basic,26,22,5,36.8,44,61.8,0,0
cust-03890,Customer 03890,7,480.5,0,1,37.3,85,standard,4,0,5,35.6,25,34.9,0,0
cust-03891,Customer 03891,22,287.24,0,2,-5.1,29,standard,16,25,0,-12.7,48,80.6,0,0
cust-03892,Customer 03892,55,463.19,2,1,6.6,27,standard,6,13,0,5.0,16,77.0,0,0
cust-03893,Customer 03893,23,499.97,8,0,-17.8,13,standard,29,0,10,-18.3,35,66.4,0,0
cust-03894,Customer 03894,60,559.71,1,3,29.6,32,standard,8,0,0,32.4,15,47.9,1,0
cust-03895,Customer 03895,43,266.02,1,0,17.5,30,basic,3,11,5,11.9,10,76.9,1,0
cust-03896,Customer 03896,13,97.92,3,0,-29.7,41,basic,22,4,0,-20.4,21,46.1,0,0
cust-03897,Customer 03897,18,356.31,4,0,-35.5,46,standard,17,27,0,-33.5,6,68.4,0,0
cust-03898,Customer 03898,1,154.83,2,0,-1.9,60,basic,20,1,0,8.1,14,52.2,0,0
cust-03899,Customer 03899,4,389.6,0,0,6.2,64,standard,8,0,0,8.3,46,72.0,1,0
cust-03900,Customer 03900,20,365.54,0,0,-5.2,79,standard,9,24,10,-5.7,90,37.8,0,0
cust-03901,Customer 03901,2,172.39,0,0,41.8,74,basic,20,2,5,45.6,32,57.8,1,0
cust-03902,Customer 03902,12,341.46,0,0,5.2,70,standard,31,14,0,4.7,36,45.5,1,0
cust-03903,Customer 03903,32,156.29,1,0,-2.6,69,basic,26,13,10,-3.0,24,75.9,0,0
cust-03904,Customer 03904,7,129.33,0,1,-24.1,68,basic,6,0,5,-22.6,66,100,0,0
cust-03905,Customer 03905,14,272.12,2,0,37.9,40,standard,33,10,10,39.8,17,62.1,2,0
cust-03906,Customer 03906,50,151.94,4,0,1.0,28,basic,7,8,5,-0.2,16,81.4,0,0
cust-03907,Customer 03907,1,749.48,5,0,24.5,39,premium,15,6,5,30.4,53,56.8,1,0
cust-03908,Customer 03908,21,130.19,2,1,26.7,2,basic,15,2,0,23.6,31,71.3,1,0
cust-03909,Customer 03909,30,1644.12,5,2,11.3,94,premium,48,9,10,12.4,24,51.6,0,0
cust-03910,Customer 03910,63,187.86,2,3,16.5,52,basic,12,15,0,23.2,48,67.9,1,0
cust-03911,Customer 03911,72,167.07,0,2,-43.8,28,basic,48,0,0,-60.5,25,53.7,0,0
cust-03912,Customer 03912,12,348.69,9,0,0.7,5,standard,22,12,0,0.4,65,78.3,1,0
cust-03913,Customer 03913,38,409.3,0,1,44.5,50,standard,6,25,10,42.0,55,100,2,0
cust-03914,Customer 03914,47,199.44,3,0,-28.8,54,basic,31,19,0,-19.3,72,85.5,0,1
cust-03915,Customer 03915,35,760.96,1,1,-43.3,29,premium,15,4,0,-39.3,31,91.7,0,0
cust-03916,Customer 03916,18,245.56,0,0,-20.5,65,basic,9,8,0,-14.0,52,96.2,3,0
cust-03917,Customer 03917,18,987.76,5,1,-6.7,27,premium,7,7,5,-7.5,39,84.7,1,0
cust-03918,Customer 03918,28,554.66,2,2,-49.0,69,standard,25,18,10,-52.3,5,42.5,1,0
cust-03919,Customer 03919,12,288.65,1,1,32.2,46,standard,28,15,0,31.3,59,65.8,0,0
cust-03920,Customer 03920,11,260.74,1,1,-9.0,49,standard,10,12,0,-5.1,8,49.9,2,0
cust-03921,Customer 03921,7,438.42,3,0,-14.3,69,standard,11,0,5,-13.1,39,75.9,0,0
cust-03922,Customer 03922,16,468.27,1,0,-9.2,50,standard,37,2,0,-20.7,11,51.9,0,0
cust-03923,Customer 03923,36,360.03,1,3,-2.5,49,standard,44,12,10,9.8,16,74.2,1,0
cust-03924,Customer 03924,1,371.62,1,2,-1.6,73,standard,9,5,0,6.7,11,45.0,1,0
cust-03925,Customer 03925,28,288.68,4,0,3.4,36,standard,2,17,10,-4.9,12,78.1,0,0
cust-03926,Customer 03926,66,168.69,1,0,-24.2,54,basic,41,0,5,-6.7,38,45.5,2,0
cust-03927,Customer 03927,23,649.44,0,1,5.6,64,premium,8,21,0,5.2,25,44.3,1,0
cust-03928,Customer 03928,30,117.69,1,1,10.6,10,basic,44,5,5,6.3,17,5,1,0
cust-03929,Customer 03929,41,133.9,2,0,42.1,20,basic,3,5,5,44.7,7,70.3,0,0
cust-03930,Customer 03930,72,128.32,1,0,-33.8,30,basic,45,9,0,-31.9,32,100,1,0
cust-03931,Customer 03931,26,480.01,1,0,-27.5,18,standard,25,2,5,-26.3,3,100,0,1
cust-03932,Customer 03932,5,127.15,3,0,37.3,71,basic,45,18,0,47.3,31,14.4,0,0
cust-03933,Customer 03933,15,110.56,1,0,-28.1,68,basic,14,6,10,-36.0,58,68.1,1,0
cust-03934,Customer 03934,22,139.9,6,0,19.5,1,basic,3,17,10,8.1,29,45.2,1,0
cust-03935,Customer 03935,68,676.55,1,1,-21.5,46,premium,30,8,0,-12.3,28,33.0,2,0
cust-03936,Customer 03936,16,917.11,1,0,-12.8,57,premium,27,18,0,-11.2,9,92.7,2,0
cust-03937,Customer 03937,41,80.3,3,0,-14.5,44,basic,13,15,0,-19.1,40,74.3,1,0
cust-03938,Customer 03938,10,162.97,3,0,-17.1,46,basic,14,26,5,-26.7,65,95.4,2,0
cust-03939,Customer 03939,12,552.35,0,0,12.9,19,standard,12,4,15,-2.8,72,80.0,1,0
cust-03940,Customer 03940,24,171.63,0,1,-1.0,52,basic,10,12,0,-3.4,90,28.0,2,1
cust-03941,Customer 03941,23,482.11,0,0,13.4,71,standard,10,23,10,34.8,39,20.7,1,0
cust-03942,Customer 03942,44,1354.84,11,0,-14.0,27,premium,13,12,0,-23.0,7,56.8,3,0
cust-03943,Customer 03943,8,424.4,0,3,12.4,75,standard,9,35,0,17.0,49,39.5,0,0
cust-03944,Customer 03944,25,411.13,1,3,-3.2,33,standard,33,3,0,1.7,50,53.5,0,1
cust-03945,Customer 03945,19,251.12,10,0,16.5,30,basic,11,5,15,19.0,32,43.8,2,0
cust-03946,Customer 03946,13,108.91,0,0,27.8,58,basic,21,0,5,23.6,48,34.4,0,0
cust-03947,Customer 03947,22,588.32,0,0,17.1,45,standard,13,38,0,14.1,25,85.8,0,0
cust-03948,Customer 03948,16,1023.52,2,0,-32.1,35,premium,7,9,0,-30.5,16,22.9,0,0
cust-03949,Customer 03949,15,145.28,2,0,27.3,64,basic,10,23,0,33.5,14,100,2,0
cust-03950,Customer 03950,10,201.62,6,1,36.3,24,basic,17,16,0,32.7,30,76.3,0,0
cust-03951,Customer 03951,8,127.18,0,0,15.0,48,basic,14,6,15,21.6,59,27.8,0,1
cust-03952,Customer 03952,66,542.92,2,1,-9.3,38,standard,45,9,15,-6.2,20,66.1,0,0
cust-03953,Customer 03953,6,347.98,0,0,8.6,82,standard,20,16,0,10.7,37,64.8,0,0
cust-03954,Customer 03954,49,154.38,0,2,-0.7,40,basic,66,8,0,-6.7,52,53.1,1,0
cust-03955,Customer 03955,28,1260.54,4,0,-16.7,80,premium,23,1,10,-16.8,70,33.8,2,0
cust-03956,Customer 03956,30,150.4,0,0,-1.6,55,basic,25,11,10,5.4,29,64.7,2,1
cust-03957,Customer 03957,25,247.08,0,1,-0.3,83,basic,16,30,0,-8.6,73,43.5,3,0
cust-03958,Customer 03958,25,312.93,0,0,4.1,72,standard,18,12,10,10.4,75,70.8,0,0
cust-03959,Customer 03959,10,258.88,0,0,-70,45,standard,50,29,15,-69.9,81,13.5,0,1
cust-03960,Customer 03960,40,92.1,2,1,31.5,36,basic,33,27,0,25.1,14,82.9,1,0
cust-03961,Customer 03961,13,939.06,9,1,5.0,13,premium,8,19,10,11.4,60,52.9,1,0
cust-03962,Customer 03962,10,272.52,2,0,22.2,34,standard,14,0,0,10.6,18,44.7,0,0
cust-03963,Customer 03963,10,1176.37,0,0,22.2,17,premium,12,33,0,20.7,36,72.7,0,0
cust-03964,Customer 03964,28,1256.12,0,0,26.8,78,premium,17,4,0,19.7,72,36.2,0,0
cust-03965,Customer 03965,13,294.5,7,0,-3.8,29,standard,13,8,15,-15.7,67,90.0,1,0
cust-03966,Customer 03966,18,989.65,5,0,-34.8,95,premium,49,0,0,-24.5,10,40.6,1,0
cust-03967,Customer 03967,18,178.25,0,0,17.8,17,basic,7,0,0,17.7,42,82.1,1,0
cust-03968,Customer 03968,14,323.46,0,0,10.9,0,standard,8,21,5,17.8,35,78.1,2,1
cust-03969,Customer 03969,37,1126.82,0,0,-19.9,22,premium,41,5,10,-4.7,54,41.1,0,0
cust-03970,Customer 03970,22,267.98,0,1,10.0,57,standard,24,22,0,15.8,49,98.2,0,0
cust-03971,Customer 03971,9,167.75,8,0,-25.4,78,basic,17,20,0,-24.6,16,79.3,1,0
cust-03972,Customer 03972,4,115.28,0,0,-9.2,95,basic,24,16,0,1.4,35,42.7,0,0
cust-03973,Customer 03973,16,642.35,2,2,-18.0,9,premium,14,14,0,-10.9,12,72.6,0,0
cust-03974,Customer 03974,10,320.17,0,0,-26.2,89,standard,33,0,0,-28.9,76,85.1,1,0
cust-03975,Customer 03975,49,952.19,0,1,2.5,32,premium,36,23,0,-10.5,62,24.2,1,0
cust-03976,Customer 03976,16,103.63,0,0,-36.0,41,basic,22,0,0,-32.4,90,70.7,0,0
cust-03977,Customer 03977,21,1394.29,0,0,3.6,67,premium,11,0,15,7.1,83,48.5,1,0
cust-03978,Customer 03978,16,135.58,3,0,-7.2,69,basic,8,23,10,-5.1,60,42.5,0,0
cust-03979,Customer 03979,54,576.7,4,1,6.6,68,premium,2,3,10,-3.8,23,50.4,1,0
cust-03980,Customer 03980,22,861.13,4,4,10.6,10,premium,12,12,10,13.3,22,23.8,1,1
cust-03981,Customer 03981,8,179.71,1,2,18.6,47,basic,42,0,5,15.0,31,5,0,0
cust-03982,Customer 03982,13,132.23,0,1,-30.0,35,basic,21,15,15,-34.8,27,71.4,0,0
cust-03983,Customer 03983,10,423.41,2,0,15.2,95,standard,10,5,0,21.4,42,33.7,1,0
cust-03984,Customer 03984,31,871.47,1,0,-7.1,36,premium,20,12,20,-15.1,14,46.1,0,0
cust-03985,Customer 03985,22,531.9,0,1,9.2,68,standard,39,10,5,-5.0,44,86.9,1,0
cust-03986,Customer 03986,5,391.89,0,0,22.5,32,standard,22,25,0,39.0,89,46.6,0,0
cust-03987,Customer 03987,47,146.32,0,0,4.0,65,basic,22,15,20,18.0,49,94.1,2,0
cust-03988,Customer 03988,72,509.96,2,0,-25.8,91,standard,37,0,10,-19.5,30,48.3,0,0
cust-03989,Customer 03989,29,288.16,4,0,-27.6,85,standard,69,8,5,-30.7,15,76.2,2,1
cust-03990,Customer 03990,18,199.17,1,2,-15.3,3,basic,4,0,10,-10.0,27,27.2,1,1
cust-03991,Customer 03991,18,397.15,1,1,2.2,38,standard,5,16,5,0.2,30,75.1,0,0
cust-03992,Customer 03992,31,934.3,0,0,10.3,55,premium,21,21,0,-5.6,69,29.8,0,0
cust-03993,Customer 03993,7,159.8,5,0,3.0,91,basic,21,1,0,-8.7,5,63.2,0,0
cust-03994,Customer 03994,16,123.1,1,0,-32.2,48,basic,26,18,15,-31.0,19,100,2,1
cust-03995,Customer 03995,25,100.22,1,0,16.6,40,basic,24,0,10,6.6,47,100,3,0
cust-03996,Customer 03996,38,153.35,0,1,-6.3,30,basic,20,23,0,5.6,66,55.4,0,0
cust-03997,Customer 03997,9,107.83,4,0,-13.4,12,basic,8,3,15,-11.3,23,77.1,0,0
cust-03998,Customer 03998,35,304.15,1,0,-12.8,64,standard,18,5,0,-15.3,20,30.6,0,0
cust-03999,Customer 03999,23,173.33,4,1,6.5,39,basic,22,21,0,-13.6,12,53.0,2,0
cust-04000,Customer 04000,22,1042.22,0,0,16.4,70,premium,25,0,0,15.3,28,27.3,2,0
cust-04001,Customer 04001,10,481.54,6,3,-5.6,17,standard,20,6,10,4.6,13,100,0,1
cust-04002,Customer 04002,14,360.41,0,0,28.1,16,standard,15,13,0,25.3,58,57.4,0,0
cust-04003,Customer 04003,40,637.29,0,1,17.0,69,standard,25,14,10,11.7,70,87.9,1,0
cust-04004,Customer 04004,8,430.68,5,1,6.9,92,standard,18,3,5,5.8,59,42.1,2,1
cust-04005,Customer 04005,27,1117.6,1,0,40.6,37,premium,15,5,0,24.1,7,53.4,2,0
cust-04006,Customer 04006,50,953.04,1,3,-12.3,28,premium,48,0,0,-15.3,3,85.6,2,1
cust-04007,Customer 04007,18,139.46,0,0,-25.2,9,basic,12,4,0,-20.8,55,42.9,1,0
cust-04008,Customer 04008,16,160.04,0,0,-30.8,55,basic,41,8,0,-24.7,31,64.2,0,0
cust-04009,Customer 04009,30,1166.92,3,0,-32.0,36,premium,29,0,15,-30.8,10,69.2,0,0
cust-04010,Customer 04010,6,181.1,0,0,11.3,65,basic,15,2,0,4.7,74,58.3,1,0
cust-04011,Customer 04011,5,1064.81,0,1,13.7,43,premium,4,6,0,8.8,64,82.5,0,0
cust-04012,Customer 04012,20,170.82,0,0,45,27,basic,10,9,0,46.2,84,43.4,1,0
cust-04013,Customer 04013,9,173.64,2,0,-21.9,44,basic,32,8,5,-13.4,9,64.4,0,0
cust-04014,Customer 04014,27,196.21,0,0,-41.6,49,basic,29,0,0,-44.8,72,20.9,1,0
cust-04015,Customer 04015,27,1380.63,6,1,-7.5,44,premium,18,6,5,-11.9,24,54.4,1,0
cust-04016,Customer 04016,11,1328.8,0,0,-8.9,66,premium,19,5,0,-6.0,68,45.3,1,0
cust-04017,Customer 04017,29,267.57,3,0,12.0,67,basic,7,25,0,6.7,33,35.0,0,0
cust-04018,Customer 04018,14,124.46,2,1,-19.7,9,basic,3,14,5,-34.6,16,78.9,0,0
cust-04019,Customer 04019,23,1275.29,3,0,-14.7,41,premium,36,9,0,-23.1,22,54.9,3,1
cust-04020,Customer 04020,48,154.28,0,2,2.5,62,basic,3,19,0,5.8,42,58.2,1,0
cust-04021,Customer 04021,10,479.88,0,1,-32.3,39,standard,17,15,0,-45.8,80,62.8,1,0
cust-04022,Customer 04022,28,236.54,1,0,28.1,42,basic,19,2,0,32.1,14,57.4,1,0
cust-04023,Customer 04023,16,1145.26,6,0,-37.2,19,premium,8,5,10,-38.8,48,35.4,2,1
cust-04024,Customer 04024,17,412.99,0,0,-19.7,15,standard,13,0,5,-21.7,78,51.2,1,0
cust-04025,Customer 04025,21,239.35,0,2,10.8,38,standard,21,20,0,10.5,50,5,1,1
cust-04026,Customer 04026,44,174.67,0,0,-27.3,95,basic,26,9,5,-24.8,53,5.8,0,0
cust-04027,Customer 04027,17,295.99,2,1,-16.8,29,standard,36,20,0,-14.4,27,34.9,0,1
cust-04028,Customer 04028,15,111.87,0,0,-7.5,44,basic,29,8,10,-9.5,37,34.7,1,0
cust-04029,Customer 04029,41,154.73,1,0,1.8,95,basic,25,18,0,-15.0,18,88.8,0,0
cust-04030,Customer 04030,5,164.81,5,0,1.6,34,basic,29,3,10,0.6,40,65.1,0,0
cust-04031,Customer 04031,5,562.7,2,1,-32.2,62,standard,23,21,0,-26.3,40,53.9,3,1
cust-04032,Customer 04032,72,1865.62,0,0,-27.2,81,premium,33,9,5,-23.0,52,50.2,0,0
cust-04033,Customer 04033,57,1298.64,3,0,-7.8,59,premium,17,6,0,-7.6,65,55.4,0,0
cust-04034,Customer 04034,35,152.21,6,0,-23.4,51,basic,16,15,0,-22.8,17,42.2,1,0
cust-04035,Customer 04035,58,234.08,1,1,29.2,43,basic,7,12,0,23.1,27,81.9,0,0
cust-04036,Customer 04036,36,109.19,1,0,-3.8,63,basic,39,14,0,0.6,37,37.5,0,0
cust-04037,Customer 04037,48,871.01,3,0,-1.9,12,premium,27,11,0,6.0,90,78.6,2,0
cust-04038,Customer 04038,13,551.37,0,0,-32.6,33,standard,12,24,0,-21.3,71,82.4,1,1
cust-04039,Customer 04039,16,671.46,1,1,-9.6,50,premium,46,8,0,-7.7,26,46.8,2,0
cust-04040,Customer 04040,44,136.48,1,0,-5.5,67,basic,12,28,0,-14.9,18,70.5,2,0
cust-04041,Customer 04041,40,191.35,0,0,4.1,95,basic,27,15,5,-2.4,27,94.3,0,0
cust-04042,Customer 04042,21,309.23,0,0,-18.7,82,standard,19,13,10,-27.8,33,100,1,0
cust-04043,Customer 04043,38,212.21,2,1,-12.2,51,basic,4,13,0,-7.6,23,53.0,0,0
cust-04044,Customer 04044,22,1127.07,0,0,27.3,65,premium,47,9,0,40.1,61,45.1,0,0
cust-04045,Customer 04045,6,122.38,2,0,16.9,18,basic,14,0,0,12.7,11,81.8,0,0
cust-04046,Customer 04046,15,158.15,0,0,-52.3,36,basic,46,7,5,-57.0,26,80.3,0,1
cust-04047,Customer 04047,23,85.88,3,0,14.3,39,basic,8,14,0,27.5,5,100,0,0
cust-04048,Customer 04048,17,158.52,1,0,-26.8,50,basic,51,0,0,-21.3,17,41.3,0,0
cust-04049,Customer 04049,12,173.3,1,0,-0.8,88,basic,25,8,0,3.6,16,74.3,1,0
cust-04050,Customer 04050,22,231.8,0,0,5.1,24,basic,28,7,0,5.7,60,68.3,0,0
cust-04051,Customer 04051,8,303.73,0,0,35.7,26,standard,22,11,0,33.0,65,50.1,1,0
cust-04052,Customer 04052,25,232.17,0,0,-27.3,9,basic,16,21,5,-33.9,80,40.9,1,1
cust-04053,Customer 04053,19,344.0,1,0,32.5,75,standard,16,13,10,34.8,90,57.8,0,0
cust-04054,Customer 04054,34,148.48,0,1,-24.4,50,basic,25,0,0,-17.3,30,48.3,1,0
cust-04055,Customer 04055,24,434.95,1,0,4.2,24,standard,7,35,5,10.6,30,100,0,0
cust-04056,Customer 04056,15,212.82,0,1,39.9,68,basic,27,0,0,38.2,30,36.3,1,0
cust-04057,Customer 04057,16,286.37,2,0,-38.1,20,standard,20,23,0,-28.1,21,69.0,0,1
cust-04058,Customer 04058,26,1552.9,3,0,17.8,67,premium,26,11,5,30.3,10,63.8,1,0
cust-04059,Customer 04059,46,198.73,5,1,-5.2,43,basic,7,16,0,-3.3,90,83.3,3,0
cust-04060,Customer 04060,13,85.4,0,0,16.1,95,basic,6,8,10,21.5,50,93.4,1,0
cust-04061,Customer 04061,2,699.84,1,0,4.1,43,standard,27,0,10,15.1,18,48.1,0,0
cust-04062,Customer 04062,9,174.94,1,0,21.5,61,basic,17,6,5,30.0,24,90.1,1,0
cust-04063,Customer 04063,48,133.98,3,0,-10.4,-1,basic,18,18,5,-5.1,14,47.7,0,0
cust-04064,Customer 04064,60,344.8,12,0,-16.9,26,standard,64,25,0,-10.1,15,74.5,2,1
cust-04065,Customer 04065,8,212.74,0,0,9.4,41,basic,67,5,0,15.0,57,58.7,0,0
cust-04066,Customer 04066,43,395.87,0,1,-7.8,22,premium,5,4,5,-25.2,78,42.2,3,0
cust-04067,Customer 04067,24,74.35,1,2,15.8,69,basic,25,18,0,19.2,40,53.1,0,0
cust-04068,Customer 04068,15,820.88,3,0,-2.1,70,premium,6,13,5,-24.9,13,52.7,0,0
cust-04069,Customer 04069,18,350.43,1,0,14.8,66,standard,14,7,10,9.3,54,80.7,1,0
cust-04070,Customer 04070,30,342.31,4,1,8.3,41,standard,16,27,0,5.2,30,83.7,1,0
cust-04071,Customer 04071,19,192.58,4,2,-17.1,78,basic,60,4,0,-18.5,19,35.1,2,1
cust-04072,Customer 04072,61,680.4,1,1,16.1,16,premium,7,3,5,18.1,31,55.0,2,0
cust-04073,Customer 04073,1,281.16,0,0,-4.0,48,basic,12,22,0,-7.8,25,34.4,0,0
cust-04074,Customer 04074,14,1095.87,2,0,1.4,64,premium,17,0,10,-0.3,18,45.9,3,0
cust-04075,Customer 04075,29,197.27,2,0,21.4,56,basic,5,5,0,18.1,40,36.3,0,0
cust-04076,Customer 04076,15,1123.49,1,1,-21.3,52,premium,23,4,10,-26.2,42,45.2,2,0
cust-04077,Customer 04077,44,120.09,4,0,-17.1,45,basic,25,7,0,-8.6,36,64.3,1,0
cust-04078,Customer 04078,40,335.48,4,1,24.6,49,standard,37,27,0,18.1,23,56.1,2,0
cust-04079,Customer 04079,38,681.1,4,0,23.9,21,standard,5,5,10,11.9,12,16.4,0,0
cust-04080,Customer 04080,23,1419.58,1,0,-24.8,41,premium,27,0,0,-36.3,31,89.5,0,0
cust-04081,Customer 04081,26,474.27,0,1,12.5,32,standard,31,6,0,21.8,41,78.1,0,0
cust-04082,Customer 04082,30,724.75,3,2,36.1,70,premium,17,0,10,35.6,11,62.5,2,0
cust-04083,Customer 04083,14,375.02,9,1,39.0,82,standard,25,21,0,31.7,30,45.5,1,0
cust-04084,Customer 04084,24,914.92,0,0,6.9,59,premium,9,3,0,12.3,47,76.1,1,0
cust-04085,Customer 04085,39,98.87,2,0,-6.8,52,basic,12,0,0,0.7,39,60.6,0,0
cust-04086,Customer 04086,16,181.33,1,2,13.2,74,basic,11,13,0,8.6,15,42.6,0,0
cust-04087,Customer 04087,27,440.92,1,1,-26.1,46,standard,9,19,0,-22.2,32,50.1,2,0
cust-04088,Customer 04088,4,312.37,5,0,-6.4,50,standard,14,22,10,-7.0,11,44.3,0,0
cust-04089,Customer 04089,54,470.15,1,0,-5.8,57,standard,30,23,15,-18.9,44,47.9,2,0
cust-04090,Customer 04090,2,88.99,5,0,17.4,31,basic,12,20,5,6.4,55,77.4,0,0
cust-04091,Customer 04091,57,158.37,2,0,-20.0,74,basic,12,0,5,-14.3,90,72.8,0,0
cust-04092,Customer 04092,9,177.8,1,0,45,63,basic,8,20,0,46.3,28,36.9,0,0
cust-04093,Customer 04093,31,352.4,3,0,-48.5,69,standard,30,11,10,-47.6,79,86.0,0,0
cust-04094,Customer 04094,66,125.76,0,0,-12.4,71,basic,22,21,0,-9.3,33,68.3,0,0
cust-04095,Customer 04095,10,170.74,1,0,4.2,37,basic,20,2,5,1.2,4,61.7,2,0
cust-04096,Customer 04096,11,146.74,0,0,5.2,25,basic,23,14,0,5.8,81,61.3,0,0
cust-04097,Customer 04097,16,1381.01,1,3,30.5,58,premium,7,25,5,23.8,11,82.2,2,0
cust-04098,Customer 04098,31,221.72,0,2,26.4,23,standard,14,15,0,35.9,53,33.4,1,0
cust-04099,Customer 04099,7,374.95,2,0,-44.8,82,standard,38,14,0,-44.8,19,28.4,2,0
cust-04100,Customer 04100,26,237.91,3,1,0.7,95,basic,6,12,15,1.6,30,89.8,2,0
cust-04101,Customer 04101,29,129.65,3,0,-30.8,18,basic,33,29,10,-42.6,39,91.9,1,0
cust-04102,Customer 04102,20,429.8,1,0,-34.1,52,standard,36,12,15,-38.6,9,62.6,0,1
cust-04103,Customer 04103,29,553.47,0,0,8.1,95,standard,18,15,0,-3.4,29,36.1,2,0
cust-04104,Customer 04104,9,324.07,3,0,-20.6,45,standard,10,20,0,-21.7,15,37.0,1,0
cust-04105,Customer 04105,12,179.81,0,0,-9.4,81,basic,31,16,0,-20.2,48,29.5,1,0
cust-04106,Customer 04106,3,470.53,2,0,4.4,86,standard,1,6,0,10.3,4,94.7,2,0
cust-04107,Customer 04107,27,351.14,2,0,-48.7,74,standard,17,0,5,-43.3,18,21.1,2,0
cust-04108,Customer 04108,19,309.22,0,1,33.2,63,standard,7,6,0,30.2,51,56.6,2,0
cust-04109,Customer 04109,6,507.87,1,0,-47.8,30,standard,19,33,0,-53.8,24,41.5,0,0
cust-04110,Customer 04110,16,184.17,1,0,-29.2,64,basic,45,25,5,-24.1,13,24.3,2,0
cust-04111,Customer 04111,32,181.01,2,3,45,41,basic,10,0,0,47.9,15,80.6,0,0
cust-04112,Customer 04112,16,201.49,0,0,27.3,85,basic,1,5,0,16.7,85,19.7,0,0
cust-04113,Customer 04113,13,479.03,0,0,6.6,50,standard,13,5,0,5.5,57,67.1,0,0
cust-04114,Customer 04114,11,162.47,1,0,18.0,95,basic,9,9,10,17.9,21,85.6,2,0
cust-04115,Customer 04115,13,125.78,2,1,-6.9,44,basic,13,22,0,3.6,20,45.4,0,0
cust-04116,Customer 04116,34,151.93,1,0,20.8,42,basic,43,23,5,18.6,19,51.4,3,0
cust-04117,Customer 04117,21,858.07,0,2,14.1,30,premium,9,12,15,19.7,68,44.2,0,0
cust-04118,Customer 04118,24,1079.54,0,1,19.7,77,premium,3,2,0,25.2,45,70.6,2,0
cust-04119,Customer 04119,9,237.34,2,1,5.7,53,basic,28,11,0,2.6,20,54.3,0,0
cust-04120,Customer 04120,5,182.96,6,0,18.9,52,basic,7,9,0,13.7,90,75.3,0,0
cust-04121,Customer 04121,19,1160.66,2,1,-23.3,67,premium,14,0,0,-21.1,9,60.2,0,0
cust-04122,Customer 04122,22,770.23,0,1,-35.4,34,premium,14,3,10,-22.8,43,59.3,0,0
cust-04123,Customer 04123,38,138.95,1,0,-19.7,60,basic,20,0,0,-21.4,56,37.1,0,0
cust-04124,Customer 04124,26,215.39,12,0,-14.6,95,basic,26,19,0,-1.6,2,88.6,1,0
cust-04125,Customer 04125,46,238.22,0,0,-30.8,95,basic,8,0,5,-26.7,65,83.7,1,0
cust-04126,Customer 04126,45,397.29,0,2,29.5,33,standard,40,5,0,29.1,33,21.8,3,1
cust-04127,Customer 04127,19,137.12,1,0,10.5,-6,basic,4,12,0,11.5,38,80.8,0,1
cust-04128,Customer 04128,16,405.35,0,0,-50.2,-7,standard,23,29,0,-41.2,56,22.1,1,1
cust-04129,Customer 04129,9,238.78,5,1,11.3,66,basic,1,0,5,13.7,6,41.7,2,0
cust-04130,Customer 04130,21,256.93,4,3,-3.9,50,standard,11,8,0,-2.4,49,100,0,0
cust-04131,Customer 04131,16,127.1,4,0,-6.6,44,basic,28,23,5,-0.6,76,87.1,0,0
cust-04132,Customer 04132,19,492.81,0,1,-52.1,66,standard,23,3,10,-50.0,69,66.2,0,0
cust-04133,Customer 04133,13,291.81,0,0,-21.1,86,basic,16,18,10,-18.5,67,19.3,0,0
cust-04134,Customer 04134,8,214.86,1,1,25.4,46,basic,53,15,0,35.4,14,55.4,0,0
cust-04135,Customer 04135,9,124.47,1,0,23.6,48,basic,5,12,10,20.0,19,43.4,2,0
cust-04136,Customer 04136,12,276.99,3,0,-18.1,51,standard,11,21,5,-30.3,50,67.7,2,0
cust-04137,Customer 04137,23,829.6,0,0,8.7,31,premium,6,6,10,7.3,89,99.7,0,0
cust-04138,Customer 04138,25,353.77,2,0,27.4,37,standard,25,10,0,26.0,60,19.7,0,0
cust-04139,Customer 04139,25,383.98,4,1,-19.3,42,standard,6,3,10,-36.1,6,78.4,1,1
cust-04140,Customer 04140,65,412.29,1,2,-29.4,58,standard,53,24,5,-31.6,23,33.6,0,0
cust-04141,Customer 04141,16,1623.18,0,1,36.2,45,premium,16,5,0,28.5,26,50.0,2,0
cust-04142,Customer 04142,55,1027.42,6,0,8.0,62,premium,4,7,5,15.7,41,52.3,0,0
cust-04143,Customer 04143,23,302.49,5,0,2.1,74,standard,7,9,0,-5.1,24,46.4,0,0
cust-04144,Customer 04144,17,915.58,1,1,-18.4,55,premium,17,13,0,-21.6,39,21.5,1,0
cust-04145,Customer 04145,10,508.47,5,2,-23.0,73,standard,19,0,0,-28.6,54,74.6,2,0
cust-04146,Customer 04146,58,425.23,6,1,-16.7,64,standard,7,9,0,-16.9,4,25.9,0,0
cust-04147,Customer 04147,72,400.6,4,0,-33.3,73,standard,31,0,10,-42.1,8,61.3,2,0
cust-04148,Customer 04148,40,209.55,2,0,11.6,47,basic,18,24,0,25.8,23,62.9,3,0
cust-04149,Customer 04149,6,395.62,4,0,15.5,68,standard,9,18,0,6.7,8,68.4,0,0
cust-04150,Customer 04150,6,400.07,1,0,16.7,72,standard,6,3,5,18.0,18,58.3,0,0
cust-04151,Customer 04151,8,294.51,2,0,-17.2,55,standard,2,23,0,1.9,13,61.8,2,0
cust-04152,Customer 04152,32,715.61,3,0,9.8,71,premium,10,6,0,12.7,32,36.2,2,0
cust-04153,Customer 04153,31,171.15,1,0,-22.3,72,basic,20,19,15,-20.3,33,51.9,1,0
cust-04154,Customer 04154,8,158.41,1,0,3.2,32,basic,28,17,5,11.5,40,63.6,0,0
cust-04155,Customer 04155,11,250.93,2,0,12.1,76,standard,23,22,0,18.3,29,64.0,2,0
cust-04156,Customer 04156,4,304.78,0,1,-8.7,23,standard,7,23,5,-9.1,33,43.6,1,1
cust-04157,Customer 04157,29,415.69,5,0,45,50,standard,26,17,0,50,15,32.3,0,0
cust-04158,Customer 04158,20,822.85,7,2,-17.5,42,premium,8,7,10,-9.0,27,54.5,0,1
cust-04159,Customer 04159,9,160.21,2,3,-18.7,28,basic,5,24,5,-18.8,32,36.3,0,0
cust-04160,Customer 04160,5,1332.72,0,0,16.5,90,premium,26,1,10,11.7,71,76.3,0,0
cust-04161,Customer 04161,34,212.88,6,0,7.1,39,basic,10,17,0,7.4,35,58.0,1,0
cust-04162,Customer 04162,58,976.07,0,0,22.1,52,premium,20,16,5,24.3,49,37.2,0,0
cust-04163,Customer 04163,23,473.79,1,2,45,42,standard,41,16,0,50,7,72.4,0,0
cust-04164,Customer 04164,6,1742.6,0,3,20.6,15,premium,45,22,10,5.0,46,52.5,0,1
cust-04165,Customer 04165,4,215.94,3,2,-32.0,39,basic,19,18,5,-12.2,22,58.9,0,1
cust-04166,Customer 04166,25,122.9,3,1,-5.4,38,basic,25,26,0,-1.8,20,41.2,0,0
cust-04167,Customer 04167,9,172.0,4,0,25.1,28,basic,21,18,20,1.4,47,40.4,1,0
cust-04168,Customer 04168,11,964.39,2,0,2.2,59,premium,10,5,10,6.4,23,35.3,0,0
cust-04169,Customer 04169,31,456.25,3,0,13.6,43,standard,29,15,0,24.9,18,47.5,0,0
cust-04170,Customer 04170,4,210.96,1,0,45,22,standard,30,23,15,38.3,56,90.8,3,0
cust-04171,Customer 04171,33,839.92,2,0,-4.7,45,premium,20,0,5,-0.7,3,63.7,1,0
cust-04172,Customer 04172,26,331.23,0,2,-11.5,7,standard,44,22,20,-17.3,48,44.7,0,1
cust-04173,Customer 04173,30,763.08,0,2,-25.9,5,premium,43,17,5,-22.1,79,57.1,0,1
cust-04174,Customer 04174,56,346.35,1,0,-34.7,59,standard,7,1,5,-47.7,31,80.0,0,0
cust-04175,Customer 04175,12,393.11,6,2,-24.2,95,standard,7,27,0,-20.7,15,38.0,1,0
cust-04176,Customer 04176,28,143.92,1,0,-33.8,64,basic,28,23,10,-37.1,10,39.5,2,0
cust-04177,Customer 04177,41,156.61,3,1,-21.8,27,standard,44,3,0,-13.5,23,81.4,0,0
cust-04178,Customer 04178,41,138.53,0,0,-29.3,95,basic,42,26,0,-19.9,32,76.6,2,0
cust-04179,Customer 04179,12,155.02,0,0,-21.6,45,basic,3,13,0,-28.3,34,23.8,0,0
cust-04180,Customer 04180,21,283.89,2,0,12.9,23,basic,10,40,0,23.2,20,57.9,0,0
cust-04181,Customer 04181,18,969.82,2,0,-5.6,95,premium,20,3,5,-15.6,14,19.7,1,0
cust-04182,Customer 04182,72,428.32,1,0,-5.8,47,standard,11,6,10,1.4,29,56.9,2,0
cust-04183,Customer 04183,5,923.81,1,0,-37.0,43,premium,20,8,5,-53.8,36,98.7,1,0
cust-04184,Customer 04184,23,414.27,0,1,-46.0,48,standard,22,10,0,-33.9,82,70.8,0,0
cust-04185,Customer 04185,21,253.32,0,0,-11.2,38,standard,6,0,0,-12.6,26,66.4,0,0
cust-04186,Customer 04186,30,530.75,2,0,0.2,10,standard,14,3,0,-6.7,19,45.0,1,0
cust-04187,Customer 04187,17,300.1,0,2,-10.3,80,standard,6,9,0,6.7,40,55.0,0,0
cust-04188,Customer 04188,20,212.19,0,0,-31.3,53,basic,27,19,0,-27.4,89,29.2,1,0
cust-04189,Customer 04189,53,173.39,2,0,5.1,11,basic,19,24,5,7.6,38,49.5,0,0
cust-04190,Customer 04190,21,936.0,0,0,-15.7,50,premium,40,0,0,-4.9,68,54.8,0,0
cust-04191,Customer 04191,14,103.11,7,2,-28.3,41,basic,14,3,0,-26.2,46,88.1,2,1
cust-04192,Customer 04192,53,1046.29,2,0,-13.7,67,premium,36,0,0,-12.4,80,89.9,2,0
cust-04193,Customer 04193,24,316.71,2,2,26.7,28,standard,40,17,0,11.0,35,100,3,0
cust-04194,Customer 04194,4,484.05,1,0,24.8,45,standard,9,22,15,23.8,31,41.0,1,0
cust-04195,Customer 04195,27,192.49,6,1,-26.0,51,standard,55,1,0,-27.0,44,59.2,0,0
cust-04196,Customer 04196,26,164.98,0,0,3.5,54,basic,12,22,0,8.4,33,71.8,1,0
cust-04197,Customer 04197,17,319.03,0,3,4.9,70,standard,8,11,0,3.7,49,5,0,0
cust-04198,Customer 04198,37,233.52,4,1,19.8,52,standard,7,2,10,16.3,13,54.5,0,0
cust-04199,Customer 04199,40,532.18,8,3,30.7,29,standard,13,25,10,26.8,7,100,0,0
cust-04200,Customer 04200,23,349.62,4,2,-35.4,44,standard,54,0,0,-22.9,35,39.1,2,1
cust-04201,Customer 04201,31,145.03,2,2,-14.4,13,basic,10,15,5,-10.3,27,39.8,1,0
cust-04202,Customer 04202,18,1051.36,4,1,-5.3,65,premium,11,0,0,-5.7,32,53.3,1,0
cust-04203,Customer 04203,44,142.2,8,0,-1.6,67,basic,4,6,0,1.8,17,47.2,0,0
cust-04204,Customer 04204,2,149.48,3,0,2.0,47,basic,42,13,5,3.4,33,77.6,0,0
cust-04205,Customer 04205,15,73.02,2,3,-4.2,56,basic,22,0,0,-15.8,50,50.5,0,0
cust-04206,Customer 04206,16,122.77,0,0,33.4,61,basic,12,14,0,42.4,39,57.8,0,0
cust-04207,Customer 04207,18,130.91,0,1,34.7,15,basic,79,6,0,41.0,60,52.3,1,1
cust-04208,Customer 04208,29,370.61,0,2,1.2,75,standard,24,1,0,16.2,36,63.5,1,0
cust-04209,Customer 04209,69,323.08,2,0,-49.2,55,standard,27,12,10,-51.8,36,5,2,0
cust-04210,Customer 04210,26,145.25,0,0,9.3,40,basic,16,12,0,3.5,70,29.8,2,0
cust-04211,Customer 04211,1,948.18,0,1,38.6,18,premium,10,2,0,35.1,85,99.5,0,0
cust-04212,Customer 04212,22,390.58,4,0,-21.8,27,standard,17,1,0,-33.7,11,41.9,0,0
cust-04213,Customer 04213,72,271.12,2,0,15.5,58,standard,8,10,0,15.4,66,48.8,1,0
cust-04214,Customer 04214,29,1052.32,1,0,22.4,32,premium,11,16,0,17.6,25,53.4,1,0
cust-04215,Customer 04215,28,241.16,3,0,22.1,70,standard,35,5,10,13.8,7,43.8,0,0
cust-04216,Customer 04216,37,269.85,2,0,14.7,59,standard,34,2,0,12.7,34,48.0,0,0
cust-04217,Customer 04217,19,531.1,3,1,24.3,64,standard,14,0,0,19.8,26,53.6,0,0
cust-04218,Customer 04218,34,268.65,7,1,-15.6,40,standard,9,10,0,-4.6,9,41.9,1,0
cust-04219,Customer 04219,11,138.24,0,0,1.2,27,basic,29,17,0,7.5,68,29.6,3,1
cust-04220,Customer 04220,22,180.81,0,2,8.3,16,basic,14,22,0,1.1,51,45.9,1,0
cust-04221,Customer 04221,21,190.47,0,1,-17.7,39,basic,18,7,10,-15.7,72,62.5,1,0
cust-04222,Customer 04222,42,360.61,1,0,-3.9,33,standard,7,18,0,-8.1,10,34.7,0,0
cust-04223,Customer 04223,18,208.88,3,0,23.0,61,basic,5,12,0,31.7,61,33.9,0,0
cust-04224,Customer 04224,27,970.87,1,0,5.5,19,premium,17,0,10,17.7,12,60.9,1,0
cust-04225,Customer 04225,20,171.58,1,1,-8.9,44,basic,20,0,0,-17.0,71,87.9,0,0
cust-04226,Customer 04226,24,1143.45,0,0,28.0,7,premium,3,10,0,15.2,63,100,0,0
cust-04227,Customer 04227,2,490.59,2,1,-39.6,12,standard,24,14,0,-51.3,3,52.1,1,1
cust-04228,Customer 04228,23,397.46,1,2,-4.3,95,standard,31,5,0,-4.3,28,76.4,0,0
cust-04229,Customer 04229,20,181.75,1,0,-36.8,46,basic,34,1,5,-32.0,12,39.7,3,1
cust-04230,Customer 04230,8,626.09,2,0,-3.7,88,standard,9,3,0,-7.2,13,64.0,0,0
cust-04231,Customer 04231,15,114.5,1,0,7.0,29,basic,11,6,0,18.4,34,83.1,0,0
cust-04232,Customer 04232,22,684.26,0,0,-5.2,-5,premium,12,6,0,-16.8,55,5,0,0
cust-04233,Customer 04233,13,233.5,3,0,-19.5,36,basic,12,18,15,-20.6,6,88.7,1,0
cust-04234,Customer 04234,15,193.63,3,1,11.4,53,basic,15,25,0,4.1,43,28.2,2,0
cust-04235,Customer 04235,11,331.31,2,0,-13.0,54,standard,11,24,5,-21.4,22,77.2,1,0
cust-04236,Customer 04236,22,208.96,0,0,27.2,56,basic,10,11,0,27.8,74,100,0,0
cust-04237,Customer 04237,2,910.52,2,0,16.3,59,premium,13,26,10,20.2,11,52.7,0,0
cust-04238,Customer 04238,14,103.44,1,0,-8.8,60,basic,7,0,5,-11.1,26,75.2,0,0
cust-04239,Customer 04239,20,1371.05,4,0,10.2,61,premium,21,24,0,22.0,62,48.4,0,0
cust-04240,Customer 04240,40,374.84,1,0,-26.2,29,standard,60,11,10,-24.5,6,49.2,1,0
cust-04241,Customer 04241,48,204.42,2,1,-27.6,60,basic,16,5,0,-24.0,10,26.3,1,0
cust-04242,Customer 04242,72,122.17,0,0,-50.5,45,basic,24,30,10,-42.7,26,91.4,0,0
cust-04243,Customer 04243,7,481.19,0,0,8.4,94,standard,52,35,0,12.9,63,74.1,3,0
cust-04244,Customer 04244,11,221.67,0,1,-16.1,22,basic,19,16,5,-14.4,75,83.8,1,0
cust-04245,Customer 04245,29,139.51,2,0,9.4,32,basic,7,21,5,14.6,22,86.2,0,0
cust-04246,Customer 04246,9,77.47,5,1,8.7,64,basic,34,8,0,5.5,4,29.9,1,0
cust-04247,Customer 04247,36,219.6,0,0,-35.9,26,basic,17,9,5,-46.8,71,86.7,1,0
cust-04248,Customer 04248,23,434.89,1,0,-10.8,29,standard,9,0,15,-18.9,0,90.2,2,0
cust-04249,Customer 04249,27,233.32,0,1,-4.9,35,basic,15,8,10,1.0,78,78.4,0,0
cust-04250,Customer 04250,72,181.6,4,0,-15.8,49,basic,53,7,0,-38.0,18,64.6,0,0
cust-04251,Customer 04251,28,944.7,0,0,8.8,59,premium,75,20,10,9.8,83,95.4,0,0
cust-04252,Customer 04252,7,140.15,1,2,45,70,basic,48,0,0,50,24,55.3,3,0
cust-04253,Customer 04253,5,106.37,2,0,43.6,77,basic,26,32,5,45.8,43,46.2,0,0
cust-04254,Customer 04254,21,1446.28,0,0,17.8,23,premium,5,9,0,11.4,59,58.8,0,0
cust-04255,Customer 04255,47,259.37,8,0,-14.5,30,standard,21,12,5,-20.7,18,48.8,1,0
cust-04256,Customer 04256,19,85.65,4,0,-16.1,54,basic,12,7,0,-23.8,16,65.3,0,0
cust-04257,Customer 04257,25,521.39,2,0,4.3,46,standard,13,0,0,4.3,14,20.6,0,0
cust-04258,Customer 04258,30,400.17,0,2,-4.0,95,standard,21,10,10,16.1,38,30.0,1,0
cust-04259,Customer 04259,4,130.51,0,0,-22.6,47,basic,9,13,10,-10.1,88,34.4,2,0
cust-04260,Customer 04260,13,1238.05,1,0,1.2,22,premium,22,7,0,12.6,39,45.6,2,0
cust-04261,Customer 04261,47,135.48,1,1,-1.2,74,basic,12,5,5,-13.4,27,16.3,2,0
cust-04262,Customer 04262,6,339.29,0,0,1.5,10,standard,10,4,15,0.7,62,71.2,0,0
cust-04263,Customer 04263,29,167.57,5,0,27.9,28,basic,7,19,5,22.0,18,62.1,0,0
cust-04264,Customer 04264,15,273.97,3,0,-32.1,41,standard,23,30,15,-30.2,15,56.7,0,1
cust-04265,Customer 04265,13,155.75,2,0,5.6,40,basic,20,0,0,10.5,27,78.7,1,0
cust-04266,Customer 04266,15,418.46,1,1,4.6,92,standard,26,15,0,-1.4,41,57.1,2,0
cust-04267,Customer 04267,12,105.61,1,0,25.6,37,basic,12,27,10,27.7,41,47.2,1,0
cust-04268,Customer 04268,15,221.42,4,0,31.1,37,basic,16,19,5,31.6,7,84.1,2,0
cust-04269,Customer 04269,20,1119.23,0,1,-47.7,54,premium,19,1,0,-33.8,65,21.1,0,1
cust-04270,Customer 04270,47,498.6,0,0,-19.7,64,standard,2,22,10,-19.0,46,53.8,0,0
cust-04271,Customer 04271,27,910.28,3,0,-49.1,21,premium,46,9,10,-39.3,61,85.9,2,1
cust-04272,Customer 04272,8,443.61,0,0,5.1,20,standard,9,8,0,13.8,27,100,2,1
cust-04273,Customer 04273,25,212.35,2,1,10.6,55,basic,15,16,0,15.7,32,6.3,1,1
cust-04274,Customer 04274,29,304.15,0,0,-22.3,83,standard,3,11,5,-23.7,65,96.2,2,0
cust-04275,Customer 04275,46,513.72,0,0,-3.5,35,standard,8,11,0,-6.0,33,85.0,1,0
cust-04276,Customer 04276,67,456.3,2,0,41.7,47,standard,49,21,0,42.3,18,66.1,0,0
cust-04277,Customer 04277,41,347.16,0,1,4.1,43,standard,26,18,0,8.8,57,28.5,1,0
cust-04278,Customer 04278,3,160.08,1,0,2.2,43,basic,31,17,0,2.9,7,65.1,2,1
cust-04279,Customer 04279,44,174.48,3,0,12.6,75,basic,8,14,0,16.8,18,75.8,2,0
cust-04280,Customer 04280,28,305.07,0,1,-28.3,22,standard,26,15,0,-34.5,46,46.2,0,0
cust-04281,Customer 04281,10,258.37,8,0,-27.0,67,standard,32,15,0,-11.4,57,5,0,0
cust-04282,Customer 04282,45,1328.53,2,1,16.0,69,premium,33,3,0,11.4,9,66.5,2,0
cust-04283,Customer 04283,18,487.33,6,0,-27.2,6,standard,15,23,0,-40.6,27,64.2,1,1
cust-04284,Customer 04284,27,179.89,0,0,25.8,43,basic,23,5,15,13.4,35,46.0,0,0
cust-04285,Customer 04285,8,398.08,2,0,-26.5,95,standard,29,6,0,-17.8,11,35.6,1,0
cust-04286,Customer 04286,26,521.49,3,0,-6.3,47,standard,28,0,5,-6.8,28,35.5,0,0
cust-04287,Customer 04287,17,374.0,1,0,9.4,32,standard,25,21,0,25.0,16,64.9,3,0
cust-04288,Customer 04288,1,1226.85,0,0,4.6,20,premium,18,6,0,15.5,36,96.6,0,0
cust-04289,Customer 04289,18,140.3,2,0,-2.5,34,basic,14,10,0,2.8,13,87.0,2,0
cust-04290,Customer 04290,21,324.14,0,1,21.0,73,standard,14,20,15,13.3,64,91.7,0,0
cust-04291,Customer 04291,22,175.8,2,0,20.5,20,basic,52,4,0,13.5,24,66.0,1,1
cust-04292,Customer 04292,24,1024.25,0,3,39.1,69,premium,10,0,15,50,43,57.5,1,0
cust-04293,Customer 04293,6,372.74,1,0,4.4,45,standard,19,17,0,11.7,79,80.1,1,0
cust-04294,Customer 04294,18,170.93,3,0,-5.1,71,basic,14,29,10,-12.5,84,17.1,0,1
cust-04295,Customer 04295,14,162.99,5,1,-1.7,50,basic,6,5,0,-5.5,19,83.9,0,0
cust-04296,Customer 04296,21,1488.6,3,0,34.4,48,premium,47,21,10,44.4,15,29.7,2,1
cust-04297,Customer 04297,32,99.85,0,0,10.5,81,basic,5,0,0,22.3,28,54.7,0,0
cust-04298,Customer 04298,38,389.56,1,3,24.0,39,standard,18,12,15,25.1,31,67.9,0,0
cust-04299,Customer 04299,10,547.28,1,0,-18.2,31,standard,3,2,0,-9.0,7,46.6,0,1
cust-04300,Customer 04300,11,134.63,2,1,-25.5,49,basic,31,8,0,-7.9,22,52.6,1,0
cust-04301,Customer 04301,38,135.85,0,3,-3.6,83,basic,13,15,10,-11.1,53,95.4,1,0
cust-04302,Customer 04302,15,214.4,2,1,-14.9,68,basic,14,6,10,-27.7,17,57.4,1,0
cust-04303,Customer 04303,25,165.75,0,0,37.6,44,basic,32,29,10,32.2,53,51.2,2,0
cust-04304,Customer 04304,22,380.44,0,1,-39.5,32,standard,78,19,10,-47.8,55,40.7,1,0
cust-04305,Customer 04305,54,151.79,0,2,42.6,14,basic,16,8,0,50,77,71.9,2,0
cust-04306,Customer 04306,52,298.47,0,0,24.9,80,standard,10,14,5,34.4,32,84.9,1,0
cust-04307,Customer 04307,7,240.29,0,0,11.2,19,basic,22,27,10,6.4,55,63.3,2,0
cust-04308,Customer 04308,31,327.1,4,0,-5.6,44,standard,71,1,0,-12.9,73,47.9,0,0
cust-04309,Customer 04309,14,129.45,2,0,4.7,26,basic,13,33,5,-5.9,6,64.2,2,0
cust-04310,Customer 04310,48,327.03,0,0,9.7,18,standard,10,26,0,8.9,35,64.6,0,0
cust-04311,Customer 04311,32,521.39,1,1,3.8,23,standard,15,0,5,12.2,30,100,1,0
cust-04312,Customer 04312,5,1055.15,1,0,-25.0,32,premium,41,20,0,-25.5,8,60.5,2,1
cust-04313,Customer 04313,6,99.34,0,1,-21.3,59,basic,16,14,0,-28.4,65,56.9,0,0
cust-04314,Customer 04314,16,528.97,1,1,-17.5,33,standard,6,6,0,-7.2,29,72.1,0,0
cust-04315,Customer 04315,22,205.65,3,0,3.2,16,standard,8,17,0,-5.2,49,37.8,0,0
cust-04316,Customer 04316,3,610.1,3,1,-4.4,31,standard,22,14,0,2.8,13,68.4,0,0
cust-04317,Customer 04317,34,500.1,4,3,14.6,35,standard,21,25,0,19.6,30,34.9,0,0
cust-04318,Customer 04318,18,262.38,0,0,13.1,27,basic,20,0,15,0.1,35,72.7,2,0
cust-04319,Customer 04319,19,132.59,0,1,-32.6,75,basic,25,22,5,-32.2,41,67.3,1,1
cust-04320,Customer 04320,14,333.66,2,0,-29.5,54,standard,29,6,0,-31.6,30,59.0,0,0
cust-04321,Customer 04321,35,153.03,0,0,-0.4,65,basic,13,3,0,5.8,51,62.2,0,0
cust-04322,Customer 04322,14,157.57,4,1,24.9,67,basic,5,14,0,6.8,33,57.6,1,1
cust-04323,Customer 04323,34,376.61,1,0,3.0,65,standard,11,8,0,-0.6,10,25.5,0,0
cust-04324,Customer 04324,18,1479.04,0,0,-13.9,85,premium,19,14,0,-4.2,67,54.9,0,0
cust-04325,Customer 04325,31,476.93,8,1,22.9,60,standard,76,26,10,19.5,46,77.4,0,0
cust-04326,Customer 04326,10,267.37,3,0,-13.1,46,standard,8,24,0,-9.2,1,83.4,0,0
cust-04327,Customer 04327,25,387.5,6,0,-18.2,70,standard,15,25,5,-14.7,51,48.2,0,0
cust-04328,Customer 04328,9,176.39,2,0,31.8,47,basic,32,14,0,50,32,42.6,1,0
cust-04329,Customer 04329,18,134.97,0,1,23.5,78,basic,48,0,0,19.4,70,73.6,3,0
cust-04330,Customer 04330,22,463.38,2,1,43.4,35,standard,12,13,10,42.5,33,42.9,0,0
cust-04331,Customer 04331,10,154.84,4,1,-13.3,37,basic,20,17,0,-16.1,15,26.5,2,1
cust-04332,Customer 04332,47,136.4,0,0,-3.8,71,basic,10,19,0,-1.9,26,60.1,0,0
cust-04333,Customer 04333,9,369.61,0,0,-13.1,30,standard,19,1,0,-18.0,87,60.8,1,0
cust-04334,Customer 04334,6,938.17,2,0,7.0,47,premium,21,0,0,22.4,24,81.4,1,0
cust-04335,Customer 04335,23,105.83,1,0,-19.1,27,basic,19,28,5,-29.6,27,54.4,0,0
cust-04336,Customer 04336,17,454.47,0,3,-11.1,20,standard,33,4,5,3.1,84,78.6,0,0
cust-04337,Customer 04337,39,168.83,0,1,36.0,85,basic,28,11,0,22.6,63,83.3,1,0
cust-04338,Customer 04338,7,392.23,2,0,45,72,standard,9,0,0,41.9,52,16.0,2,0
cust-04339,Customer 04339,13,1133.91,6,1,-15.9,75,premium,29,12,0,-24.1,64,22.4,2,1
cust-04340,Customer 04340,23,145.03,0,0,-16.5,4,basic,6,10,15,-17.2,75,31.8,0,0
cust-04341,Customer 04341,72,418.97,0,1,-11.6,68,standard,20,19,0,-15.6,26,65.4,1,0
cust-04342,Customer 04342,13,194.73,1,0,-49.9,48,basic,19,10,0,-47.9,12,16.0,0,0
cust-04343,Customer 04343,31,229.87,7,0,-39.8,53,basic,32,31,0,-34.0,67,73.3,1,0
cust-04344,Customer 04344,13,479.2,5,0,-10.8,29,standard,9,14,0,0.8,27,42.7,0,1
cust-04345,Customer 04345,5,1261.78,2,0,16.9,38,premium,11,11,5,29.0,38,50.4,1,0
cust-04346,Customer 04346,12,393.98,0,0,-21.2,65,standard,18,18,0,-18.7,43,83.5,0,0
cust-04347,Customer 04347,6,135.98,0,0,13.2,89,basic,17,14,0,17.5,47,94.1,0,0
cust-04348,Customer 04348,12,327.43,9,0,29.2,51,standard,32,40,0,24.8,15,51.5,1,0
cust-04349,Customer 04349,5,152.76,0,0,8.6,95,basic,12,26,5,15.2,34,69.6,0,0
cust-04350,Customer 04350,15,218.52,0,0,-24.4,45,basic,14,0,0,-26.0,42,31.9,0,0
cust-04351,Customer 04351,43,146.58,5,0,14.6,35,basic,6,28,0,19.5,31,59.8,2,0
cust-04352,Customer 04352,69,229.58,3,0,7.0,27,standard,24,18,5,0.6,8,52.3,0,0
cust-04353,Customer 04353,25,1071.84,2,0,-2.7,25,premium,18,0,0,5.2,53,68.4,1,0
cust-04354,Customer 04354,3,160.91,0,0,10.2,30,basic,50,1,10,18.5,74,28.2,0,1
cust-04355,Customer 04355,26,592.08,0,2,31.8,44,premium,16,19,5,37.9,35,58.5,1,0
cust-04356,Customer 04356,35,401.1,2,0,-6.9,27,standard,38,16,0,-10.3,41,68.3,1,0
cust-04357,Customer 04357,36,218.72,1,1,-14.3,64,basic,4,24,0,-17.5,82,50.2,1,0
cust-04358,Customer 04358,15,434.7,0,1,-52.7,42,standard,29,4,5,-75,86,58.1,0,0
cust-04359,Customer 04359,17,198.07,1,1,9.0,37,basic,21,18,5,10.2,27,56.5,2,0
cust-04360,Customer 04360,22,231.49,1,0,12.6,52,basic,36,29,0,21.6,33,74.6,0,0
cust-04361,Customer 04361,36,237.75,0,0,-38.4,33,basic,8,9,15,-39.9,52,24.7,0,0
cust-04362,Customer 04362,27,476.28,0,0,3.0,65,standard,12,5,0,2.5,88,58.8,0,0
cust-04363,Customer 04363,32,172.76,0,0,21.5,33,basic,9,5,0,26.3,68,59.0,0,0
cust-04364,Customer 04364,24,461.65,0,0,45,46,standard,11,18,15,43.5,50,94.5,1,0
cust-04365,Customer 04365,41,127.73,0,0,14.2,48,basic,1,7,15,16.0,73,55.2,0,0
cust-04366,Customer 04366,25,1076.62,1,0,-37.9,70,premium,42,7,0,-43.6,33,20.7,1,0
cust-04367,Customer 04367,24,126.05,0,1,22.5,50,basic,15,13,10,31.0,84,32.7,1,1
cust-04368,Customer 04368,28,131.84,1,0,-3.1,42,basic,9,23,10,8.7,13,22.8,0,0
cust-04369,Customer 04369,49,110.02,2,2,4.8,67,basic,19,8,0,14.6,40,49.9,1,0
cust-04370,Customer 04370,14,131.63,1,0,-21.8,21,basic,37,0,5,-20.3,31,44.7,0,1
cust-04371,Customer 04371,50,373.21,0,0,-25.2,17,standard,21,18,0,-25.8,77,37.6,0,1
cust-04372,Customer 04372,10,179.59,2,1,-37.7,72,basic,34,3,5,-19.6,9,53.7,0,0
cust-04373,Customer 04373,24,125.34,0,0,4.9,32,basic,20,33,5,11.2,26,57.3,1,0
cust-04374,Customer 04374,16,1185.22,1,0,28.1,28,premium,14,5,5,7.8,50,25.2,2,0
cust-04375,Customer 04375,21,220.14,1,0,-18.1,95,basic,8,30,10,-24.6,26,49.9,0,0
cust-04376,Customer 04376,2,317.06,0,0,-13.6,56,standard,5,18,0,-25.0,67,64.0,3,0
cust-04377,Customer 04377,38,629.3,0,0,2.4,49,standard,40,29,0,13.6,78,62.3,1,0
cust-04378,Customer 04378,24,1104.62,9,0,-0.6,52,premium,9,7,5,-6.5,18,86.0,0,0
cust-04379,Customer 04379,61,248.6,4,1,18.6,-4,basic,22,22,0,19.1,54,53.4,3,1
cust-04380,Customer 04380,53,118.74,0,0,-23.2,81,basic,20,22,0,-10.4,79,51.6,0,0
cust-04381,Customer 04381,8,829.53,2,0,1.0,81,premium,23,0,5,-8.2,21,22.9,0,0
cust-04382,Customer 04382,3,1710.46,0,1,19.1,49,premium,8,10,0,20.6,90,65.6,0,0
cust-04383,Customer 04383,23,217.84,2,0,9.9,13,basic,6,39,0,18.6,21,63.1,1,0
cust-04384,Customer 04384,32,425.22,10,0,1.3,21,standard,7,29,0,21.3,27,78.1,1,0
cust-04385,Customer 04385,24,143.24,2,2,-23.9,18,basic,14,10,0,-13.5,28,37.7,0,0
cust-04386,Customer 04386,6,268.26,0,0,-13.4,80,standard,8,22,0,-3.6,57,49.5,1,0
cust-04387,Customer 04387,13,149.79,12,0,7.6,77,basic,9,21,0,-0.7,18,80.7,0,0
cust-04388,Customer 04388,3,456.52,1,3,20.8,65,standard,13,0,10,18.4,37,21.1,0,0
cust-04389,Customer 04389,25,132.09,2,0,-12.7,39,basic,13,8,10,-6.6,57,58.1,0,0
cust-04390,Customer 04390,23,366.66,0,0,3.3,32,standard,20,0,0,15.3,79,42.2,0,0
cust-04391,Customer 04391,11,155.36,3,0,35.5,48,basic,5,14,10,43.3,21,60.6,0,0
cust-04392,Customer 04392,11,220.26,2,2,4.3,31,standard,10,0,10,-11.0,13,20.3,0,0
cust-04393,Customer 04393,30,1074.82,1,0,-14.3,63,premium,39,2,0,-19.9,53,72.1,2,0
cust-04394,Customer 04394,9,145.67,0,0,-29.2,26,basic,19,3,0,-27.2,46,59.4,1,0
cust-04395,Customer 04395,36,385.64,1,0,15.8,57,standard,28,29,0,9.1,17,26.5,2,0
cust-04396,Customer 04396,25,474.29,1,0,-25.2,82,standard,48,10,0,-35.1,4,84.2,0,0
cust-04397,Customer 04397,69,595.31,0,0,22.0,12,standard,11,5,0,12.6,80,34.4,0,0
cust-04398,Customer 04398,40,425.65,0,0,20.4,26,standard,41,17,0,27.3,65,20.0,0,0
cust-04399,Customer 04399,32,167.58,2,0,2.1,61,basic,11,12,0,9.2,21,100,1,0
cust-04400,Customer 04400,43,546.17,0,2,-33.9,77,standard,33,3,5,-29.8,66,56.1,0,0
cust-04401,Customer 04401,15,241.59,0,0,40.6,12,basic,6,5,0,49.8,48,61.7,0,0
cust-04402,Customer 04402,24,787.8,1,1,-11.6,40,premium,15,9,0,-6.3,49,78.7,2,1
cust-04403,Customer 04403,4,186.72,2,0,7.9,52,basic,16,8,0,3.6,15,42.4,2,0
cust-04404,Customer 04404,20,130.63,0,0,5.2,57,basic,41,27,10,1.7,27,16.4,0,0
cust-04405,Customer 04405,6,171.53,12,1,1.7,50,basic,22,10,0,-2.0,45,33.2,0,0
cust-04406,Customer 04406,15,559.02,1,0,-12.9,24,standard,12,11,5,-6.7,27,53.7,0,0
cust-04407,Customer 04407,49,406.24,2,0,-10.6,18,standard,12,4,0,-23.4,32,79.1,0,0
cust-04408,Customer 04408,6,287.88,0,0,45,37,standard,10,12,0,36.2,72,73.6,0,0
cust-04409,Customer 04409,15,1162.15,1,0,9.9,58,premium,7,6,10,36.2,31,90.0,1,0
cust-04410,Customer 04410,22,415.73,1,0,-23.6,38,standard,28,9,0,-8.0,40,86.9,0,0
cust-04411,Customer 04411,27,426.6,0,1,6.0,40,standard,11,0,0,-0.4,49,44.0,1,0
cust-04412,Customer 04412,16,477.49,0,1,10.2,33,standard,35,11,10,15.5,66,100,1,0
cust-04413,Customer 04413,19,880.18,3,0,28.4,-12,premium,40,16,5,28.9,2,60.5,0,0
cust-04414,Customer 04414,39,282.75,1,1,26.7,70,standard,15,14,15,32.5,56,63.8,0,0
cust-04415,Customer 04415,23,455.87,2,1,-35.8,58,standard,43,10,0,-47.0,6,29.6,0,0
cust-04416,Customer 04416,6,356.4,5,1,-14.1,71,standard,50,22,10,-0.1,31,48.6,1,1
cust-04417,Customer 04417,37,155.75,0,2,-20.6,37,basic,24,5,0,-29.0,74,60.4,0,0
cust-04418,Customer 04418,40,194.08,0,0,-1.9,37,basic,6,3,0,5.3,27,86.3,1,0
cust-04419,Customer 04419,12,1091.77,1,3,-50.1,54,premium,15,12,5,-53.8,23,80.1,3,1
cust-04420,Customer 04420,12,494.35,1,0,-3.1,61,standard,10,25,5,-1.1,2,83.0,0,0
cust-04421,Customer 04421,72,224.37,1,0,12.0,50,basic,20,10,0,8.5,73,73.2,1,0
cust-04422,Customer 04422,12,151.09,1,0,13.7,75,basic,6,26,0,23.0,44,93.9,2,0
cust-04423,Customer 04423,8,160.03,4,1,29.3,37,basic,44,0,0,34.8,29,61.7,0,0
cust-04424,Customer 04424,32,419.9,0,0,17.9,55,standard,24,0,5,25.0,87,51.5,1,0
cust-04425,Customer 04425,15,416.0,2,2,-13.9,57,standard,12,1,0,-8.7,15,79.6,0,0
cust-04426,Customer 04426,29,991.72,0,0,-3.7,95,premium,41,18,0,-2.0,57,63.1,2,0
cust-04427,Customer 04427,21,337.36,1,1,-27.5,24,standard,26,5,0,-31.3,44,52.4,1,1
cust-04428,Customer 04428,33,214.07,3,0,31.5,37,basic,13,24,0,23.4,4,72.9,0,0
cust-04429,Customer 04429,64,328.96,2,0,22.1,44,standard,11,11,0,20.1,57,57.6,1,0
cust-04430,Customer 04430,12,207.51,2,0,-24.8,10,basic,19,21,5,-31.8,10,41.6,2,0
cust-04431,Customer 04431,19,361.26,1,1,21.1,58,standard,28,15,0,18.5,19,53.9,0,0
cust-04432,Customer 04432,72,436.5,5,1,-0.4,80,standard,3,9,0,4.0,4,83.7,1,0
cust-04433,Customer 04433,28,158.83,1,0,-12.0,52,basic,29,6,0,-8.8,56,66.2,1,0
cust-04434,Customer 04434,26,471.58,4,2,-7.2,68,standard,14,15,0,-7.7,18,56.5,1,0
cust-04435,Customer 04435,9,132.4,0,0,14.3,52,basic,9,6,0,10.7,48,63.0,0,0
cust-04436,Customer 04436,48,1063.11,1,0,10.5,95,premium,8,7,15,26.8,31,57.4,1,0
cust-04437,Customer 04437,22,359.77,0,0,-10.3,44,standard,31,7,0,-9.1,49,54.6,0,0
cust-04438,Customer 04438,20,219.13,2,0,-6.6,47,standard,4,0,20,-11.1,9,59.1,0,0
cust-04439,Customer 04439,24,788.44,0,2,-16.5,73,premium,36,6,10,-13.7,39,64.2,1,0
cust-04440,Customer 04440,47,1536.06,2,1,6.6,62,premium,19,17,0,4.9,12,90.4,3,0
cust-04441,Customer 04441,11,144.68,0,0,18.1,55,basic,16,7,20,12.5,82,57.6,2,1
cust-04442,Customer 04442,19,337.83,1,0,-34.1,38,standard,15,21,0,-39.6,47,19.3,1,0
cust-04443,Customer 04443,66,1092.59,2,0,-3.6,63,premium,23,3,5,-9.6,13,41.8,0,0
cust-04444,Customer 04444,13,994.28,0,1,25.1,-2,premium,4,22,0,24.8,79,48.1,1,1
cust-04445,Customer 04445,6,929.66,0,0,26.7,84,premium,4,16,0,15.1,68,92.6,3,0
cust-04446,Customer 04446,21,494.86,0,0,-18.0,49,standard,23,10,0,-28.6,84,19.6,1,0
cust-04447,Customer 04447,18,174.7,0,0,15.8,61,basic,29,8,10,22.8,49,46.0,0,0
cust-04448,Customer 04448,5,127.4,4,0,36.9,46,basic,25,7,5,46.5,10,100,0,1
cust-04449,Customer 04449,18,368.34,1,0,42.8,37,standard,23,8,5,35.7,1,30.8,0,0
cust-04450,Customer 04450,29,500.82,2,2,1.9,35,standard,24,13,5,-10.9,78,64.8,1,0
cust-04451,Customer 04451,17,319.15,1,0,-16.3,58,standard,5,0,0,-25.7,12,54.3,0,0
cust-04452,Customer 04452,27,527.36,0,0,-29.7,41,standard,17,1,0,-38.5,47,76.7,1,0
cust-04453,Customer 04453,6,208.91,1,0,1.9,77,basic,7,31,5,13.8,37,21.1,0,0
cust-04454,Customer 04454,6,443.68,5,1,17.9,37,standard,11,22,0,18.5,36,33.3,0,0
cust-04455,Customer 04455,17,90.22,0,0,-28.1,55,basic,18,5,0,-27.2,36,33.9,1,0
cust-04456,Customer 04456,18,491.57,1,0,-5.1,38,premium,7,3,0,-8.5,28,25.1,2,0
cust-04457,Customer 04457,4,396.23,1,0,-0.2,77,standard,12,17,0,-3.7,27,72.4,0,0
cust-04458,Customer 04458,66,294.35,0,2,-15.8,72,standard,23,21,0,-17.6,38,62.2,1,0
cust-04459,Customer 04459,7,98.2,2,0,-23.1,68,basic,43,18,15,-26.3,21,56.2,0,1
cust-04460,Customer 04460,42,286.91,2,1,7.8,70,standard,32,13,0,4.1,48,55.4,2,0
cust-04461,Customer 04461,49,157.82,5,0,-31.8,41,basic,44,15,0,-22.6,33,88.3,0,0
cust-04462,Customer 04462,11,954.94,0,0,32.5,94,premium,47,0,10,35.7,26,100,0,0
cust-04463,Customer 04463,58,554.8,2,2,25.5,55,standard,23,19,0,32.5,18,42.0,0,0
cust-04464,Customer 04464,13,1025.71,1,0,-15.1,60,premium,15,0,0,-19.1,52,53.0,1,0
cust-04465,Customer 04465,39,146.94,0,0,15.9,30,basic,30,18,0,28.9,39,62.1,1,0
cust-04466,Customer 04466,33,719.51,0,1,-10.0,28,premium,18,9,5,-14.2,83,100,2,1
cust-04467,Customer 04467,51,88.59,3,0,-45.4,78,basic,37,9,0,-50.6,51,60.9,0,0
cust-04468,Customer 04468,3,219.08,0,2,12.0,79,basic,5,2,5,21.5,59,39.6,0,0
cust-04469,Customer 04469,3,207.91,2,0,11.5,51,basic,12,25,0,6.9,31,47.1,0,0
cust-04470,Customer 04470,27,161.08,0,0,-41.7,56,basic,21,8,0,-35.7,56,36.6,0,0
cust-04471,Customer 04471,37,164.93,2,0,9.3,48,basic,5,2,0,-5.1,23,55.5,0,0
cust-04472,Customer 04472,36,119.56,3,0,10.2,-6,basic,69,13,10,2.9,36,43.6,0,0
cust-04473,Customer 04473,13,306.09,3,1,-24.1,58,standard,12,16,0,-13.7,12,69.1,1,1
cust-04474,Customer 04474,70,511.92,0,1,-14.9,42,standard,19,15,15,-23.9,32,87.6,3,0
cust-04475,Customer 04475,16,365.64,5,0,15.8,68,standard,18,17,0,26.5,43,58.0,0,0
cust-04476,Customer 04476,21,202.21,0,0,10.1,18,basic,29,15,0,2.9,78,69.7,0,0
cust-04477,Customer 04477,15,345.06,2,1,3.9,65,standard,14,3,5,7.9,46,80.4,1,0
cust-04478,Customer 04478,61,197.04,0,0,-13.6,8,basic,12,0,0,-18.6,26,25.9,2,0
cust-04479,Customer 04479,18,642.56,1,0,22.2,67,standard,26,8,0,22.1,15,44.9,1,0
cust-04480,Customer 04480,19,357.72,0,0,-38.6,89,standard,14,11,0,-41.1,44,46.3,0,0
cust-04481,Customer 04481,41,155.77,3,0,24.8,36,basic,32,15,0,17.7,24,69.2,0,0
cust-04482,Customer 04482,12,130.12,0,0,-30.7,73,basic,21,13,15,-19.6,34,53.9,2,0
cust-04483,Customer 04483,45,619.09,0,3,1.0,18,premium,22,0,0,2.7,26,60.9,0,0
cust-04484,Customer 04484,9,181.63,2,0,-10.6,50,basic,48,14,20,-14.7,13,31.6,1,1
cust-04485,Customer 04485,39,186.74,0,1,14.1,62,basic,18,40,10,16.1,57,44.2,2,1
cust-04486,Customer 04486,30,579.45,0,0,11.9,61,standard,19,0,0,3.6,74,100,0,0
cust-04487,Customer 04487,27,542.35,0,0,9.7,85,standard,31,0,5,8.3,78,82.6,0,0
cust-04488,Customer 04488,31,1495.16,1,0,5.9,59,premium,39,13,10,-17.3,21,100,2,1
cust-04489,Customer 04489,52,366.39,0,0,-6.4,41,standard,34,0,0,2.3,52,72.1,0,0
cust-04490,Customer 04490,23,187.56,1,0,8.5,60,basic,22,8,5,-4.8,54,20.2,0,0
cust-04491,Customer 04491,3,122.88,0,1,34.5,52,basic,22,14,5,43.7,68,92.2,0,0
cust-04492,Customer 04492,7,542.4,1,2,45,32,standard,5,20,0,40.4,17,36.0,0,0
cust-04493,Customer 04493,16,99.62,3,2,13.0,83,basic,4,9,0,14.3,31,68.2,1,0
cust-04494,Customer 04494,8,149.4,0,0,8.4,28,basic,28,31,15,10.6,75,51.2,2,0
cust-04495,Customer 04495,35,139.56,1,3,2.7,94,basic,37,1,0,6.7,15,100,0,0
cust-04496,Customer 04496,7,411.41,0,0,3.1,39,standard,17,18,5,-2.6,69,57.3,0,0
cust-04497,Customer 04497,15,1491.23,1,0,20.5,77,premium,20,29,0,27.6,27,100,0,0
cust-04498,Customer 04498,8,402.93,5,2,17.9,33,standard,45,25,0,19.3,26,42.1,1,0
cust-04499,Customer 04499,20,218.43,3,0,3.3,-15,basic,17,8,0,3.4,25,26.9,0,0
cust-04500,Customer 04500,40,764.88,4,0,-6.8,44,premium,20,16,0,-7.3,20,62.8,1,0
cust-04501,Customer 04501,63,294.24,2,0,3.2,66,basic,10,10,0,-0.7,59,80.4,0,0
cust-04502,Customer 04502,13,624.79,0,0,-6.7,95,standard,10,21,0,-15.5,77,62.2,0,0
cust-04503,Customer 04503,15,165.5,6,1,-45.3,42,basic,21,16,5,-43.4,10,26.3,0,1
cust-04504,Customer 04504,22,1213.65,0,1,-0.1,68,premium,18,5,0,-13.6,39,67.0,2,0
cust-04505,Customer 04505,24,175.75,0,0,7.0,46,basic,13,7,5,-3.5,39,100,0,0
cust-04506,Customer 04506,29,180.44,0,3,-10.2,84,basic,24,19,0,-2.0,59,62.5,0,0
cust-04507,Customer 04507,20,332.28,0,0,-8.2,44,standard,29,22,0,0.1,42,60.2,1,0
cust-04508,Customer 04508,37,684.54,0,0,-16.1,63,premium,19,6,0,-16.9,60,100,0,0
cust-04509,Customer 04509,26,921.25,0,0,-4.9,29,premium,22,7,0,-10.8,67,84.6,2,1
cust-04510,Customer 04510,22,165.04,1,1,-54.1,49,basic,10,1,10,-40.9,29,62.1,0,0
cust-04511,Customer 04511,28,1042.53,1,0,24.4,44,premium,27,17,10,20.2,21,49.3,0,0
cust-04512,Customer 04512,3,113.3,0,0,2.3,64,basic,39,9,0,15.3,41,65.4,0,0
cust-04513,Customer 04513,8,610.46,5,0,-15.5,43,standard,35,9,10,-4.0,11,82.6,0,0
cust-04514,Customer 04514,5,1007.86,0,0,-13.2,37,premium,15,9,5,-0.7,38,56.7,2,0
cust-04515,Customer 04515,9,367.36,4,0,-63.1,50,standard,32,0,10,-54.8,23,42.9,3,1
cust-04516,Customer 04516,9,1018.8,0,2,-1.3,31,premium,10,10,0,-4.4,76,71.0,2,0
cust-04517,Customer 04517,28,203.42,2,0,-0.3,21,basic,15,19,10,-5.7,9,59.0,0,0
cust-04518,Customer 04518,24,986.44,1,0,-57.4,17,premium,15,10,5,-49.6,6,92.8,2,0
cust-04519,Customer 04519,8,199.33,2,0,-2.9,36,basic,7,13,5,3.7,62,42.3,0,0
cust-04520,Customer 04520,31,1860.49,2,0,-15.8,13,premium,29,0,15,-15.8,13,69.4,1,1
cust-04521,Customer 04521,14,227.44,5,0,-41.6,54,basic,40,16,5,-35.6,18,75.8,0,0
cust-04522,Customer 04522,18,133.95,0,0,-38.2,20,basic,36,1,0,-46.2,29,70.5,0,0
cust-04523,Customer 04523,27,173.5,1,0,7.8,69,basic,19,18,5,12.4,42,31.6,1,0
cust-04524,Customer 04524,35,96.24,0,1,-3.4,76,basic,19,25,15,-12.1,60,100,0,0
cust-04525,Customer 04525,67,523.06,2,0,-13.9,65,standard,19,15,0,-19.4,75,96.5,2,0
cust-04526,Customer 04526,30,167.08,2,0,-3.5,95,basic,8,23,0,-15.0,42,73.9,0,0
cust-04527,Customer 04527,13,1603.36,1,0,-4.6,95,premium,22,23,10,-10.2,33,38.1,2,0
cust-04528,Customer 04528,10,538.32,2,0,4.8,32,standard,8,13,0,-5.2,37,51.7,0,0
cust-04529,Customer 04529,13,363.86,0,3,-52.0,44,standard,22,27,0,-41.5,49,75.6,0,1
cust-04530,Customer 04530,16,942.72,2,1,-34.2,6,premium,27,12,0,-36.5,36,68.4,1,1
cust-04531,Customer 04531,39,575.18,2,0,18.0,93,standard,30,18,0,31.0,5,55.5,0,0
cust-04532,Customer 04532,41,130.92,0,0,-4.6,46,basic,15,11,20,-1.2,72,75.5,2,0
cust-04533,Customer 04533,25,203.23,5,0,-3.0,9,basic,9,14,15,-15.6,31,55.2,0,0
cust-04534,Customer 04534,30,70.51,5,0,-28.2,17,basic,27,12,0,-28.5,3,67.3,0,0
cust-04535,Customer 04535,42,79.92,0,0,10.8,38,basic,12,5,5,-5.0,29,45.7,1,0
cust-04536,Customer 04536,7,400.57,0,1,-58.0,35,standard,31,7,10,-57.1,50,79.8,0,1
cust-04537,Customer 04537,12,764.38,3,1,9.6,72,premium,25,7,10,11.8,26,77.1,2,0
cust-04538,Customer 04538,19,174.03,5,0,-27.2,63,basic,15,10,0,-20.8,29,72.1,0,0
cust-04539,Customer 04539,31,222.26,0,2,-10.2,52,standard,20,4,5,-21.0,29,52.3,0,0
cust-04540,Customer 04540,12,437.19,2,0,2.5,28,standard,8,2,0,-5.2,31,70.9,2,0
cust-04541,Customer 04541,5,448.42,5,0,-6.7,13,standard,11,15,0,-16.0,15,68.9,2,1
cust-04542,Customer 04542,20,124.73,2,0,-62.4,64,basic,28,17,0,-58.5,86,27.7,3,0
cust-04543,Customer 04543,18,459.99,1,0,-9.1,70,standard,47,1,0,-7.3,0,21.7,0,0
cust-04544,Customer 04544,10,312.02,2,0,10.4,48,standard,8,13,20,8.6,46,100,0,0
cust-04545,Customer 04545,12,211.78,2,0,7.2,61,standard,25,11,0,1.2,30,43.0,0,0
cust-04546,Customer 04546,21,465.48,3,0,16.3,16,standard,29,12,5,34.2,29,81.9,1,0
cust-04547,Customer 04547,23,131.97,0,0,-21.4,20,basic,42,19,10,-33.5,69,38.2,0,0
cust-04548,Customer 04548,6,825.91,0,0,-24.0,44,premium,36,9,0,-27.9,44,95.7,1,0
cust-04549,Customer 04549,55,188.55,1,0,-4.0,34,basic,9,20,5,-16.6,22,78.2,0,0
cust-04550,Customer 04550,24,220.66,3,0,18.0,33,basic,3,16,5,27.8,9,92.1,2,0
cust-04551,Customer 04551,50,194.75,0,0,29.9,34,basic,4,11,0,31.0,78,100,1,0
cust-04552,Customer 04552,37,568.4,1,1,29.7,38,standard,23,20,0,45.3,10,12.2,1,0
cust-04553,Customer 04553,9,385.3,0,1,-21.5,50,standard,19,13,5,-32.0,45,47.5,1,0
cust-04554,Customer 04554,8,1520.76,2,1,8.8,80,premium,46,0,0,12.0,59,74.3,0,0
cust-04555,Customer 04555,5,419.04,4,2,31.1,67,standard,17,18,0,33.0,8,78.3,0,0
cust-04556,Customer 04556,47,115.97,0,0,11.0,7,basic,2,0,0,4.9,36,52.5,0,0
cust-04557,Customer 04557,15,920.16,0,1,1.5,53,premium,37,0,15,-15.3,27,24.7,1,1
cust-04558,Customer 04558,11,240.34,6,0,7.9,61,standard,15,27,0,-1.5,3,71.7,2,0
cust-04559,Customer 04559,12,126.52,1,0,7.8,77,basic,22,15,0,-3.4,18,46.4,0,1
cust-04560,Customer 04560,13,133.29,0,0,20.6,49,basic,5,22,5,22.5,63,59.5,0,0
cust-04561,Customer 04561,44,159.05,2,1,19.8,77,basic,24,12,0,13.1,22,44.2,0,0
cust-04562,Customer 04562,25,510.39,0,1,6.6,43,standard,8,14,0,2.3,31,55.8,2,0
cust-04563,Customer 04563,7,126.88,0,0,1.9,80,basic,8,25,0,7.2,31,75.6,1,0
cust-04564,Customer 04564,32,547.66,2,0,7.5,68,standard,10,0,5,5.8,15,100,0,0
cust-04565,Customer 04565,20,1690.18,1,1,7.3,73,premium,52,0,5,0.5,33,57.2,2,0
cust-04566,Customer 04566,11,72.44,0,0,15.2,68,basic,15,3,0,26.7,79,28.5,1,0
cust-04567,Customer 04567,19,1008.14,6,3,-6.0,31,premium,16,22,5,-8.4,37,61.6,0,0
cust-04568,Customer 04568,41,212.55,1,1,-2.1,65,standard,11,25,0,-3.0,18,34.9,0,0
cust-04569,Customer 04569,33,444.95,1,0,39.3,95,standard,8,19,0,39.1,37,49.3,2,0
cust-04570,Customer 04570,72,380.05,6,1,-9.0,20,standard,12,3,5,-0.2,46,54.8,0,0
cust-04571,Customer 04571,7,440.48,2,1,2.8,58,standard,13,0,5,-3.1,17,50.9,0,0
cust-04572,Customer 04572,24,489.86,4,1,-21.7,92,standard,7,23,20,-18.6,22,48.7,0,1
cust-04573,Customer 04573,32,161.04,1,0,1.7,45,basic,10,10,0,7.0,39,45.6,0,0
cust-04574,Customer 04574,26,824.76,3,0,-13.1,79,premium,30,0,10,-18.0,5,23.3,0,1
cust-04575,Customer 04575,20,278.08,3,2,-16.2,37,standard,30,6,0,-7.8,35,38.6,0,0
cust-04576,Customer 04576,10,457.84,0,0,19.3,42,standard,15,1,10,23.8,44,67.4,0,1
cust-04577,Customer 04577,50,92.51,0,2,21.6,79,basic,6,18,10,18.4,46,21.1,1,0
cust-04578,Customer 04578,12,466.52,2,1,-0.5,47,standard,11,5,0,7.4,7,39.1,1,0
cust-04579,Customer 04579,15,153.43,0,0,7.7,61,basic,42,0,15,3.0,83,76.7,0,1
cust-04580,Customer 04580,12,144.76,1,1,-13.2,61,basic,25,34,5,7.1,5,64.6,0,0
cust-04581,Customer 04581,11,115.01,3,1,15.1,89,basic,17,0,15,14.8,28,97.5,1,0
cust-04582,Customer 04582,10,175.16,2,1,-9.5,36,basic,6,7,0,-20.5,26,78.9,0,0
cust-04583,Customer 04583,19,342.8,5,0,29.4,53,standard,33,11,0,37.5,59,51.9,0,0
cust-04584,Customer 04584,21,799.76,5,0,-13.5,65,premium,3,0,5,-20.7,6,57.1,1,0
cust-04585,Customer 04585,54,162.44,0,0,-15.6,57,basic,6,20,0,-12.1,52,61.9,1,0
cust-04586,Customer 04586,20,214.03,3,1,-13.0,71,basic,36,18,0,1.3,21,58.5,0,1
cust-04587,Customer 04587,9,390.02,0,0,-16.0,16,standard,35,16,5,-24.9,58,58.4,0,0
cust-04588,Customer 04588,23,473.67,5,0,-4.0,54,standard,22,6,0,-14.8,66,49.1,0,0
cust-04589,Customer 04589,19,829.4,1,0,-4.0,52,premium,21,11,0,-0.9,17,35.5,1,0
cust-04590,Customer 04590,45,112.8,2,0,-40.0,18,basic,14,1,0,-22.5,32,44.8,1,0
cust-04591,Customer 04591,14,806.15,0,0,1.6,64,premium,13,7,0,8.1,27,38.7,0,0
cust-04592,Customer 04592,13,315.63,0,2,28.3,46,standard,1,0,0,16.3,77,54.9,1,0
cust-04593,Customer 04593,20,114.87,1,0,-13.4,13,basic,23,0,0,-9.4,51,31.4,1,0
cust-04594,Customer 04594,8,362.69,1,0,-9.5,24,standard,22,7,15,1.1,49,20.0,0,0
cust-04595,Customer 04595,15,433.69,2,1,21.0,36,standard,36,15,0,9.0,16,98.1,0,0
cust-04596,Customer 04596,33,163.59,1,3,-22.9,40,basic,14,7,0,-22.2,21,43.8,0,0
cust-04597,Customer 04597,18,117.28,2,1,-33.2,6,basic,46,11,5,-37.6,30,75.6,0,1
cust-04598,Customer 04598,33,183.18,1,0,-45.3,16,basic,21,15,0,-57.8,75,60.0,0,1
cust-04599,Customer 04599,8,180.16,2,1,31.5,0,basic,61,17,0,46.3,25,48.5,0,1
cust-04600,Customer 04600,48,437.38,6,2,11.7,40,standard,42,0,0,22.4,4,74.4,0,0
cust-04601,Customer 04601,42,179.48,0,0,25.2,46,basic,12,23,0,25.1,88,54.1,2,0
cust-04602,Customer 04602,28,144.03,3,0,-9.3,61,basic,16,45,10,-5.8,42,21.2,0,0
cust-04603,Customer 04603,18,284.52,2,0,16.0,33,standard,9,20,0,33.9,51,65.6,3,0
cust-04604,Customer 04604,16,159.65,0,3,26.4,44,basic,31,15,5,12.0,38,85.7,0,0
cust-04605,Customer 04605,1,1063.48,2,2,-45.0,31,premium,11,13,0,-31.5,30,46.8,2,1
cust-04606,Customer 04606,52,201.19,0,0,3.7,51,basic,20,5,5,7.7,69,47.2,0,0
cust-04607,Customer 04607,2,500.93,1,0,13.0,47,standard,14,7,0,8.8,32,83.2,0,0
cust-04608,Customer 04608,16,469.86,3,0,-24.1,78,standard,15,18,10,-26.0,10,61.3,3,0
cust-04609,Customer 04609,26,249.21,0,1,-5.8,24,standard,19,16,0,-13.7,84,48.9,1,0
cust-04610,Customer 04610,36,926.16,0,1,-12.5,31,premium,18,0,15,3.5,31,29.2,2,1
cust-04611,Customer 04611,4,654.55,0,0,-20.5,75,standard,21,35,0,-22.9,78,63.9,1,0
cust-04612,Customer 04612,7,116.59,3,0,-17.9,35,basic,16,3,0,-12.7,21,57.6,2,0
cust-04613,Customer 04613,11,190.47,0,0,-30.4,95,basic,21,0,10,-26.9,69,69.3,0,1
cust-04614,Customer 04614,17,162.19,0,1,-8.1,54,basic,7,21,20,-7.8,60,35.6,0,0
cust-04615,Customer 04615,35,204.37,1,1,12.5,75,basic,12,28,0,17.9,13,57.8,2,0
cust-04616,Customer 04616,6,157.24,0,0,-25.6,57,basic,61,0,10,-19.3,60,47.7,2,0
cust-04617,Customer 04617,6,366.57,1,0,-21.8,32,standard,14,9,0,-9.2,28,70.1,0,0
cust-04618,Customer 04618,16,127.71,2,0,-5.2,61,basic,2,6,15,-15.5,39,81.1,0,0
cust-04619,Customer 04619,31,1037.91,0,2,43.3,41,premium,3,11,5,33.5,73,83.8,0,0
cust-04620,Customer 04620,4,422.8,1,2,26.7,40,standard,8,16,0,24.2,18,60.9,0,0
cust-04621,Customer 04621,22,177.81,5,1,-4.2,2,basic,16,13,0,-6.2,52,33.0,0,1
cust-04622,Customer 04622,26,219.98,7,1,12.5,31,basic,13,8,5,17.4,12,77.9,2,0
cust-04623,Customer 04623,41,209.43,0,1,12.0,31,standard,60,21,10,4.3,38,58.9,1,1
cust-04624,Customer 04624,32,1027.5,5,2,-0.2,32,premium,22,28,5,1.8,61,95.2,0,0
cust-04625,Customer 04625,5,1232.95,0,0,-34.5,63,premium,19,24,0,-33.2,67,55.3,1,0
cust-04626,Customer 04626,39,253.5,0,0,16.5,56,basic,10,19,5,20.2,29,63.7,3,0
cust-04627,Customer 04627,66,384.9,1,0,26.8,17,standard,20,0,0,28.6,30,86.1,0,0
cust-04628,Customer 04628,5,168.1,2,0,-27.1,50,basic,19,19,0,-41.2,17,51.9,0,0
cust-04629,Customer 04629,8,1268.64,3,2,3.2,65,premium,5,5,0,-10.0,30,53.6,0,0
cust-04630,Customer 04630,28,497.68,4,0,-16.3,43,standard,43,27,0,-28.3,49,65.7,3,0
cust-04631,Customer 04631,18,1068.73,1,0,-2.7,49,premium,8,18,0,-13.2,15,59.4,1,0
cust-04632,Customer 04632,16,191.83,2,1,-12.1,43,basic,11,15,0,-13.4,13,96.7,1,0
cust-04633,Customer 04633,6,417.72,1,1,7.6,46,standard,23,7,5,16.1,7,59.1,0,0
cust-04634,Customer 04634,10,398.97,0,0,-43.8,70,standard,25,0,0,-47.4,38,83.6,2,0
cust-04635,Customer 04635,10,236.37,0,1,5.3,13,basic,23,1,0,16.1,41,43.7,2,1
cust-04636,Customer 04636,10,184.67,0,0,24.5,62,basic,12,13,0,28.8,71,78.0,1,0
cust-04637,Customer 04637,40,385.71,0,0,5.7,45,standard,19,5,0,2.7,65,53.9,0,0
cust-04638,Customer 04638,17,479.49,1,1,27.9,77,standard,17,20,10,24.6,27,83.5,2,0
cust-04639,Customer 04639,16,131.36,2,0,-3.5,26,basic,12,4,5,-2.9,19,56.9,0,0
cust-04640,Customer 04640,16,271.73,1,1,-1.7,75,standard,4,15,0,-4.0,20,56.9,0,0
cust-04641,Customer 04641,6,199.62,0,1,-15.3,65,standard,11,21,10,-8.9,64,46.2,1,0
cust-04642,Customer 04642,18,385.99,0,0,-33.4,51,standard,29,0,10,-31.0,36,90.1,0,0
cust-04643,Customer 04643,25,747.37,0,0,-16.7,43,standard,29,17,0,-19.5,59,73.7,3,0
cust-04644,Customer 04644,42,419.4,4,0,0.6,34,standard,40,0,0,-3.3,47,65.6,0,0
cust-04645,Customer 04645,22,183.67,0,0,-0.2,83,basic,5,11,10,2.4,37,63.4,0,0
cust-04646,Customer 04646,12,1008.07,0,0,-12.5,64,premium,25,1,10,-3.9,83,66.3,1,0
cust-04647,Customer 04647,40,130.87,6,0,-6.7,72,basic,8,6,0,-2.2,11,80.7,1,0
cust-04648,Customer 04648,18,426.03,0,3,43.2,64,standard,8,24,15,46.2,64,79.5,2,0
cust-04649,Customer 04649,15,1198.71,1,0,21.8,52,premium,6,4,0,17.8,18,16.5,0,0
cust-04650,Customer 04650,20,239.57,1,0,0.6,14,basic,6,22,10,-8.9,19,59.6,2,0
cust-04651,Customer 04651,14,181.67,2,0,20.2,0,basic,11,12,0,21.9,25,55.5,2,0
cust-04652,Customer 04652,6,227.58,0,1,-10.7,87,basic,26,4,0,-11.0,47,10.5,1,0
cust-04653,Customer 04653,37,210.89,4,1,1.0,59,basic,9,1,0,-3.9,21,66.9,2,0
cust-04654,Customer 04654,46,108.9,1,0,-32.6,32,basic,23,39,0,-36.9,50,79.1,3,0
cust-04655,Customer 04655,22,538.29,0,1,-7.7,32,standard,18,18,10,13.8,46,84.0,1,0
cust-04656,Customer 04656,9,226.53,0,0,-20.9,60,basic,36,13,0,-8.8,39,67.7,0,0
cust-04657,Customer 04657,21,389.06,6,1,30.0,59,standard,11,37,5,39.3,32,80.0,0,0
cust-04658,Customer 04658,21,1207.42,3,0,11.3,70,premium,11,10,10,29.2,22,40.9,2,0
cust-04659,Customer 04659,27,492.41,2,0,-6.8,20,standard,38,3,10,-9.8,31,51.1,1,1
cust-04660,Customer 04660,17,433.63,5,0,-29.3,56,standard,21,4,10,-31.6,30,69.4,1,0
cust-04661,Customer 04661,31,458.98,1,1,-7.3,42,standard,3,13,0,-21.6,2,67.3,0,0
cust-04662,Customer 04662,12,279.58,0,1,-14.1,79,standard,6,12,0,-16.1,31,73.1,0,0
cust-04663,Customer 04663,32,172.13,3,0,-6.0,51,basic,11,13,0,-6.4,37,100,1,0
cust-04664,Customer 04664,15,1011.0,3,0,19.2,56,premium,9,21,10,21.3,22,67.3,0,0
cust-04665,Customer 04665,42,377.43,3,0,8.3,53,standard,9,33,10,14.2,1,62.8,0,0
cust-04666,Customer 04666,45,296.92,3,2,21.4,36,standard,6,0,0,15.8,17,28.1,0,0
cust-04667,Customer 04667,17,1220.99,1,1,0.7,61,premium,17,7,10,-7.2,26,72.8,2,0
cust-04668,Customer 04668,27,208.28,1,1,-9.9,42,basic,13,0,15,-11.7,45,65.2,0,0
cust-04669,Customer 04669,15,207.03,2,0,-18.2,78,basic,43,0,0,-18.3,70,66.3,0,0
cust-04670,Customer 04670,4,146.08,1,0,19.7,71,basic,8,17,0,12.6,68,94.5,1,0
cust-04671,Customer 04671,35,191.52,0,0,8.3,72,basic,15,7,5,5.6,65,73.4,0,0
cust-04672,Customer 04672,22,1133.37,3,0,-26.8,48,premium,27,16,0,-10.4,15,79.1,0,0
cust-04673,Customer 04673,18,178.04,3,1,-6.1,31,basic,7,11,10,-11.2,14,42.4,1,1
cust-04674,Customer 04674,25,220.96,0,0,45,62,basic,38,19,0,42.9,52,49.1,1,0
cust-04675,Customer 04675,29,114.18,0,0,25.3,80,basic,4,6,0,26.3,44,84.3,0,0
cust-04676,Customer 04676,9,655.41,0,3,20.9,12,standard,13,5,10,11.2,26,88.5,1,0
cust-04677,Customer 04677,35,1302.88,1,1,-10.1,26,premium,51,0,0,-15.1,24,31.9,0,0
cust-04678,Customer 04678,14,256.75,7,0,40.7,7,standard,6,10,0,35.5,59,51.3,1,0
cust-04679,Customer 04679,4,135.73,4,0,-15.9,52,basic,9,6,0,-19.6,23,28.8,2,1
cust-04680,Customer 04680,25,876.99,2,2,6.3,57,premium,12,5,0,-15.0,17,82.6,0,0
cust-04681,Customer 04681,67,396.17,2,3,-12.5,83,standard,12,0,0,-1.7,48,69.5,0,0
cust-04682,Customer 04682,14,568.33,0,0,-35.0,15,premium,43,7,10,-31.6,50,30.5,2,1
cust-04683,Customer 04683,25,1211.43,0,0,-33.6,64,premium,27,10,5,-41.7,57,63.8,1,0
cust-04684,Customer 04684,57,278.1,1,0,-24.2,54,standard,2,30,0,-27.0,20,65.4,0,0
cust-04685,Customer 04685,13,155.8,0,0,-11.7,56,basic,37,13,0,-17.9,63,30.8,2,0
cust-04686,Customer 04686,62,1783.65,0,0,-8.8,36,premium,38,12,0,-3.5,76,49.7,1,0
cust-04687,Customer 04687,22,152.7,4,0,-7.8,47,basic,38,13,0,-0.1,6,45.9,0,0
cust-04688,Customer 04688,6,124.59,4,1,-8.2,48,basic,18,0,5,-10.4,26,45.8,0,0
cust-04689,Customer 04689,19,138.87,8,2,16.2,39,basic,12,12,0,14.1,51,50.3,1,0
cust-04690,Customer 04690,22,530.08,0,0,-14.3,94,standard,11,12,0,-22.7,60,30.1,3,0
cust-04691,Customer 04691,22,515.12,3,0,9.9,44,standard,20,0,5,3.5,67,51.4,0,0
cust-04692,Customer 04692,48,1303.72,0,1,8.4,47,premium,40,10,0,12.7,46,50.3,1,0
cust-04693,Customer 04693,17,200.58,0,0,-18.0,73,basic,11,10,0,-12.3,54,42.2,1,0
cust-04694,Customer 04694,36,304.93,1,2,-17.2,66,standard,2,20,0,-11.5,26,46.0,0,0
cust-04695,Customer 04695,21,169.72,0,0,-2.1,71,basic,7,13,0,-7.0,85,50.1,0,0
cust-04696,Customer 04696,28,318.38,0,1,19.9,58,standard,11,1,5,14.0,58,69.9,2,0
cust-04697,Customer 04697,21,537.61,6,0,-14.2,41,standard,18,10,5,-3.0,70,96.6,0,0
cust-04698,Customer 04698,35,1052.17,0,0,-11.7,48,premium,15,2,0,-6.8,79,56.4,3,0
cust-04699,Customer 04699,12,1179.65,0,0,-66.2,43,premium,27,0,0,-61.0,46,85.9,0,0
cust-04700,Customer 04700,17,82.93,1,0,-18.8,89,basic,34,0,10,-18.1,9,54.8,0,0
cust-04701,Customer 04701,47,209.34,4,4,11.2,31,standard,15,16,5,-9.7,7,51.9,1,0
cust-04702,Customer 04702,19,1167.17,0,0,2.0,61,premium,27,3,10,3.9,78,50.2,1,0
cust-04703,Customer 04703,20,517.14,0,0,45,9,standard,7,14,10,38.3,32,42.7,2,1
cust-04704,Customer 04704,23,1404.75,1,0,26.7,48,premium,25,26,0,29.8,15,23.4,2,0
cust-04705,Customer 04705,40,156.57,3,0,17.4,-17,basic,13,28,0,26.8,5,17.9,2,1
cust-04706,Customer 04706,17,156.28,1,0,-4.1,20,basic,19,0,10,-13.1,13,54.9,0,0
cust-04707,Customer 04707,61,195.76,3,0,44.6,57,basic,14,0,15,50,8,46.6,1,0
cust-04708,Customer 04708,71,242.77,2,0,6.9,49,basic,15,10,0,12.8,20,68.4,2,0
cust-04709,Customer 04709,34,398.79,5,0,30.9,19,standard,3,23,10,31.5,20,62.4,0,0
cust-04710,Customer 04710,59,466.92,0,1,-32.2,33,standard,22,13,20,-45.7,85,68.3,0,0
cust-04711,Customer 04711,57,203.96,9,1,-7.0,39,basic,8,16,10,-17.4,22,36.1,0,0
cust-04712,Customer 04712,11,193.48,5,0,-3.8,48,basic,10,25,0,-18.4,11,56.2,0,0
cust-04713,Customer 04713,16,174.82,0,0,33.9,55,basic,5,19,0,41.3,82,54.1,0,0
cust-04714,Customer 04714,13,1067.5,0,1,5.8,19,premium,37,0,0,-5.4,38,50.9,0,0
cust-04715,Customer 04715,31,1249.68,4,0,12.2,95,premium,20,4,15,3.3,52,85.4,0,0
cust-04716,Customer 04716,12,314.34,0,0,-26.6,53,standard,49,15,10,-14.0,48,5,1,0
cust-04717,Customer 04717,21,117.66,1,0,11.7,58,basic,24,13,5,32.2,32,44.5,0,0
cust-04718,Customer 04718,44,399.99,1,1,0.0,44,standard,11,13,10,-3.4,33,35.0,0,0
cust-04719,Customer 04719,54,949.66,1,3,-11.3,41,premium,12,0,0,-12.5,80,34.6,0,0
cust-04720,Customer 04720,27,401.54,3,0,-53.6,42,standard,38,5,5,-57.1,23,43.0,1,0
cust-04721,Customer 04721,20,232.18,1,1,14.0,36,standard,39,8,5,5.5,11,39.9,0,0
cust-04722,Customer 04722,20,124.67,1,0,-1.3,58,basic,23,11,0,8.6,26,21.8,0,0
cust-04723,Customer 04723,6,272.66,0,0,-0.5,25,standard,18,4,0,4.8,26,24.6,0,1
cust-04724,Customer 04724,34,307.48,0,0,-6.0,33,standard,27,0,0,-4.0,62,63.3,0,0
cust-04725,Customer 04725,13,506.67,1,3,-7.2,27,standard,33,26,0,-0.8,13,52.5,1,1
cust-04726,Customer 04726,38,162.28,0,0,-12.7,14,basic,11,14,10,-7.3,59,60.5,1,1
cust-04727,Customer 04727,39,114.74,0,0,10.2,76,basic,13,7,15,2.1,70,83.5,1,0
cust-04728,Customer 04728,33,243.19,3,0,-1.1,43,basic,16,5,10,1.7,12,100,1,0
cust-04729,Customer 04729,18,142.0,0,0,-30.6,61,basic,10,15,0,-40.4,71,84.6,1,1
cust-04730,Customer 04730,59,490.49,2,2,-1.0,37,standard,16,16,0,10.7,2,84.0,0,0
cust-04731,Customer 04731,11,211.79,0,0,-12.3,23,standard,27,16,10,-5.9,59,91.8,2,0
cust-04732,Customer 04732,23,224.02,0,0,-6.4,25,basic,4,31,5,-15.0,37,100,0,0
cust-04733,Customer 04733,19,100.29,4,0,7.8,95,basic,30,8,0,22.9,17,26.8,1,0
cust-04734,Customer 04734,51,885.85,2,0,6.1,77,premium,19,0,10,13.8,32,65.7,0,0
cust-04735,Customer 04735,26,149.27,1,0,-10.8,60,basic,14,13,15,-26.3,30,27.0,0,0
cust-04736,Customer 04736,18,195.03,5,1,45,-11,basic,18,21,10,50,16,48.9,0,1
cust-04737,Customer 04737,21,278.1,1,0,-32.2,35,standard,34,26,0,-37.3,41,100,1,0
cust-04738,Customer 04738,53,223.36,1,1,-3.6,45,basic,9,15,0,-12.3,52,42.2,0,0
cust-04739,Customer 04739,38,887.01,3,0,18.1,74,premium,10,20,0,26.7,70,48.2,0,0
cust-04740,Customer 04740,9,211.86,7,0,-41.1,12,standard,20,10,0,-45.9,28,56.5,2,1
cust-04741,Customer 04741,33,129.74,1,0,8.4,39,basic,26,16,0,-10.0,10,44.1,0,0
cust-04742,Customer 04742,7,1317.25,0,0,-25.7,78,premium,14,22,0,-27.6,35,64.7,0,0
cust-04743,Customer 04743,3,166.48,3,2,-14.9,69,basic,15,17,0,-14.1,46,79.2,0,0
cust-04744,Customer 04744,72,1465.16,2,0,21.4,89,premium,7,9,0,31.2,23,64.0,1,0
cust-04745,Customer 04745,17,546.16,3,1,-4.1,16,standard,16,5,20,-12.9,29,61.0,1,1
cust-04746,Customer 04746,22,155.89,1,0,-20.3,30,basic,7,2,0,-15.8,47,83.5,2,0
cust-04747,Customer 04747,32,144.27,2,0,-0.2,49,basic,11,20,5,-5.4,24,61.5,1,0
cust-04748,Customer 04748,12,234.86,1,0,-28.8,29,basic,17,10,10,-41.5,24,55.6,1,0
cust-04749,Customer 04749,6,875.4,5,0,10.0,31,premium,19,0,0,4.7,41,36.4,0,0
cust-04750,Customer 04750,7,333.71,5,0,-8.1,55,standard,12,19,0,-20.1,9,62.0,0,0
cust-04751,Customer 04751,1,163.04,6,0,-1.4,45,basic,7,0,0,-9.8,30,61.0,0,0
cust-04752,Customer 04752,54,439.33,0,3,20.8,79,standard,11,5,0,21.9,78,51.6,1,0
cust-04753,Customer 04753,36,403.17,3,0,-35.3,37,standard,17,23,0,-42.4,90,86.7,1,0
cust-04754,Customer 04754,24,416.7,12,0,28.1,45,standard,33,22,0,33.2,7,29.0,0,1
cust-04755,Customer 04755,17,684.16,1,0,-16.4,45,premium,22,22,5,-20.4,20,33.4,0,1
cust-04756,Customer 04756,65,179.88,3,0,4.5,56,basic,6,1,15,3.4,22,19.1,1,0
cust-04757,Customer 04757,34,156.56,3,0,23.4,35,basic,11,11,0,19.4,54,99.0,2,0
cust-04758,Customer 04758,23,164.78,0,2,19.6,46,basic,4,30,5,20.6,46,50.4,2,0
cust-04759,Customer 04759,18,252.14,0,1,9.9,53,standard,19,27,10,17.3,36,20.4,1,0
cust-04760,Customer 04760,12,543.0,0,0,-12.5,28,standard,28,1,10,-13.3,85,79.8,1,0
cust-04761,Customer 04761,25,1021.72,1,0,20.3,12,premium,31,11,0,22.5,14,71.1,1,0
cust-04762,Customer 04762,36,171.14,0,0,3.4,95,basic,22,10,5,1.7,67,50.9,2,0
cust-04763,Customer 04763,47,449.66,0,0,2.6,42,standard,24,14,0,-7.1,28,46.8,0,0
cust-04764,Customer 04764,12,309.12,2,0,41.6,52,standard,7,23,5,49.5,25,48.9,1,0
cust-04765,Customer 04765,25,398.4,0,0,-50.6,23,standard,33,12,5,-49.6,71,33.2,1,0
cust-04766,Customer 04766,11,257.12,0,2,-8.0,22,basic,14,37,0,-4.8,34,77.6,1,1
cust-04767,Customer 04767,72,464.14,4,2,-19.9,35,standard,9,2,0,-34.8,90,63.6,0,0
cust-04768,Customer 04768,34,160.22,12,0,14.7,74,basic,24,19,0,7.0,41,70.7,1,0
cust-04769,Customer 04769,57,395.12,2,0,-54.1,67,standard,76,0,15,-53.2,24,30.6,2,0
cust-04770,Customer 04770,4,468.05,1,0,-5.3,46,standard,14,18,10,-17.2,4,31.2,1,1
cust-04771,Customer 04771,36,111.23,3,0,-33.5,95,basic,38,15,10,-37.2,13,22.4,0,0
cust-04772,Customer 04772,45,352.57,1,3,-57.2,44,standard,19,8,0,-58.3,44,50.9,1,0
cust-04773,Customer 04773,23,1059.66,5,1,-17.0,69,premium,16,5,0,-16.1,20,68.7,1,0
cust-04774,Customer 04774,72,1267.02,1,1,-6.6,6,premium,1,0,15,-5.0,67,23.8,0,0
cust-04775,Customer 04775,66,119.64,3,2,-8.4,42,basic,4,0,0,-23.7,62,83.9,0,0
cust-04776,Customer 04776,8,365.21,0,2,-1.6,39,standard,19,19,15,1.7,40,25.7,1,0
cust-04777,Customer 04777,5,925.62,1,0,-8.6,88,premium,8,4,10,2.2,21,49.4,0,0
cust-04778,Customer 04778,17,1487.39,0,0,20.3,64,premium,10,4,0,12.6,74,42.5,0,0
cust-04779,Customer 04779,13,219.18,0,0,-1.6,65,basic,12,20,0,-11.0,65,45.5,0,0
cust-04780,Customer 04780,30,302.88,0,0,22.9,78,basic,7,0,0,21.0,57,77.2,2,0
cust-04781,Customer 04781,45,872.44,4,1,8.7,79,premium,25,15,15,6.9,10,75.9,2,0
cust-04782,Customer 04782,39,167.76,1,0,16.0,47,basic,18,0,5,12.4,25,78.4,0,0
cust-04783,Customer 04783,22,650.1,1,0,-8.8,51,premium,38,1,0,-6.6,55,53.7,1,0
cust-04784,Customer 04784,11,170.36,12,0,0.7,73,basic,4,6,0,10.8,7,63.3,0,0
cust-04785,Customer 04785,6,123.97,0,0,8.0,92,basic,11,21,10,2.8,68,29.1,0,0
cust-04786,Customer 04786,5,181.86,1,0,16.7,45,basic,8,34,0,22.2,19,5,1,0
cust-04787,Customer 04787,20,156.62,1,0,-3.0,72,basic,68,4,0,8.0,51,94.4,0,0
cust-04788,Customer 04788,52,164.88,6,1,-4.1,41,basic,1,0,0,2.2,28,26.4,1,0
cust-04789,Customer 04789,30,150.59,11,1,7.0,67,basic,14,11,5,-14.0,30,70.8,1,0
cust-04790,Customer 04790,23,315.14,2,0,19.4,-2,standard,17,10,5,20.2,32,63.2,1,0
cust-04791,Customer 04791,27,338.24,1,1,5.9,93,standard,7,0,0,10.0,29,34.0,2,0
cust-04792,Customer 04792,7,122.16,0,2,-6.4,72,basic,23,0,0,-4.3,88,80.3,3,0
cust-04793,Customer 04793,61,295.17,0,2,-12.0,60,standard,21,23,0,-9.2,73,62.2,1,0
cust-04794,Customer 04794,23,1499.19,1,0,-2.4,38,premium,2,5,5,3.8,20,64.2,1,0
cust-04795,Customer 04795,54,1034.42,2,2,-6.2,52,premium,8,12,10,-6.4,31,42.1,0,0
cust-04796,Customer 04796,44,106.69,0,0,-1.0,67,basic,21,3,0,-7.1,43,70.5,2,0
cust-04797,Customer 04797,58,407.68,0,1,-56.5,57,standard,31,0,5,-59.5,81,69.7,0,1
cust-04798,Customer 04798,28,167.34,1,1,-37.7,25,basic,83,4,5,-37.6,11,11.3,0,1
cust-04799,Customer 04799,48,193.41,4,0,28.3,34,basic,11,18,0,30.9,14,49.8,0,0
cust-04800,Customer 04800,29,118.4,0,0,-30.8,61,basic,25,15,15,-32.1,38,67.8,1,0
cust-04801,Customer 04801,3,385.77,2,0,-24.4,28,standard,6,5,5,-19.3,4,21.9,0,0
cust-04802,Customer 04802,10,154.26,6,0,-7.4,29,basic,19,0,0,-19.3,90,23.1,0,0
cust-04803,Customer 04803,1,1745.23,1,0,-13.0,45,premium,12,6,5,3.0,48,42.6,0,0
cust-04804,Customer 04804,72,215.12,0,0,14.3,60,basic,48,1,0,28.8,64,55.1,0,0
cust-04805,Customer 04805,24,129.09,1,1,-9.5,52,basic,20,15,5,4.4,7,100,2,0
cust-04806,Customer 04806,44,1191.78,2,0,17.4,45,premium,17,8,0,10.3,60,59.1,0,0
cust-04807,Customer 04807,25,191.73,0,0,0.5,22,basic,12,7,5,6.0,25,9.6,2,0
cust-04808,Customer 04808,13,411.06,0,0,-22.9,58,standard,24,39,15,-23.0,37,100,0,0
cust-04809,Customer 04809,31,482.4,0,3,-9.8,74,standard,13,23,5,-10.9,31,72.6,3,0
cust-04810,Customer 04810,52,196.41,2,0,45,60,standard,5,5,15,50,47,51.4,0,0
cust-04811,Customer 04811,26,353.76,1,0,1.4,32,standard,18,21,0,7.2,5,93.1,0,0
cust-04812,Customer 04812,23,98.82,0,0,7.6,67,basic,11,22,10,3.1,88,49.3,2,0
cust-04813,Customer 04813,3,188.14,5,1,4.9,11,standard,55,16,10,3.3,43,74.8,1,1
cust-04814,Customer 04814,33,354.73,0,0,-1.6,82,standard,50,12,15,2.0,60,5.2,1,0
cust-04815,Customer 04815,35,557.91,0,0,6.7,52,standard,24,2,0,-1.2,66,64.1,1,0
cust-04816,Customer 04816,43,874.31,0,1,-5.7,39,premium,21,6,5,-19.8,88,70.5,0,0
cust-04817,Customer 04817,7,147.1,1,2,-17.6,77,basic,15,22,0,-4.0,23,59.6,0,0
cust-04818,Customer 04818,11,1130.84,0,0,27.4,6,premium,17,6,0,26.8,34,53.1,2,0
cust-04819,Customer 04819,23,393.92,0,1,6.5,31,standard,21,17,5,6.8,90,60.8,3,1
cust-04820,Customer 04820,22,451.66,1,2,2.7,56,standard,12,19,5,-3.0,90,56.9,0,1
cust-04821,Customer 04821,32,250.51,2,1,0.1,15,standard,16,5,0,0.7,35,38.9,3,1
cust-04822,Customer 04822,8,426.57,9,0,-27.9,91,standard,14,0,0,-26.0,8,58.9,2,0
cust-04823,Customer 04823,41,493.57,5,3,23.4,48,standard,13,0,10,10.4,19,90.8,0,0
cust-04824,Customer 04824,6,163.41,2,0,-20.9,95,basic,44,4,10,-17.8,29,28.6,2,0
cust-04825,Customer 04825,32,303.85,0,2,-15.0,53,basic,83,15,10,-7.5,41,63.1,0,0
cust-04826,Customer 04826,21,218.92,5,0,-15.7,25,basic,39,29,10,5.9,60,61.5,1,0
cust-04827,Customer 04827,7,880.93,0,2,3.2,65,premium,10,10,15,4.3,77,41.0,1,0
cust-04828,Customer 04828,15,760.06,0,0,-20.9,38,premium,18,7,0,-17.4,37,67.9,0,0
cust-04829,Customer 04829,5,367.97,3,1,-26.8,53,standard,27,11,10,-19.2,3,78.0,1,0
cust-04830,Customer 04830,14,239.88,4,0,19.6,35,standard,10,35,0,25.9,24,25.0,1,0
cust-04831,Customer 04831,9,602.92,0,1,39.9,62,standard,21,14,0,39.4,62,77.6,1,0
cust-04832,Customer 04832,72,152.35,1,0,0.3,22,basic,2,11,0,-10.2,7,35.1,0,0
cust-04833,Customer 04833,20,140.07,0,1,-24.4,42,basic,28,9,0,-31.2,59,53.4,0,0
cust-04834,Customer 04834,16,480.3,0,3,-7.0,95,standard,10,7,0,-12.4,63,52.2,0,0
cust-04835,Customer 04835,65,542.46,0,0,-7.0,46,standard,10,20,0,-12.5,54,70.3,0,0
cust-04836,Customer 04836,27,1262.33,1,0,9.0,58,premium,16,24,20,4.0,86,73.3,0,0
cust-04837,Customer 04837,1,419.76,6,0,35.9,42,standard,8,15,0,26.7,60,81.3,1,0
cust-04838,Customer 04838,17,479.28,7,0,10.1,55,standard,15,11,0,7.4,50,63.3,0,0
cust-04839,Customer 04839,7,742.41,3,1,26.8,46,premium,49,0,0,30.8,64,78.9,0,0
cust-04840,Customer 04840,30,536.85,4,1,45,47,standard,33,8,0,45.3,23,41.2,1,0
cust-04841,Customer 04841,30,349.69,4,1,8.0,84,standard,8,29,5,3.4,48,23.3,0,0
cust-04842,Customer 04842,49,259.34,4,0,5.5,61,standard,21,9,5,9.7,13,32.4,0,0
cust-04843,Customer 04843,6,578.96,3,0,10.8,24,standard,8,2,0,15.1,21,62.3,1,1
cust-04844,Customer 04844,20,781.86,0,0,30.2,53,premium,19,8,0,23.4,40,27.3,0,0
cust-04845,Customer 04845,11,184.85,12,4,-40.8,46,basic,50,3,0,-27.7,20,60.8,2,1
cust-04846,Customer 04846,19,430.2,1,1,-24.4,29,standard,16,11,15,-21.0,10,74.7,0,0
cust-04847,Customer 04847,10,218.63,12,2,-1.9,56,standard,10,12,10,3.6,57,54.1,1,0
cust-04848,Customer 04848,23,993.53,1,2,-23.4,19,premium,13,13,0,-13.8,8,55.0,2,0
cust-04849,Customer 04849,18,402.88,1,1,-0.6,66,standard,13,1,15,6.0,9,5,0,0
cust-04850,Customer 04850,7,786.14,4,1,2.5,29,premium,25,8,0,0.4,19,62.1,0,1
cust-04851,Customer 04851,43,293.28,3,0,-3.4,11,standard,7,14,5,-18.4,40,66.1,1,0
cust-04852,Customer 04852,10,189.58,5,0,-9.2,50,basic,4,28,0,-6.7,9,42.8,1,1
cust-04853,Customer 04853,5,140.03,1,0,-9.7,24,basic,10,10,0,-25.1,33,91.1,0,0
cust-04854,Customer 04854,23,205.57,3,0,-3.8,44,basic,31,32,5,-6.2,19,5,1,0
cust-04855,Customer 04855,16,173.1,1,0,10.2,41,basic,13,10,0,18.4,8,34.1,0,0
cust-04856,Customer 04856,39,1117.78,1,0,41.8,68,premium,10,13,0,41.0,76,61.6,2,0
cust-04857,Customer 04857,3,408.49,0,0,-27.2,33,standard,14,19,0,-35.7,33,74.3,2,1
cust-04858,Customer 04858,13,414.66,2,0,-39.8,59,standard,25,17,5,-45.2,34,78.7,3,0
cust-04859,Customer 04859,28,167.52,2,1,-0.5,25,basic,18,12,0,15.7,7,93.6,2,0
cust-04860,Customer 04860,11,207.55,4,0,16.6,20,basic,34,4,0,10.9,17,41.8,1,0
cust-04861,Customer 04861,21,184.7,0,0,-43.4,28,basic,33,11,0,-42.1,84,61.2,2,0
cust-04862,Customer 04862,20,243.38,2,0,0.3,8,basic,16,0,0,-2.8,2,59.9,0,0
cust-04863,Customer 04863,44,1045.57,0,0,-13.1,16,premium,9,0,0,-26.9,27,40.7,0,0
cust-04864,Customer 04864,16,432.98,1,0,-38.4,64,standard,26,3,0,-45.8,46,44.2,1,0
cust-04865,Customer 04865,1,535.77,1,0,0.0,34,standard,15,19,0,-4.6,25,56.7,1,0
cust-04866,Customer 04866,2,379.66,3,0,-10.2,75,standard,15,9,10,-8.4,21,27.1,0,0
cust-04867,Customer 04867,24,452.64,0,2,-38.1,40,standard,30,22,0,-43.3,29,27.4,1,1
cust-04868,Customer 04868,9,592.54,1,0,18.2,37,standard,13,0,0,9.7,8,57.7,0,0
cust-04869,Customer 04869,31,443.66,4,0,18.6,61,standard,10,12,10,31.5,18,59.1,0,0
cust-04870,Customer 04870,22,215.54,3,0,11.0,21,basic,16,0,10,5.2,90,59.6,1,0
cust-04871,Customer 04871,34,336.62,0,0,-37.4,27,standard,23,12,0,-27.9,59,68.9,2,1
cust-04872,Customer 04872,9,198.66,4,1,-39.9,31,basic,24,15,0,-23.9,18,73.0,2,0
cust-04873,Customer 04873,19,558.85,1,1,-27.8,45,standard,7,29,20,-28.6,28,51.2,1,1
cust-04874,Customer 04874,11,98.4,3,0,2.2,83,basic,9,18,0,-3.3,38,62.2,3,1
cust-04875,Customer 04875,21,119.09,3,2,-27.6,95,basic,49,2,0,-22.2,64,70.3,0,0
cust-04876,Customer 04876,9,335.82,1,0,-13.8,39,standard,26,10,5,-6.4,25,79.6,0,0
cust-04877,Customer 04877,52,163.71,1,1,8.5,34,basic,2,8,0,8.8,9,36.4,2,0
cust-04878,Customer 04878,14,211.18,6,0,-17.7,33,basic,29,10,10,-9.7,28,24.3,2,0
cust-04879,Customer 04879,35,81.73,0,1,23.0,90,basic,10,12,5,21.4,78,55.5,0,0
cust-04880,Customer 04880,33,317.69,2,1,-9.3,71,standard,15,6,5,-9.5,41,62.0,0,0
cust-04881,Customer 04881,46,488.64,0,0,31.5,70,standard,34,10,0,21.5,88,77.4,0,0
cust-04882,Customer 04882,34,386.77,2,2,3.8,44,standard,7,2,15,13.7,31,100,0,0
cust-04883,Customer 04883,37,361.16,0,1,5.8,36,standard,14,16,15,16.1,62,77.2,0,0
cust-04884,Customer 04884,38,201.2,2,0,15.5,95,basic,10,0,0,14.5,14,22.3,1,0
cust-04885,Customer 04885,4,106.08,1,2,12.6,51,basic,9,18,10,5.4,24,73.4,1,0
cust-04886,Customer 04886,25,281.01,1,0,19.8,28,standard,2,16,0,11.6,6,55.3,0,0
cust-04887,Customer 04887,26,149.28,0,0,-53.3,24,basic,17,20,0,-45.0,79,53.9,1,1
cust-04888,Customer 04888,33,1272.16,0,0,12.1,38,premium,11,21,0,29.0,39,73.0,0,0
cust-04889,Customer 04889,26,133.39,0,0,-14.5,19,basic,28,0,10,-13.4,27,50.4,1,1
cust-04890,Customer 04890,60,829.27,0,0,-25.4,67,premium,38,0,0,-19.8,57,27.1,2,0
cust-04891,Customer 04891,51,617.25,2,1,-15.1,46,premium,12,0,0,-19.6,52,74.6,0,0
cust-04892,Customer 04892,2,201.07,1,0,11.1,34,basic,28,11,15,11.1,33,65.6,0,1
cust-04893,Customer 04893,14,396.69,0,0,-1.4,76,standard,44,26,0,-12.8,77,34.4,2,0
cust-04894,Customer 04894,11,190.83,3,1,-0.8,94,basic,15,0,10,-4.2,32,35.0,1,0
cust-04895,Customer 04895,5,375.02,4,0,2.7,93,standard,13,19,5,-2.2,3,57.0,0,0
cust-04896,Customer 04896,46,380.57,2,1,2.8,20,standard,5,17,10,9.8,4,43.2,0,1
cust-04897,Customer 04897,33,104.45,0,0,18.2,67,basic,5,22,0,16.0,31,38.6,1,0
cust-04898,Customer 04898,15,325.7,2,0,-11.7,95,standard,3,7,0,-4.4,7,60.5,0,0
cust-04899,Customer 04899,10,1493.51,0,0,-9.1,68,premium,36,0,0,-14.2,69,12.8,1,0
cust-04900,Customer 04900,46,135.88,5,0,-13.0,26,basic,24,7,15,-7.4,19,58.5,1,1
cust-04901,Customer 04901,31,171.48,2,0,-15.8,95,basic,32,18,10,-22.8,16,100.0,0,0
cust-04902,Customer 04902,14,953.18,0,0,-36.8,72,premium,25,10,10,-43.2,26,39.1,1,0
cust-04903,Customer 04903,26,356.65,0,1,-33.8,33,standard,49,25,0,-20.7,44,66.8,0,0
cust-04904,Customer 04904,14,89.58,0,1,-27.2,56,basic,30,6,5,-19.7,25,33.0,2,0
cust-04905,Customer 04905,12,135.35,3,0,-10.2,61,basic,20,8,20,-7.9,5,70.8,1,0
cust-04906,Customer 04906,50,101.21,0,0,-0.0,16,basic,25,5,5,-6.5,47,48.3,1,0
cust-04907,Customer 04907,31,194.53,1,1,-12.1,27,standard,14,1,0,-5.5,19,55.3,0,0
cust-04908,Customer 04908,4,560.4,2,0,-68.3,43,premium,29,11,10,-75,19,59.9,1,0
cust-04909,Customer 04909,4,215.04,6,0,-14.4,83,basic,11,18,10,-15.8,30,54.8,1,0
cust-04910,Customer 04910,32,181.82,1,1,-12.2,46,basic,34,32,5,-27.5,4,13.7,1,1
cust-04911,Customer 04911,28,218.29,0,0,-6.5,32,basic,2,12,15,-16.6,63,47.1,2,0
cust-04912,Customer 04912,41,280.63,0,2,8.4,52,standard,21,6,0,14.1,78,39.2,1,0
cust-04913,Customer 04913,16,1456.26,1,0,-31.2,30,premium,26,7,10,-30.3,18,39.0,1,0
cust-04914,Customer 04914,12,413.36,1,0,2.9,69,standard,17,8,0,-11.8,6,41.7,1,0
cust-04915,Customer 04915,72,183.47,0,0,-23.8,79,basic,43,18,10,-28.3,57,66.8,0,0
cust-04916,Customer 04916,8,704.65,1,0,5.5,66,premium,13,19,10,-1.1,36,50.2,0,0
cust-04917,Customer 04917,44,173.34,3,1,8.0,66,basic,5,6,5,-7.7,36,40.6,1,0
cust-04918,Customer 04918,46,114.17,1,0,-33.7,65,basic,43,8,0,-32.4,34,100,0,0
cust-04919,Customer 04919,31,364.6,1,0,4.8,31,standard,12,4,5,2.8,24,58.9,0,0
cust-04920,Customer 04920,17,458.26,0,0,19.4,84,standard,37,15,0,14.0,40,30.0,3,0
cust-04921,Customer 04921,14,450.41,4,4,-33.8,81,standard,23,22,10,-34.6,53,48.7,1,1
cust-04922,Customer 04922,38,1389.77,0,0,-2.1,65,premium,32,10,5,3.2,38,89.4,1,0
cust-04923,Customer 04923,3,175.9,0,0,3.5,52,basic,15,5,10,-0.6,70,60.9,1,0
cust-04924,Customer 04924,21,591.76,0,1,20.6,74,standard,13,16,10,27.5,83,61.5,0,0
cust-04925,Customer 04925,33,340.43,0,0,-0.3,59,standard,5,13,5,-6.2,80,79.1,1,0
cust-04926,Customer 04926,63,677.18,4,0,0.9,6,premium,28,10,0,-0.6,14,59.5,0,0
cust-04927,Customer 04927,16,347.77,3,1,17.4,51,standard,10,0,0,33.0,33,78.6,1,0
cust-04928,Customer 04928,38,185.96,3,0,-33.1,28,basic,16,4,10,-38.5,32,54.5,1,0
cust-04929,Customer 04929,42,304.02,0,0,-5.2,76,standard,10,9,0,2.5,85,76.8,3,0
cust-04930,Customer 04930,31,1284.34,0,2,-28.6,49,premium,9,32,0,-33.4,54,72.8,0,0
cust-04931,Customer 04931,30,94.97,4,0,-3.1,84,basic,20,18,0,5.7,11,51.9,2,0
cust-04932,Customer 04932,9,134.17,2,0,21.6,50,basic,13,6,0,13.1,10,72.5,0,0
cust-04933,Customer 04933,5,325.78,0,1,9.9,62,standard,10,0,0,-3.7,69,40.1,1,0
cust-04934,Customer 04934,4,737.52,1,0,12.4,88,premium,9,3,0,0.3,44,76.3,3,0
cust-04935,Customer 04935,12,124.41,1,0,-24.2,53,basic,26,23,0,-18.9,12,81.4,0,0
cust-04936,Customer 04936,38,232.14,1,0,25.9,62,basic,11,18,5,25.5,31,89.1,2,0
cust-04937,Customer 04937,26,253.88,1,0,7.0,65,basic,4,38,0,7.8,70,30.7,2,0
cust-04938,Customer 04938,13,354.21,9,0,12.5,39,standard,19,20,0,21.2,34,47.7,0,0
cust-04939,Customer 04939,30,350.57,1,0,-17.2,75,standard,4,13,10,-19.0,36,47.1,0,0
cust-04940,Customer 04940,14,159.84,1,1,24.4,85,basic,12,19,5,25.7,33,72.4,0,0
cust-04941,Customer 04941,12,201.48,0,0,-7.1,30,basic,25,0,10,2.8,79,42.0,1,0
cust-04942,Customer 04942,18,356.87,3,0,-13.6,31,standard,22,22,0,-21.1,71,86.8,1,0
cust-04943,Customer 04943,50,122.21,0,0,35.4,45,basic,12,1,10,38.0,80,88.0,0,0
cust-04944,Customer 04944,24,108.11,1,0,-3.5,64,basic,10,18,0,0.1,75,55.1,2,0
cust-04945,Customer 04945,38,976.06,0,0,9.2,57,premium,4,0,0,12.3,47,86.7,0,0
cust-04946,Customer 04946,25,137.2,3,2,-8.7,94,basic,67,0,0,-13.3,63,69.5,2,0
cust-04947,Customer 04947,36,972.64,4,0,16.0,59,premium,10,3,10,21.1,14,65.8,0,0
cust-04948,Customer 04948,14,1073.21,1,0,22.7,19,premium,6,7,10,19.8,9,85.6,0,0
cust-04949,Customer 04949,18,285.76,4,0,-0.1,28,standard,8,24,10,-13.6,20,11.4,1,0
cust-04950,Customer 04950,8,97.5,0,1,-7.5,66,basic,8,3,15,-10.2,39,100,1,0
cust-04951,Customer 04951,28,111.47,1,0,-29.1,42,basic,38,24,15,-28.1,26,62.2,1,0
cust-04952,Customer 04952,21,88.67,3,0,-20.8,57,basic,9,4,0,-24.3,26,77.7,1,0
cust-04953,Customer 04953,9,1149.95,0,0,2.2,39,premium,12,0,5,3.8,37,36.5,0,0
cust-04954,Customer 04954,20,104.59,4,0,33.1,34,basic,33,24,5,20.3,22,13.0,0,0
cust-04955,Customer 04955,37,643.97,9,1,45,45,premium,8,0,5,44.2,16,83.8,2,0
cust-04956,Customer 04956,67,384.97,8,1,-21.4,50,standard,4,28,10,-18.8,17,42.3,1,0
cust-04957,Customer 04957,2,372.07,0,1,-25.0,24,standard,8,18,5,-12.2,74,55.1,1,1
cust-04958,Customer 04958,1,947.5,10,0,-43.6,27,premium,79,0,0,-33.3,43,60.0,1,0
cust-04959,Customer 04959,26,222.4,2,3,-9.0,26,standard,25,0,5,-6.5,11,91.1,2,0
cust-04960,Customer 04960,36,282.21,2,0,-0.4,6,standard,23,12,0,4.0,27,80.5,0,0
cust-04961,Customer 04961,7,650.72,2,1,8.2,37,premium,8,0,5,18.5,30,23.7,0,1
cust-04962,Customer 04962,50,622.32,4,1,-4.1,36,premium,2,10,5,-17.7,49,44.8,2,0
cust-04963,Customer 04963,15,157.53,3,0,-31.7,11,basic,25,0,0,-33.5,65,68.6,0,0
cust-04964,Customer 04964,72,868.91,1,3,14.7,23,premium,9,12,0,15.6,51,55.1,0,0
cust-04965,Customer 04965,23,351.13,3,2,-18.8,55,standard,42,11,15,-27.7,14,51.5,1,0
cust-04966,Customer 04966,12,293.58,0,1,-38.0,73,standard,41,3,0,-41.9,77,50.2,0,0
cust-04967,Customer 04967,39,440.23,0,3,-44.9,-1,standard,19,1,5,-45.9,42,36.1,0,1
cust-04968,Customer 04968,5,457.23,3,0,-1.4,0,standard,54,20,0,-3.3,39,53.5,2,1
cust-04969,Customer 04969,28,209.87,1,0,-34.0,45,basic,38,8,0,-34.9,10,69.7,0,0
cust-04970,Customer 04970,14,424.53,1,1,-42.4,48,standard,32,20,10,-44.9,18,39.1,1,1
cust-04971,Customer 04971,14,197.39,1,0,5.5,41,basic,7,5,0,13.5,90,47.6,0,0
cust-04972,Customer 04972,1,123.81,1,1,12.0,31,basic,10,5,20,10.6,7,76.3,1,0
cust-04973,Customer 04973,10,208.38,2,0,-5.6,45,basic,11,0,0,-15.6,25,47.4,0,0
cust-04974,Customer 04974,10,611.01,0,0,-4.9,67,standard,11,7,0,-2.3,86,76.0,2,0
cust-04975,Customer 04975,30,1522.66,12,0,22.2,67,premium,17,14,0,23.8,19,80.1,0,0
cust-04976,Customer 04976,27,223.89,2,0,-37.9,21,basic,57,5,20,-36.2,25,30.1,0,1
cust-04977,Customer 04977,24,998.78,0,0,-12.3,28,premium,48,22,0,-11.1,28,73.7,0,0
cust-04978,Customer 04978,26,936.5,1,2,-26.4,95,premium,44,0,20,-19.1,10,48.7,0,0
cust-04979,Customer 04979,25,356.9,7,0,3.6,77,standard,32,11,0,-0.3,39,41.4,0,0
cust-04980,Customer 04980,29,458.99,0,0,-26.6,24,standard,11,4,15,-22.1,54,59.0,0,0
cust-04981,Customer 04981,10,95.92,0,0,-27.2,31,basic,25,15,0,-27.7,68,40.7,1,1
cust-04982,Customer 04982,32,460.62,2,0,22.3,75,standard,11,0,0,18.7,83,73.6,2,0
cust-04983,Customer 04983,5,116.3,2,1,-14.2,95,basic,14,31,10,-17.9,17,81.6,1,0
cust-04984,Customer 04984,45,153.31,3,3,19.1,95,basic,16,0,5,3.9,44,69.3,0,0
cust-04985,Customer 04985,23,1398.62,4,0,-9.6,38,premium,5,1,0,-3.5,23,65.2,0,0
cust-04986,Customer 04986,54,73.45,4,0,5.9,14,basic,19,28,10,10.0,18,32.7,1,0
cust-04987,Customer 04987,66,428.82,0,1,27.0,57,standard,10,24,10,38.9,34,87.7,0,0
cust-04988,Customer 04988,24,504.08,0,1,33.5,30,standard,17,19,5,40.2,61,50.3,0,0
cust-04989,Customer 04989,29,203.27,0,0,6.9,44,basic,21,15,0,7.3,74,100,0,0
cust-04990,Customer 04990,16,417.65,0,0,-1.8,53,standard,21,8,0,-3.6,84,81.3,0,0
cust-04991,Customer 04991,44,1283.95,0,1,0.9,11,premium,16,7,0,9.4,79,58.5,1,0
cust-04992,Customer 04992,53,338.96,2,0,5.1,68,standard,17,12,0,18.4,40,81.4,0,0
cust-04993,Customer 04993,24,147.48,0,0,4.9,26,basic,16,29,0,7.9,81,76.1,0,0
cust-04994,Customer 04994,41,579.93,3,0,-35.7,74,premium,42,11,10,-46.2,21,47.3,0,0
cust-04995,Customer 04995,61,552.78,2,0,-27.1,-6,premium,33,0,15,-28.2,20,51.0,0,0
cust-04996,Customer 04996,4,178.05,0,2,45,38,basic,15,7,20,41.6,80,29.1,1,0
cust-04997,Customer 04997,11,353.0,3,2,28.0,73,standard,50,24,5,10.2,18,79.0,1,0
cust-04998,Customer 04998,30,324.08,4,0,-37.2,25,standard,16,4,0,-35.9,21,34.9,0,0
cust-04999,Customer 04999,6,163.25,1,0,-33.4,21,basic,24,4,0,-30.3,17,39.8,1,0
cust-05000,Customer 05000,10,224.14,0,1,12.7,66,basic,15,12,10,6.7,34,28.1,0,0
cust-05001,Customer 05001,41,1193.07,0,1,-15.5,50,premium,19,0,0,-9.5,25,34.4,0,0
cust-05002,Customer 05002,18,172.72,6,0,3.3,73,basic,6,26,0,-1.0,15,84.8,0,0
cust-05003,Customer 05003,8,837.91,1,1,6.8,14,premium,9,16,0,13.0,15,29.9,1,0
cust-05004,Customer 05004,47,322.5,1,0,-5.4,44,standard,22,1,0,-3.4,44,45.5,0,0
cust-05005,Customer 05005,21,114.97,0,3,-6.6,9,basic,66,19,0,-8.3,56,78.4,0,1
cust-05006,Customer 05006,14,253.29,1,0,27.4,48,basic,7,20,0,23.5,47,81.5,1,0
cust-05007,Customer 05007,21,820.2,2,1,20.3,62,premium,27,20,5,37.4,15,54.2,2,0
cust-05008,Customer 05008,25,366.49,5,0,11.8,13,standard,25,6,0,16.2,8,64.8,1,1
cust-05009,Customer 05009,22,144.05,2,0,-3.8,10,basic,12,16,10,1.6,7,35.0,1,1
cust-05010,Customer 05010,2,1013.26,3,0,-30.1,64,premium,48,0,10,-25.7,52,66.9,0,0
cust-05011,Customer 05011,13,129.98,2,1,-8.8,92,basic,12,9,0,-31.2,8,81.5,2,0
cust-05012,Customer 05012,16,1288.93,5,2,-22.8,48,premium,25,1,0,-26.7,18,39.7,1,0
cust-05013,Customer 05013,25,165.76,6,2,-21.6,92,basic,32,9,15,-17.1,33,47.4,0,0
cust-05014,Customer 05014,17,275.4,0,0,1.6,64,standard,12,25,0,0.4,81,59.9,2,0
cust-05015,Customer 05015,46,194.87,1,2,-33.2,67,basic,54,24,0,-31.8,10,17.8,3,1
cust-05016,Customer 05016,33,992.75,1,0,-22.9,41,premium,16,0,5,-25.8,50,6.7,0,0
cust-05017,Customer 05017,19,163.01,3,0,12.6,30,basic,17,3,0,3.4,5,67.8,0,0
cust-05018,Customer 05018,25,1167.3,3,0,-9.8,26,premium,40,5,10,-8.2,10,65.8,0,1
cust-05019,Customer 05019,5,1168.66,1,2,4.5,19,premium,15,0,5,12.4,0,50.1,3,1
cust-05020,Customer 05020,25,163.21,1,0,-10.3,42,basic,19,14,10,-5.9,48,68.6,2,0
cust-05021,Customer 05021,54,412.9,0,0,18.7,74,standard,12,6,15,21.3,49,32.6,0,0
cust-05022,Customer 05022,44,324.81,1,0,-13.7,85,standard,50,0,10,0.9,32,81.6,0,0
cust-05023,Customer 05023,20,331.39,2,1,-33.9,36,standard,23,15,5,-27.1,23,83.3,1,0
cust-05024,Customer 05024,23,430.69,2,0,-14.2,23,standard,12,15,5,-12.4,26,36.7,0,0
cust-05025,Customer 05025,36,122.86,2,0,-12.9,59,basic,28,16,0,-15.1,33,79.9,1,0
cust-05026,Customer 05026,37,626.58,0,1,18.3,39,premium,58,7,5,26.1,61,68.8,0,0
cust-05027,Customer 05027,29,477.95,1,0,30.6,42,standard,13,11,10,29.6,38,65.9,2,0
cust-05028,Customer 05028,5,506.25,0,1,-45.1,95,standard,6,11,0,-66.9,58,53.7,1,0
cust-05029,Customer 05029,18,147.19,0,1,-5.7,36,basic,2,8,0,-8.4,26,50.7,0,0
cust-05030,Customer 05030,9,151.55,1,0,27.4,51,basic,23,22,0,24.8,45,58.2,1,0
cust-05031,Customer 05031,23,170.01,1,0,21.0,25,basic,10,5,0,28.9,31,52.4,0,0
cust-05032,Customer 05032,16,588.91,1,0,21.3,62,premium,15,33,0,20.5,31,12.1,0,0
cust-05033,Customer 05033,53,166.9,0,0,-16.2,18,basic,6,12,15,-15.0,70,73.4,0,1
cust-05034,Customer 05034,28,1040.48,3,1,-52.0,76,premium,39,10,0,-55.1,57,38.5,1,0
cust-05035,Customer 05035,6,200.21,5,0,5.4,12,basic,16,0,0,22.2,27,72.4,1,0
cust-05036,Customer 05036,21,315.42,0,0,23.6,60,standard,8,7,5,29.2,49,79.4,0,0
cust-05037,Customer 05037,12,204.26,5,0,-6.1,26,basic,40,13,0,-4.4,36,25.3,2,1
cust-05038,Customer 05038,14,182.68,1,1,5.8,48,basic,11,10,0,11.0,43,74.9,0,0
cust-05039,Customer 05039,17,228.73,5,0,-13.3,15,basic,20,8,0,-30.1,26,39.1,0,0
cust-05040,Customer 05040,8,369.38,3,0,12.5,10,standard,11,22,0,9.3,42,59.3,0,0
cust-05041,Customer 05041,12,141.24,0,0,20.8,-4,basic,58,0,0,29.9,31,45.2,0,0
cust-05042,Customer 05042,25,184.81,1,0,-31.1,64,basic,26,23,15,-24.3,11,100,2,0
cust-05043,Customer 05043,12,469.66,2,2,-4.0,90,standard,11,15,0,3.6,18,54.6,0,0
cust-05044,Customer 05044,34,326.04,3,0,-15.0,25,standard,13,16,15,-16.5,9,45.0,0,0
cust-05045,Customer 05045,15,163.09,1,0,-24.4,28,basic,13,5,0,-18.2,37,74.1,0,0
cust-05046,Customer 05046,30,157.93,0,0,6.7,-2,basic,27,10,0,4.9,84,73.1,1,0
cust-05047,Customer 05047,8,421.31,2,0,20.4,54,standard,22,12,5,13.2,22,83.9,2,0
cust-05048,Customer 05048,34,129.65,4,1,18.3,18,basic,12,31,0,7.0,45,5.4,0,0
cust-05049,Customer 05049,42,334.57,6,1,9.3,50,standard,17,12,15,2.4,25,41.6,0,0
cust-05050,Customer 05050,9,234.8,2,0,6.1,60,basic,18,10,0,16.6,13,53.8,2,1
cust-05051,Customer 05051,1,134.2,9,0,19.5,34,basic,9,15,5,26.9,38,70.8,0,0
cust-05052,Customer 05052,41,152.81,5,0,-6.1,30,basic,47,19,5,-16.8,26,46.1,0,0
cust-05053,Customer 05053,14,578.33,0,2,-12.1,70,standard,6,10,0,-26.2,35,85.9,2,0
cust-05054,Customer 05054,25,327.12,1,1,2.8,37,standard,13,29,10,20.7,90,14.7,0,0
cust-05055,Customer 05055,9,365.59,2,0,-18.7,86,standard,8,32,10,-11.1,47,46.0,0,0
cust-05056,Customer 05056,65,931.81,1,3,-42.8,18,premium,33,17,0,-47.6,37,27.0,2,1
cust-05057,Customer 05057,52,360.41,2,0,-8.9,50,standard,43,15,10,-34.1,40,72.8,0,0
cust-05058,Customer 05058,41,146.58,1,0,-3.0,38,basic,8,12,0,-0.1,82,55.5,0,0
cust-05059,Customer 05059,16,288.47,0,1,15.5,54,standard,7,12,5,10.1,85,14.9,0,0
cust-05060,Customer 05060,10,1054.51,3,0,5.3,89,premium,5,6,0,10.6,10,76.0,0,0
cust-05061,Customer 05061,4,166.6,0,0,-8.2,73,basic,24,18,0,-8.2,32,39.6,0,0
cust-05062,Customer 05062,19,185.92,1,0,5.9,77,basic,14,20,0,-4.2,11,67.2,0,0
cust-05063,Customer 05063,17,129.06,4,0,-24.1,57,basic,13,0,5,-34.1,26,60.7,0,0
cust-05064,Customer 05064,19,405.21,7,0,-8.7,-13,standard,31,13,10,-11.9,38,52.3,2,1
cust-05065,Customer 05065,27,254.85,7,0,-6.3,0,standard,23,10,10,-1.0,5,63.0,0,1
cust-05066,Customer 05066,43,486.54,1,1,-25.4,36,standard,14,23,0,-32.2,32,92.7,1,0
cust-05067,Customer 05067,14,160.63,1,0,9.7,42,basic,24,7,15,10.7,11,59.1,1,0
cust-05068,Customer 05068,16,1048.9,0,3,28.5,83,premium,11,11,10,31.4,63,27.4,0,0
cust-05069,Customer 05069,36,306.97,0,1,-40.2,48,standard,15,2,5,-58.1,82,67.7,1,0
cust-05070,Customer 05070,26,306.93,0,0,18.6,40,standard,6,15,0,21.4,31,44.0,2,0
cust-05071,Customer 05071,9,709.03,8,0,-14.8,54,premium,13,0,5,-16.0,61,75.4,0,0
cust-05072,Customer 05072,32,604.44,5,0,23.0,45,standard,17,8,10,21.7,52,59.1,1,0
cust-05073,Customer 05073,26,268.48,2,0,44.0,51,standard,3,11,0,45.2,19,19.5,2,0
cust-05074,Customer 05074,40,152.63,2,2,-6.6,63,basic,11,7,10,1.1,24,33.9,0,0
cust-05075,Customer 05075,34,501.39,0,1,3.2,49,standard,22,11,0,-0.5,87,57.8,0,0
cust-05076,Customer 05076,69,1070.27,0,0,1.5,25,premium,58,14,0,12.5,66,55.4,1,0
cust-05077,Customer 05077,23,1603.05,2,0,-9.4,60,premium,8,18,0,-17.2,14,49.5,2,0
cust-05078,Customer 05078,62,367.21,0,0,17.1,45,standard,34,11,0,5.0,53,49.5,0,0
cust-05079,Customer 05079,25,102.08,1,0,-20.5,59,basic,23,4,5,-34.5,31,39.5,0,0
cust-05080,Customer 05080,16,128.5,2,0,-3.5,18,basic,27,2,15,-7.7,9,34.3,1,1
cust-05081,Customer 05081,30,213.46,2,1,-15.9,33,standard,6,6,0,-12.3,32,56.2,1,0
cust-05082,Customer 05082,20,1003.93,0,0,22.3,56,premium,19,2,15,24.4,85,76.1,0,0
cust-05083,Customer 05083,33,514.02,0,0,11.2,49,standard,25,17,0,12.1,67,98.4,0,0
cust-05084,Customer 05084,65,174.45,0,1,21.6,35,basic,33,30,0,13.4,68,55.5,0,0
cust-05085,Customer 05085,4,411.61,3,2,-20.5,68,standard,36,0,0,-29.1,30,72.5,0,0
cust-05086,Customer 05086,23,523.69,4,2,-6.7,-7,standard,8,21,5,-5.9,32,77.6,2,1
cust-05087,Customer 05087,69,347.57,1,2,13.4,32,standard,7,39,0,11.8,30,39.6,2,1
cust-05088,Customer 05088,9,345.16,6,0,22.9,58,standard,5,5,0,25.2,34,26.0,0,0
cust-05089,Customer 05089,19,293.03,0,3,28.2,57,standard,4,12,10,41.4,51,67.0,1,0
cust-05090,Customer 05090,11,164.3,1,0,8.6,40,basic,43,18,5,3.7,8,68.9,0,0
cust-05091,Customer 05091,22,494.44,8,2,45,33,standard,19,15,10,40.8,35,27.6,0,0
cust-05092,Customer 05092,12,241.04,1,0,-16.9,62,basic,9,10,5,-24.1,11,56.8,0,0
cust-05093,Customer 05093,51,115.84,1,0,-45.3,59,basic,30,17,0,-58.3,39,31.2,1,0
cust-05094,Customer 05094,5,362.07,0,0,-19.8,33,standard,11,9,0,-26.8,30,68.8,2,0
cust-05095,Customer 05095,18,129.5,3,0,21.3,95,basic,10,25,5,26.4,18,63.7,1,0
cust-05096,Customer 05096,15,143.98,3,0,19.8,28,basic,10,7,0,26.0,27,32.4,0,0
cust-05097,Customer 05097,9,1391.5,3,0,-24.6,20,premium,11,0,0,-30.0,28,59.2,1,0
cust-05098,Customer 05098,19,133.19,3,0,-27.2,33,basic,28,22,15,-29.6,38,35.7,1,1
cust-05099,Customer 05099,6,224.25,0,0,18.0,46,basic,1,27,15,18.0,84,46.5,1,0
cust-05100,Customer 05100,32,910.25,0,0,23.3,31,premium,17,6,0,19.3,69,60.8,0,0
cust-05101,Customer 05101,16,159.01,0,0,5.8,32,basic,44,10,5,-6.9,78,80.4,2,0
cust-05102,Customer 05102,30,328.5,6,3,-19.0,66,standard,15,2,0,-15.9,14,80.9,0,0
cust-05103,Customer 05103,34,566.89,0,1,34.1,62,standard,7,18,0,19.2,44,44.4,1,1
cust-05104,Customer 05104,40,210.4,3,1,-25.7,89,basic,16,16,0,-31.1,15,59.3,1,0
cust-05105,Customer 05105,28,167.01,1,2,2.3,41,basic,21,21,0,15.9,31,91.1,1,0
cust-05106,Customer 05106,13,1133.32,6,3,-8.0,55,premium,35,12,0,-12.0,26,28.0,1,1
cust-05107,Customer 05107,34,440.16,2,0,-21.2,21,standard,8,15,0,-24.1,48,48.4,2,0
cust-05108,Customer 05108,16,810.04,3,3,9.3,89,premium,21,0,5,10.3,52,76.3,0,0
cust-05109,Customer 05109,28,138.37,0,2,29.3,54,basic,7,7,0,15.7,61,82.5,0,0
cust-05110,Customer 05110,11,195.58,1,0,-13.3,48,basic,16,6,0,-14.3,32,58.2,0,0
cust-05111,Customer 05111,36,353.06,2,3,10.8,76,standard,14,3,5,6.3,22,46.4,0,0
cust-05112,Customer 05112,25,117.69,1,1,-31.0,59,basic,31,8,0,-30.3,8,54.9,2,1
cust-05113,Customer 05113,10,1219.38,2,1,-2.7,80,premium,61,37,0,2.8,16,56.9,0,0
cust-05114,Customer 05114,29,196.53,4,0,-0.1,4,basic,11,14,0,-6.5,29,22.3,1,0
cust-05115,Customer 05115,20,569.32,4,1,13.4,18,standard,21,14,15,25.2,12,85.8,0,1
cust-05116,Customer 05116,12,148.4,2,2,-27.0,49,basic,20,27,0,-33.2,58,70.5,1,0
cust-05117,Customer 05117,9,406.39,1,2,36.2,61,standard,4,27,0,36.1,72,31.4,2,0
cust-05118,Customer 05118,19,115.95,1,0,17.5,10,basic,38,11,10,28.3,5,33.5,3,1
cust-05119,Customer 05119,24,220.22,2,0,-13.2,49,basic,29,0,0,-8.0,19,45.1,2,0
cust-05120,Customer 05120,56,395.68,0,1,-24.4,49,standard,31,5,0,-15.4,41,80.8,2,0
cust-05121,Customer 05121,5,349.27,2,0,36.3,25,standard,42,9,10,30.6,82,21.4,0,1
cust-05122,Customer 05122,15,115.46,1,0,-0.3,65,basic,4,34,10,-7.8,7,100,3,0
cust-05123,Customer 05123,7,231.72,0,0,29.0,39,basic,18,0,0,37.9,29,31.2,0,0
cust-05124,Customer 05124,48,117.03,0,1,-41.6,5,basic,21,22,0,-46.4,40,65.4,1,1
cust-05125,Customer 05125,40,138.14,3,0,16.5,61,basic,19,0,10,25.9,46,67.7,2,0
cust-05126,Customer 05126,28,226.33,4,1,45,23,basic,22,12,15,42.0,6,92.3,0,0
cust-05127,Customer 05127,31,1351.47,1,0,-7.2,51,premium,31,3,0,-13.8,45,42.2,1,1
cust-05128,Customer 05128,6,974.19,2,0,15.9,67,premium,19,4,0,17.2,10,70.5,0,0
cust-05129,Customer 05129,15,213.2,0,0,-11.6,34,basic,24,28,0,-7.8,85,49.2,0,0
cust-05130,Customer 05130,12,346.03,0,0,-11.4,80,standard,24,19,10,-10.1,56,87.5,1,0
cust-05131,Customer 05131,6,200.37,3,4,-16.4,45,basic,30,16,0,-25.3,30,29.0,2,0
cust-05132,Customer 05132,15,113.92,0,1,15.9,84,basic,7,0,0,19.5,48,55.5,0,0
cust-05133,Customer 05133,19,1382.07,2,0,17.3,30,premium,25,0,10,23.4,79,55.0,1,0
cust-05134,Customer 05134,49,143.45,1,1,-13.1,28,basic,25,8,0,2.0,15,61.2,2,0
cust-05135,Customer 05135,21,647.27,3,0,5.1,43,premium,29,2,0,12.9,15,96.2,0,0
cust-05136,Customer 05136,40,354.64,1,1,15.0,48,standard,5,23,10,4.5,19,78.6,0,0
cust-05137,Customer 05137,14,154.17,2,1,7.3,11,basic,11,12,10,8.4,16,89.2,0,0
cust-05138,Customer 05138,23,236.9,1,2,33.3,50,basic,48,23,5,35.1,26,14.6,2,0
cust-05139,Customer 05139,26,931.65,1,0,-26.7,68,premium,22,0,0,-30.6,6,66.4,0,0
cust-05140,Customer 05140,27,218.92,4,0,-29.9,59,basic,22,8,0,-31.6,30,53.3,0,0
cust-05141,Customer 05141,40,349.39,0,0,-0.2,84,standard,18,0,10,-3.6,87,40.9,1,0
cust-05142,Customer 05142,34,227.15,0,0,-3.1,25,standard,28,12,0,1.4,61,100,0,0
cust-05143,Customer 05143,39,765.22,4,1,-1.9,24,premium,11,9,0,11.5,29,43.2,0,0
cust-05144,Customer 05144,35,213.17,2,3,15.3,33,basic,12,17,5,27.5,2,36.1,1,0
cust-05145,Customer 05145,41,987.47,1,0,10.3,78,premium,9,10,0,10.3,64,88.6,1,0
cust-05146,Customer 05146,28,181.98,0,0,13.0,41,basic,22,31,0,19.9,79,88.8,1,0
cust-05147,Customer 05147,24,197.87,3,0,-42.0,32,basic,11,14,5,-33.8,25,55.9,0,0
cust-05148,Customer 05148,47,88.56,1,1,23.9,3,basic,9,11,0,24.4,9,83.8,2,0
cust-05149,Customer 05149,30,330.23,2,2,0.6,55,standard,24,16,15,4.8,56,49.5,0,0
cust-05150,Customer 05150,20,153.76,0,0,-44.7,23,basic,54,9,0,-53.9,44,33.3,1,1
cust-05151,Customer 05151,3,193.08,2,1,33.8,22,standard,15,15,10,35.4,20,72.4,2,0
cust-05152,Customer 05152,29,373.25,1,0,-13.3,51,standard,6,21,0,-4.2,25,11.9,0,0
cust-05153,Customer 05153,29,952.34,2,2,26.0,87,premium,24,0,10,23.8,29,12.4,0,0
cust-05154,Customer 05154,1,454.07,4,0,15.2,33,standard,12,22,15,26.5,14,94.3,1,0
cust-05155,Customer 05155,10,1033.65,12,1,-15.9,49,premium,13,2,0,-21.4,28,24.1,0,0
cust-05156,Customer 05156,8,151.39,0,1,-0.1,63,basic,19,0,0,-0.1,34,64.4,1,0
cust-05157,Customer 05157,16,97.27,0,0,-33.0,22,basic,22,27,10,-21.6,85,59.5,1,0
cust-05158,Customer 05158,33,578.19,0,1,17.3,55,standard,10,17,5,28.5,78,88.0,0,0
cust-05159,Customer 05159,8,736.96,0,3,-6.8,-18,premium,11,17,10,-6.3,57,34.4,0,1
cust-05160,Customer 05160,19,114.62,2,1,45,77,basic,37,28,10,30.7,53,70.9,0,0
cust-05161,Customer 05161,6,236.49,0,0,-8.3,56,standard,19,9,5,-9.3,88,62.1,0,0
cust-05162,Customer 05162,8,321.7,1,0,32.0,63,standard,27,12,10,41.7,28,26.1,0,0
cust-05163,Customer 05163,29,136.22,3,1,6.5,50,basic,15,21,0,17.4,9,60.3,2,0
cust-05164,Customer 05164,32,866.91,3,0,-7.8,-26,premium,7,1,10,-1.5,58,46.3,1,0
cust-05165,Customer 05165,33,221.05,0,1,-24.5,22,standard,36,3,0,-26.9,35,78.3,2,0
cust-05166,Customer 05166,12,170.71,3,0,-9.6,77,basic,33,4,5,-15.9,0,100,2,0
cust-05167,Customer 05167,14,142.9,2,0,-2.7,73,basic,6,15,0,-12.7,23,32.0,2,0
cust-05168,Customer 05168,39,429.2,1,0,5.1,39,standard,7,0,5,8.7,49,62.8,1,0
cust-05169,Customer 05169,13,130.33,4,0,4.5,13,basic,29,27,15,7.2,41,57.0,0,0
cust-05170,Customer 05170,23,199.65,0,0,25.2,84,basic,17,20,0,20.2,78,52.2,2,0
cust-05171,Customer 05171,35,1067.22,5,0,-30.3,48,premium,34,11,0,-49.8,10,71.6,0,0
cust-05172,Customer 05172,17,150.91,1,0,-29.5,26,basic,17,3,0,-26.5,16,72.6,2,0
cust-05173,Customer 05173,2,240.85,1,2,-36.4,59,standard,43,1,10,-22.1,24,28.5,0,1
cust-05174,Customer 05174,23,220.1,4,0,-24.1,83,basic,28,0,10,-14.8,61,22.1,1,0
cust-05175,Customer 05175,22,432.82,1,0,-23.9,70,standard,38,2,5,-11.9,33,60.0,0,1
cust-05176,Customer 05176,5,342.75,4,0,23.8,91,standard,9,19,0,16.1,7,26.2,1,0
cust-05177,Customer 05177,8,126.82,0,2,2.4,62,basic,13,2,0,7.1,41,32.0,0,0
cust-05178,Customer 05178,35,206.98,0,1,-14.4,62,standard,11,1,0,-7.0,43,43.6,0,0
cust-05179,Customer 05179,16,1270.56,0,1,-16.6,49,premium,10,2,5,-9.5,77,19.0,0,0
cust-05180,Customer 05180,27,226.16,2,0,17.7,17,basic,14,11,10,18.2,32,31.4,0,0
cust-05181,Customer 05181,34,1401.1,1,2,-19.9,50,premium,12,13,0,-25.4,12,48.3,1,0
cust-05182,Customer 05182,9,176.96,0,0,8.5,22,basic,25,6,0,0.8,42,80.7,0,0
cust-05183,Customer 05183,7,159.11,2,0,-7.0,56,basic,11,14,20,-16.6,10,40.0,0,0
cust-05184,Customer 05184,53,195.65,3,0,-9.0,36,basic,22,22,0,-4.3,23,95.2,2,0
cust-05185,Customer 05185,16,222.19,0,0,-16.3,58,standard,13,20,0,-24.9,61,48.3,0,0
cust-05186,Customer 05186,5,210.42,0,0,32.8,71,standard,45,9,0,23.6,36,96.2,0,0
cust-05187,Customer 05187,30,241.82,7,0,45,75,standard,9,3,5,45.0,9,82.3,1,0
cust-05188,Customer 05188,20,757.26,2,2,-2.9,68,premium,11,0,10,-3.5,21,49.8,3,0
cust-05189,Customer 05189,50,1493.18,4,1,-9.8,51,premium,14,0,10,-24.1,65,49.6,1,0
cust-05190,Customer 05190,20,265.66,1,0,-19.3,65,standard,11,0,0,-23.4,46,83.9,0,0
cust-05191,Customer 05191,35,358.67,4,0,30.4,43,standard,31,0,5,25.3,57,35.8,0,0
cust-05192,Customer 05192,20,1694.59,0,0,-6.9,-2,premium,15,28,10,-5.8,53,71.6,0,0
cust-05193,Customer 05193,16,635.68,2,1,-6.2,57,premium,25,9,0,-2.2,13,78.9,2,0
cust-05194,Customer 05194,25,199.76,0,0,-22.8,75,basic,4,6,5,-3.1,33,55.2,0,0
cust-05195,Customer 05195,29,164.28,0,0,11.7,5,basic,7,11,0,12.8,50,29.9,0,0
cust-05196,Customer 05196,27,895.06,0,1,-36.5,53,premium,46,9,5,-33.4,81,59.8,0,0
cust-05197,Customer 05197,16,899.57,0,0,-12.5,68,premium,47,0,0,-5.9,41,8.3,1,0
cust-05198,Customer 05198,10,212.93,2,0,31.4,66,basic,29,2,10,28.3,16,69.1,0,0
cust-05199,Customer 05199,50,1268.47,3,2,-19.1,13,premium,3,19,15,-28.7,47,94.2,0,0
cust-05200,Customer 05200,19,154.32,0,0,24.4,28,basic,23,19,10,7.0,85,65.1,0,0
cust-05201,Customer 05201,19,142.63,2,0,-0.2,87,basic,14,23,0,3.2,17,58.4,0,0
cust-05202,Customer 05202,11,135.03,0,0,45,60,basic,14,5,5,50,59,49.4,1,0
cust-05203,Customer 05203,23,497.88,3,2,-14.8,37,standard,8,0,5,-8.9,12,50.1,2,1
cust-05204,Customer 05204,21,348.77,2,1,-5.1,72,standard,24,6,0,2.5,50,78.4,2,0
cust-05205,Customer 05205,30,790.75,0,1,45,-6,premium,23,3,5,47.6,53,46.8,2,0
cust-05206,Customer 05206,16,215.78,0,1,6.4,5,basic,15,5,0,15.0,87,63.1,0,0
cust-05207,Customer 05207,45,165.0,5,0,-37.4,53,basic,28,0,0,-37.7,31,36.4,2,1
cust-05208,Customer 05208,1,108.74,1,0,-8.9,73,basic,7,6,10,-9.8,35,22.7,1,1
cust-05209,Customer 05209,35,344.54,4,2,10.4,62,standard,18,15,5,-5.5,35,77.8,1,0
cust-05210,Customer 05210,12,247.53,5,0,6.8,-9,standard,16,24,5,16.8,78,51.3,3,0
cust-05211,Customer 05211,50,126.56,1,1,16.0,76,basic,4,2,0,5.6,11,39.4,1,0
cust-05212,Customer 05212,14,1095.04,0,0,22.5,26,premium,15,19,0,34.8,83,76.5,0,0
cust-05213,Customer 05213,42,219.31,4,0,14.9,58,basic,6,6,0,23.6,8,60.0,1,0
cust-05214,Customer 05214,6,120.15,10,0,-13.7,34,basic,34,5,20,-28.9,2,91.9,0,0
cust-05215,Customer 05215,34,996.2,1,0,4.2,95,premium,82,8,0,-12.6,8,72.2,2,0
cust-05216,Customer 05216,14,368.5,1,2,17.5,13,standard,39,8,0,19.1,9,54.6,3,0
cust-05217,Customer 05217,5,305.86,5,0,-0.7,22,standard,1,21,0,-7.9,20,28.4,0,0
cust-05218,Customer 05218,12,135.63,0,2,0.1,63,basic,3,4,15,-10.1,77,59.1,0,0
cust-05219,Customer 05219,10,481.12,5,1,12.2,32,standard,13,18,0,8.2,13,25.9,2,0
cust-05220,Customer 05220,11,104.05,2,0,-2.4,59,basic,38,1,0,-14.2,28,50.7,0,1
cust-05221,Customer 05221,7,223.42,2,1,45,36,basic,33,5,0,46.6,12,77.2,0,0
cust-05222,Customer 05222,13,1041.77,0,1,5.6,75,premium,8,0,20,14.7,40,5,0,0
cust-05223,Customer 05223,21,1066.06,3,3,-19.0,57,premium,8,17,5,-18.9,52,81.3,1,1
cust-05224,Customer 05224,44,554.2,0,0,-19.6,29,standard,19,9,15,-19.0,44,85.9,0,0
cust-05225,Customer 05225,70,102.62,0,0,-11.0,41,basic,24,5,0,-7.2,75,79.5,0,0
cust-05226,Customer 05226,5,782.23,3,1,-8.3,38,premium,4,29,0,-16.3,19,89.5,1,0
cust-05227,Customer 05227,64,328.25,1,0,-12.2,8,standard,4,10,0,-22.6,4,66.2,0,0
cust-05228,Customer 05228,18,196.84,4,0,34.9,63,basic,46,6,0,30.6,36,28.8,1,0
cust-05229,Customer 05229,14,187.94,2,1,20.7,45,basic,15,19,0,26.8,15,100,0,0
cust-05230,Customer 05230,2,862.19,3,0,1.3,21,premium,3,7,0,-3.6,60,67.1,0,0
cust-05231,Customer 05231,8,144.52,3,0,-35.2,89,basic,20,10,5,-41.7,29,56.3,0,0
cust-05232,Customer 05232,35,306.04,4,0,30.9,50,standard,21,12,5,34.8,34,51.8,0,0
cust-05233,Customer 05233,44,848.09,1,1,6.2,47,premium,9,4,5,-9.3,10,61.4,0,0
cust-05234,Customer 05234,58,168.83,0,0,-10.0,62,basic,5,17,10,1.9,72,80.7,0,0
cust-05235,Customer 05235,24,135.59,0,0,-35.3,54,basic,27,5,5,-19.3,82,100,2,0
cust-05236,Customer 05236,26,124.0,7,0,26.1,35,basic,5,11,0,28.5,53,58.2,0,1
cust-05237,Customer 05237,14,134.3,1,0,-3.5,61,basic,12,20,0,-4.1,30,66.4,2,0
cust-05238,Customer 05238,48,502.4,3,1,-15.5,19,standard,22,19,0,-21.5,16,6.6,1,1
cust-05239,Customer 05239,39,143.33,0,1,0.4,25,basic,28,10,10,13.6,38,62.6,1,0
cust-05240,Customer 05240,6,99.21,0,2,-12.8,21,basic,26,10,5,-15.6,32,67.9,0,1
cust-05241,Customer 05241,15,253.05,0,2,28.3,57,standard,20,11,0,23.8,35,79.6,0,0
cust-05242,Customer 05242,43,381.6,2,0,-16.0,20,standard,7,14,0,-27.0,8,30.5,0,0
cust-05243,Customer 05243,9,420.74,4,0,5.3,9,standard,30,0,10,5.4,49,39.8,0,0
cust-05244,Customer 05244,26,1104.12,2,0,-19.6,95,premium,8,1,0,1.3,17,74.1,2,0
cust-05245,Customer 05245,11,1010.86,2,1,-23.0,23,premium,51,8,0,-10.3,24,100,2,0
cust-05246,Customer 05246,22,1025.12,1,0,4.8,28,premium,8,0,10,10.9,4,57.3,0,1
cust-05247,Customer 05247,29,941.61,0,2,14.2,2,premium,7,5,5,13.4,66,86.4,0,0
cust-05248,Customer 05248,21,1201.64,0,0,-0.3,25,premium,31,23,0,-2.5,42,91.4,0,0
cust-05249,Customer 05249,22,318.2,1,0,0.6,95,standard,38,20,5,-6.0,38,48.0,3,0
cust-05250,Customer 05250,27,187.97,1,0,-23.9,59,basic,24,20,10,-11.5,7,72.4,3,0
cust-05251,Customer 05251,64,474.24,0,0,-18.6,48,standard,7,19,0,-25.6,39,94.9,2,0
cust-05252,Customer 05252,11,235.15,3,3,31.3,31,basic,36,9,0,29.9,24,72.4,0,1
cust-05253,Customer 05253,36,504.0,0,1,-8.8,50,standard,45,16,10,-19.6,76,5,0,1
cust-05254,Customer 05254,15,405.11,1,1,-0.6,42,standard,3,16,0,2.5,8,35.6,0,0
cust-05255,Customer 05255,19,176.15,3,0,-3.4,64,basic,37,0,0,-12.0,11,84.4,2,0
cust-05256,Customer 05256,18,120.8,5,0,14.5,95,basic,11,3,15,20.1,12,69.5,2,0
cust-05257,Customer 05257,63,80.61,1,0,5.3,65,basic,24,17,0,12.1,16,86.0,1,0
cust-05258,Customer 05258,15,777.05,2,1,24.6,40,standard,6,12,0,21.5,6,76.8,1,0
cust-05259,Customer 05259,6,185.5,0,0,15.0,52,basic,7,20,0,16.3,56,70.5,0,0
cust-05260,Customer 05260,13,1009.9,4,1,-5.4,39,premium,15,13,5,-9.2,41,100,0,0
cust-05261,Customer 05261,7,316.72,2,2,21.8,54,standard,7,26,0,29.0,57,66.1,0,0
cust-05262,Customer 05262,24,1073.67,0,2,14.8,46,premium,6,0,5,23.8,67,83.1,1,0
cust-05263,Customer 05263,23,115.59,0,0,-27.7,56,basic,28,25,0,-39.9,33,49.8,0,0
cust-05264,Customer 05264,7,1219.57,0,0,-13.1,54,premium,13,11,0,-1.3,61,49.6,0,0
cust-05265,Customer 05265,24,1321.09,0,0,-1.4,57,premium,10,4,10,1.7,89,11.6,0,0
cust-05266,Customer 05266,52,311.43,0,0,9.9,20,standard,37,15,5,9.6,81,42.3,1,0
cust-05267,Customer 05267,7,110.44,0,0,-32.8,62,basic,33,0,10,-36.9,40,84.4,2,0
cust-05268,Customer 05268,25,233.47,0,2,-11.6,51,basic,17,5,0,-12.8,76,36.4,1,0
cust-05269,Customer 05269,35,435.16,0,0,-4.6,77,standard,9,25,15,-8.2,65,35.2,2,0
cust-05270,Customer 05270,21,394.04,1,0,8.0,-2,standard,22,28,0,16.8,36,72.0,1,0
cust-05271,Customer 05271,9,141.24,2,1,24.9,57,basic,42,0,0,24.4,37,32.0,2,1
cust-05272,Customer 05272,13,334.98,5,0,-9.8,9,standard,39,26,10,-14.9,22,40.7,0,1
cust-05273,Customer 05273,21,139.22,0,0,-2.2,29,basic,4,8,15,17.0,86,52.0,0,0
cust-05274,Customer 05274,29,216.57,4,0,-6.0,59,basic,21,12,5,-14.8,67,73.4,1,0
cust-05275,Customer 05275,52,479.42,11,0,12.6,24,standard,25,2,20,9.4,34,48.3,1,0
cust-05276,Customer 05276,42,442.03,1,0,-14.6,31,standard,24,24,0,-12.9,10,100,0,0
cust-05277,Customer 05277,31,1025.6,1,0,-12.5,42,premium,27,12,20,-12.0,19,91.1,0,0
cust-05278,Customer 05278,48,922.32,0,1,-3.1,27,premium,14,0,5,5.8,61,72.5,0,0
cust-05279,Customer 05279,11,448.74,3,0,37.8,27,standard,13,20,0,44.6,7,100,0,0
cust-05280,Customer 05280,35,155.07,0,0,32.2,81,basic,8,24,15,32.4,62,36.8,0,0
cust-05281,Customer 05281,34,488.98,2,2,-8.2,19,standard,24,21,5,-14.8,16,81.4,0,0
cust-05282,Customer 05282,39,688.26,1,1,-39.1,17,premium,48,0,5,-34.6,12,49.5,1,1
cust-05283,Customer 05283,16,178.94,1,3,8.7,71,basic,21,9,0,12.5,5,61.1,1,0
cust-05284,Customer 05284,39,109.87,0,0,-28.8,60,basic,36,11,10,-9.2,36,63.8,1,0
cust-05285,Customer 05285,1,374.55,2,2,14.8,60,standard,20,7,0,21.9,25,85.9,2,0
cust-05286,Customer 05286,33,1255.75,0,0,-10.8,56,premium,17,6,5,-15.2,57,11.1,0,0
cust-05287,Customer 05287,28,799.02,0,0,22.5,77,premium,38,7,15,13.9,66,76.7,0,0
cust-05288,Customer 05288,17,193.46,1,0,15.2,70,basic,6,0,10,14.7,47,31.0,2,0
cust-05289,Customer 05289,11,769.69,1,0,-0.7,78,premium,3,9,0,4.3,15,98.0,1,0
cust-05290,Customer 05290,3,488.24,1,0,-11.0,33,standard,7,15,20,-21.9,16,82.0,0,0
cust-05291,Customer 05291,15,928.95,1,0,-19.0,30,premium,8,4,0,-9.6,8,78.6,3,0
cust-05292,Customer 05292,17,558.79,0,0,-5.7,44,standard,20,1,10,-3.6,65,81.8,0,0
cust-05293,Customer 05293,26,243.28,0,3,15.5,48,standard,38,12,10,12.7,55,70.3,1,1
cust-05294,Customer 05294,32,1192.0,3,0,-8.6,32,premium,13,15,0,-7.6,16,68.4,1,0
cust-05295,Customer 05295,16,402.64,2,0,-55.0,64,standard,29,20,5,-56.3,48,62.6,0,0
cust-05296,Customer 05296,27,194.78,0,0,19.0,47,basic,42,4,10,18.0,28,100,1,0
cust-05297,Customer 05297,6,163.99,1,0,-45.9,80,basic,29,26,15,-40.9,17,26.8,0,0
cust-05298,Customer 05298,21,195.46,1,0,-19.2,40,basic,3,0,0,-17.4,28,59.8,1,0
cust-05299,Customer 05299,16,310.97,1,0,-4.6,-9,standard,8,33,0,-14.2,23,38.7,2,0
cust-05300,Customer 05300,18,514.86,1,0,9.6,73,standard,45,12,0,-5.7,12,74.1,0,0
cust-05301,Customer 05301,46,280.3,1,0,0.6,46,standard,14,21,15,-9.6,23,59.3,1,0
cust-05302,Customer 05302,8,523.79,2,0,20.0,41,standard,14,0,15,25.0,67,60.2,0,0
cust-05303,Customer 05303,15,712.4,3,0,21.3,46,premium,10,14,0,17.3,49,34.2,1,0
cust-05304,Customer 05304,50,149.41,0,3,16.3,34,basic,13,18,0,28.2,39,78.8,0,0
cust-05305,Customer 05305,32,165.41,1,0,-16.6,75,basic,14,0,0,-27.7,50,49.1,2,0
cust-05306,Customer 05306,15,477.99,1,2,45,26,standard,6,28,5,39.2,18,87.5,1,0
cust-05307,Customer 05307,7,233.01,1,1,-6.8,54,basic,33,5,15,0.5,32,62.7,0,0
cust-05308,Customer 05308,34,347.95,2,0,7.2,72,standard,11,6,0,-1.0,31,89.0,1,0
cust-05309,Customer 05309,4,202.32,0,1,-0.0,22,basic,6,23,10,-16.7,65,35.9,2,0
cust-05310,Customer 05310,33,118.64,5,0,-5.3,64,basic,76,15,0,-8.7,24,42.4,0,0
cust-05311,Customer 05311,16,406.02,1,3,-3.2,90,standard,27,0,5,-6.7,20,73.3,0,0
cust-05312,Customer 05312,6,817.89,2,0,-12.7,77,premium,19,28,10,-16.5,34,21.9,1,1
cust-05313,Customer 05313,8,194.27,6,1,-6.6,32,basic,19,12,0,11.4,19,50.5,0,0
cust-05314,Customer 05314,44,301.08,0,3,25.2,60,standard,15,18,0,31.7,64,39.0,0,0
cust-05315,Customer 05315,29,457.92,7,0,1.9,18,standard,17,7,15,-1.1,38,29.8,1,0
cust-05316,Customer 05316,31,199.49,0,0,34.2,-3,basic,14,24,5,34.2,59,31.6,1,1
cust-05317,Customer 05317,71,1320.97,0,0,3.0,75,premium,29,2,0,-2.9,89,34.7,0,0
cust-05318,Customer 05318,36,1205.4,0,0,16.5,59,premium,6,16,5,17.0,25,33.2,0,0
cust-05319,Customer 05319,9,516.27,1,0,19.0,25,standard,2,10,20,24.8,38,52.5,1,1
cust-05320,Customer 05320,13,83.25,0,0,11.6,60,basic,14,17,15,16.1,85,61.9,0,0
cust-05321,Customer 05321,52,91.44,3,0,4.4,83,basic,24,17,15,7.4,42,30.0,0,0
cust-05322,Customer 05322,47,177.67,5,1,-21.8,56,basic,4,17,0,-23.6,7,79.5,2,0
cust-05323,Customer 05323,12,151.78,3,3,-4.0,78,basic,12,6,0,-16.6,37,48.6,1,0
cust-05324,Customer 05324,11,637.24,0,0,32.0,24,premium,9,30,0,19.2,47,57.7,1,0
cust-05325,Customer 05325,8,389.54,0,0,23.1,78,standard,24,13,10,6.9,78,44.8,1,0
cust-05326,Customer 05326,7,255.59,0,0,-14.7,52,standard,13,15,0,-5.0,57,69.5,0,0
cust-05327,Customer 05327,14,317.41,5,2,-32.7,58,standard,22,14,0,-41.0,13,66.0,0,0
cust-05328,Customer 05328,3,365.53,4,0,5.9,10,standard,14,9,0,-3.3,17,5,0,0
cust-05329,Customer 05329,67,141.96,0,0,-9.4,74,basic,13,5,5,-17.0,74,77.9,2,0
cust-05330,Customer 05330,30,1587.14,2,0,4.8,52,premium,50,10,0,7.9,52,71.9,2,0
cust-05331,Customer 05331,72,172.32,2,0,-53.3,35,basic,19,15,0,-60.4,24,87.4,2,1
cust-05332,Customer 05332,30,245.04,3,1,19.5,75,basic,18,3,0,11.4,6,65.5,0,0
cust-05333,Customer 05333,3,127.22,2,0,25.1,46,basic,7,4,0,22.7,25,47.9,0,0
cust-05334,Customer 05334,24,188.68,0,2,-20.6,50,basic,10,3,0,-13.7,49,72.9,0,0
cust-05335,Customer 05335,10,190.29,2,1,4.8,91,basic,1,15,0,6.5,41,47.7,0,0
cust-05336,Customer 05336,24,389.08,2,1,-4.1,62,standard,15,15,0,-12.5,41,42.1,0,0
cust-05337,Customer 05337,18,494.5,0,3,-10.7,48,standard,8,14,15,-15.1,42,42.7,0,1
cust-05338,Customer 05338,28,289.01,0,0,-16.8,84,standard,23,18,0,-13.1,65,100,3,0
cust-05339,Customer 05339,52,152.72,4,2,-14.7,70,basic,19,15,0,-20.3,18,25.0,0,0
cust-05340,Customer 05340,27,1327.92,1,1,1.4,39,premium,23,24,10,-8.6,9,62.4,3,0
cust-05341,Customer 05341,52,303.76,0,0,15.5,67,basic,34,28,10,26.5,26,45.3,1,0
cust-05342,Customer 05342,12,152.75,2,1,-21.8,42,basic,20,18,5,-32.5,3,63.2,0,1
cust-05343,Customer 05343,10,498.86,1,0,-33.0,34,standard,32,0,15,-33.4,6,88.6,2,1
cust-05344,Customer 05344,20,738.12,0,0,-4.3,40,premium,20,24,5,4.0,54,61.8,2,0
cust-05345,Customer 05345,53,520.76,3,1,-26.4,57,standard,21,0,10,-27.3,27,42.4,1,0
cust-05346,Customer 05346,13,162.41,0,1,23.1,43,basic,22,24,0,12.8,38,32.0,1,0
cust-05347,Customer 05347,5,241.17,1,0,13.3,28,basic,13,17,20,7.0,42,72.3,1,0
cust-05348,Customer 05348,43,478.15,0,0,3.9,57,standard,11,18,0,-0.0,46,41.2,1,0
cust-05349,Customer 05349,13,210.87,2,0,-49.1,51,basic,37,13,0,-47.1,23,64.2,0,0
cust-05350,Customer 05350,66,160.71,0,0,-8.5,95,basic,28,19,0,-23.6,43,5.9,2,0
cust-05351,Customer 05351,7,96.34,3,0,30.9,12,basic,3,0,0,50,27,23.2,0,0
cust-05352,Customer 05352,8,337.33,0,0,-3.5,80,standard,19,7,0,-3.9,32,33.3,2,0
cust-05353,Customer 05353,10,935.45,0,0,-13.2,57,premium,39,9,0,-13.4,73,51.6,2,1
cust-05354,Customer 05354,17,488.91,0,0,3.0,38,standard,25,14,0,-10.3,43,52.4,0,0
cust-05355,Customer 05355,10,135.23,4,0,30.9,13,basic,13,0,0,32.2,8,48.2,2,0
cust-05356,Customer 05356,65,148.78,9,0,4.5,93,basic,28,3,5,-12.7,31,25.9,0,0
cust-05357,Customer 05357,12,470.45,3,1,-27.9,78,standard,16,23,0,-30.8,40,42.9,0,0
cust-05358,Customer 05358,20,159.12,0,0,-46.5,57,basic,29,7,0,-39.9,47,71.1,2,1
cust-05359,Customer 05359,56,641.81,6,0,-8.3,68,premium,15,21,5,2.6,44,69.9,3,0
cust-05360,Customer 05360,51,587.49,0,1,45,48,standard,14,6,0,35.4,88,51.7,1,0
cust-05361,Customer 05361,9,455.91,0,3,9.2,23,standard,35,20,5,10.3,84,42.6,0,0
cust-05362,Customer 05362,23,229.95,1,1,34.5,79,basic,16,0,0,32.0,38,79.0,0,0
cust-05363,Customer 05363,14,900.71,0,0,-5.3,27,premium,21,9,0,-1.6,33,46.0,2,0
cust-05364,Customer 05364,14,125.15,1,0,-4.0,9,basic,13,29,0,-11.7,82,50.2,2,1
cust-05365,Customer 05365,11,347.56,0,0,23.3,58,standard,22,14,5,18.9,53,71.0,1,0
cust-05366,Customer 05366,20,145.05,2,0,-37.7,65,basic,25,0,0,-47.1,62,57.7,3,1
cust-05367,Customer 05367,26,309.89,0,0,3.9,80,standard,3,4,0,-7.6,80,51.5,0,0
cust-05368,Customer 05368,44,727.74,0,0,5.4,40,premium,6,10,0,0.3,79,33.9,0,0
cust-05369,Customer 05369,9,471.33,3,0,-23.9,18,premium,48,11,15,-18.6,2,34.8,1,0
cust-05370,Customer 05370,32,1196.41,2,3,26.2,6,premium,12,18,0,18.1,53,71.0,0,0
cust-05371,Customer 05371,11,170.8,3,0,-28.1,47,basic,16,16,10,-29.0,7,71.6,1,0
cust-05372,Customer 05372,14,1084.21,0,0,-2.5,85,premium,10,26,0,-14.8,87,53.7,0,0
cust-05373,Customer 05373,14,132.96,1,0,-5.6,24,basic,23,0,0,6.1,3,49.2,0,0
cust-05374,Customer 05374,36,554.2,0,0,7.1,12,standard,28,16,0,11.4,82,41.9,0,0
cust-05375,Customer 05375,37,183.63,0,2,28.2,40,basic,10,11,5,23.6,56,54.5,3,0
cust-05376,Customer 05376,28,722.77,1,0,19.6,95,premium,5,3,0,15.1,8,75.4,1,0
cust-05377,Customer 05377,19,1415.86,0,0,34.3,64,premium,14,26,10,50,88,38.9,1,0
cust-05378,Customer 05378,39,148.87,0,2,-29.2,35,basic,22,23,10,-25.8,41,72.9,0,0
cust-05379,Customer 05379,72,125.0,6,0,3.9,37,basic,35,3,5,9.4,14,45.3,1,0
cust-05380,Customer 05380,3,439.51,4,0,29.4,82,standard,16,0,5,32.5,24,63.1,0,0
cust-05381,Customer 05381,15,456.74,0,0,0.2,50,standard,26,12,0,-10.0,34,27.5,1,0
cust-05382,Customer 05382,64,312.58,1,0,26.8,79,standard,25,28,0,31.3,16,57.2,1,0
cust-05383,Customer 05383,15,417.07,0,1,20.1,81,standard,21,9,0,28.0,70,86.9,0,0
cust-05384,Customer 05384,32,150.01,2,0,-18.9,45,basic,32,1,0,-22.8,9,60.4,0,0
cust-05385,Customer 05385,23,137.69,0,0,-14.0,38,basic,10,25,0,-11.9,75,55.5,2,0
cust-05386,Customer 05386,54,407.67,1,2,-6.2,58,standard,39,0,5,-21.8,42,71.1,0,0
cust-05387,Customer 05387,59,1133.22,4,0,-3.8,65,premium,6,23,15,-8.6,40,49.2,0,0
cust-05388,Customer 05388,17,1368.39,0,2,-4.7,47,premium,13,22,0,11.2,69,80.1,1,0
cust-05389,Customer 05389,66,144.34,0,0,-14.1,44,basic,31,2,0,-11.0,48,70.0,3,0
cust-05390,Customer 05390,62,141.85,2,2,9.5,62,basic,30,8,0,13.8,13,43.6,2,1
cust-05391,Customer 05391,27,374.59,3,0,8.3,38,standard,12,6,0,17.7,25,64.4,1,0
cust-05392,Customer 05392,27,1097.54,0,0,29.4,62,premium,17,3,0,38.3,26,52.1,0,0
cust-05393,Customer 05393,39,185.46,0,0,-10.4,72,basic,7,2,10,-22.3,43,64.2,1,0
cust-05394,Customer 05394,7,195.76,1,2,2.8,83,basic,4,24,0,6.9,48,53.2,0,0
cust-05395,Customer 05395,16,160.05,4,0,19.0,60,basic,6,13,5,29.2,48,26.4,2,0
cust-05396,Customer 05396,35,1479.49,0,0,9.0,49,premium,10,9,0,-4.6,66,35.5,0,0
cust-05397,Customer 05397,27,111.42,11,0,-11.2,89,basic,43,3,5,-12.6,18,40.8,2,0
cust-05398,Customer 05398,30,118.88,5,0,29.5,22,basic,11,15,10,42.5,16,31.2,1,1
cust-05399,Customer 05399,21,475.61,1,1,14.7,57,standard,13,24,10,3.9,19,45.5,0,0
cust-05400,Customer 05400,7,1307.81,0,0,-4.7,36,premium,8,8,0,-11.3,36,60.9,0,0
cust-05401,Customer 05401,24,251.32,2,0,10.5,36,standard,50,25,0,0.3,42,75.4,1,0
cust-05402,Customer 05402,16,110.12,1,1,-10.8,12,basic,8,2,5,2.7,43,85.6,0,0
cust-05403,Customer 05403,12,352.69,6,0,-14.5,28,standard,26,0,10,-9.6,63,28.2,1,1
cust-05404,Customer 05404,9,145.71,3,0,35.5,38,basic,11,13,15,40.6,67,22.4,0,0
cust-05405,Customer 05405,3,188.66,0,0,-5.7,48,basic,17,9,10,5.2,88,42.1,0,0
cust-05406,Customer 05406,4,235.14,0,0,18.7,93,basic,32,20,10,42.2,76,84.5,1,1
cust-05407,Customer 05407,48,993.94,1,0,25.4,18,premium,12,15,0,17.9,25,82.4,0,0
cust-05408,Customer 05408,12,953.22,0,2,9.4,24,premium,33,0,0,13.5,48,41.9,2,1
cust-05409,Customer 05409,38,233.08,0,2,0.7,13,basic,17,26,10,13.6,68,71.7,1,0
cust-05410,Customer 05410,3,217.94,0,1,-6.9,51,basic,19,0,0,3.7,75,62.1,1,0
cust-05411,Customer 05411,9,381.43,2,1,27.9,46,standard,34,0,10,19.5,18,59.7,0,0
cust-05412,Customer 05412,26,225.56,0,0,6.5,44,basic,17,22,0,13.9,72,53.0,1,0
cust-05413,Customer 05413,24,479.77,1,0,11.5,0,standard,9,26,0,27.8,7,100,0,0
cust-05414,Customer 05414,13,386.97,2,0,-0.9,34,standard,3,16,0,6.5,26,23.6,2,0
cust-05415,Customer 05415,10,955.75,0,0,3.7,81,premium,8,30,0,11.8,36,68.7,0,0
cust-05416,Customer 05416,4,194.1,0,0,-13.6,51,basic,6,24,0,-23.8,67,41.8,1,0
cust-05417,Customer 05417,10,144.0,0,0,-40.5,78,basic,42,13,5,-42.1,26,30.4,2,1
cust-05418,Customer 05418,2,699.49,3,2,13.3,83,standard,13,17,10,23.1,14,56.8,0,0
cust-05419,Customer 05419,19,174.07,0,2,-20.2,10,basic,26,16,5,-30.5,28,81.5,0,1
cust-05420,Customer 05420,21,400.56,3,0,-8.4,63,standard,33,23,20,-5.6,25,16.6,1,1
cust-05421,Customer 05421,35,147.3,0,0,20.3,20,basic,7,17,5,31.6,84,100.0,2,0
cust-05422,Customer 05422,17,169.74,1,0,15.5,6,basic,21,18,10,9.1,16,84.7,0,0
cust-05423,Customer 05423,5,437.42,5,0,10.2,37,standard,13,18,0,13.8,19,36.8,1,0
cust-05424,Customer 05424,25,598.97,3,0,16.0,71,standard,3,7,5,11.9,81,45.0,0,0
cust-05425,Customer 05425,33,70.3,3,0,45,94,basic,18,22,0,27.4,44,55.5,2,0
cust-05426,Customer 05426,11,150.91,7,0,-0.2,47,basic,6,18,10,11.4,38,39.7,1,0
cust-05427,Customer 05427,20,348.38,0,1,45,76,standard,10,9,0,39.6,89,37.1,2,0
cust-05428,Customer 05428,48,250.82,0,0,-21.8,82,basic,15,7,5,-11.2,26,40.0,2,0
cust-05429,Customer 05429,17,162.79,3,2,-5.5,61,standard,20,20,0,-27.1,40,35.6,0,0
cust-05430,Customer 05430,16,514.51,2,1,9.1,47,standard,19,23,0,5.5,18,75.8,2,0
cust-05431,Customer 05431,19,422.4,11,0,23.0,75,standard,7,15,0,23.1,10,45.2,0,0
cust-05432,Customer 05432,66,455.45,0,0,-2.0,9,standard,27,0,0,-3.0,85,52.6,1,0
cust-05433,Customer 05433,14,229.71,6,0,-19.9,60,standard,11,13,0,-17.1,4,43.6,1,0
cust-05434,Customer 05434,37,485.43,5,1,39.2,46,standard,25,3,10,43.2,8,84.6,0,0
cust-05435,Customer 05435,27,105.08,0,0,-45.3,62,basic,20,6,10,-48.0,45,9.9,0,0
cust-05436,Customer 05436,35,398.7,7,0,-12.5,50,standard,7,23,10,15.6,5,50.7,1,0
cust-05437,Customer 05437,25,146.49,4,0,7.5,78,basic,33,13,5,4.6,27,31.5,0,0
cust-05438,Customer 05438,43,1586.56,0,2,23.6,70,premium,19,10,5,19.3,57,70.2,0,0
cust-05439,Customer 05439,3,236.28,0,1,-5.0,49,basic,12,16,5,5.8,58,24.8,0,0
cust-05440,Customer 05440,18,252.37,0,1,-24.7,80,basic,77,5,0,-35.2,81,43.2,2,0
cust-05441,Customer 05441,45,1024.89,0,0,-30.7,95,premium,32,17,20,-36.5,53,25.0,2,1
cust-05442,Customer 05442,41,97.7,4,0,-5.2,52,basic,39,17,0,9.1,8,85.9,2,0
cust-05443,Customer 05443,23,444.32,1,0,-0.8,82,standard,48,13,0,7.6,35,75.1,2,0
cust-05444,Customer 05444,49,416.25,4,1,-11.3,40,standard,16,2,5,-12.0,77,40.2,1,0
cust-05445,Customer 05445,19,241.57,1,0,-19.1,52,standard,36,33,0,-20.8,8,24.5,2,0
cust-05446,Customer 05446,19,134.44,0,0,-6.1,95,basic,5,35,5,-4.9,37,54.5,0,0
cust-05447,Customer 05447,47,68.12,4,0,18.4,42,basic,37,11,10,17.8,38,48.5,0,0
cust-05448,Customer 05448,30,403.46,0,2,19.9,75,standard,10,6,20,17.8,53,77.9,2,0
cust-05449,Customer 05449,41,141.71,0,1,-22.9,68,basic,35,12,15,-6.4,69,58.7,1,0
cust-05450,Customer 05450,14,128.76,0,0,2.0,54,basic,8,10,0,2.5,45,86.1,1,0
cust-05451,Customer 05451,9,476.12,0,1,28.3,21,standard,13,6,15,24.1,79,20.0,0,0
cust-05452,Customer 05452,18,329.86,2,0,8.3,35,standard,30,0,0,4.0,16,69.6,1,0
cust-05453,Customer 05453,69,453.32,1,0,-19.4,66,standard,8,11,0,-6.5,14,60.3,1,0
cust-05454,Customer 05454,72,312.49,3,1,12.0,14,standard,11,18,10,6.0,37,64.3,1,0
cust-05455,Customer 05455,27,229.09,0,1,9.5,64,standard,8,8,0,-3.3,68,68.1,0,0
cust-05456,Customer 05456,27,342.21,2,0,20.8,95,standard,28,30,0,18.3,78,56.0,3,0
cust-05457,Customer 05457,17,113.51,0,1,24.4,60,basic,14,0,0,12.4,75,32.1,1,0
cust-05458,Customer 05458,9,172.29,2,0,6.7,25,basic,7,10,10,-1.7,19,64.5,0,0
cust-05459,Customer 05459,67,94.08,1,0,31.1,67,basic,8,27,0,28.6,14,62.7,1,0
cust-05460,Customer 05460,7,1028.32,0,1,11.5,29,premium,28,18,0,15.8,83,22.7,0,0
cust-05461,Customer 05461,66,100.75,2,1,9.4,21,basic,7,10,5,13.5,33,99.1,2,0
cust-05462,Customer 05462,14,133.93,0,0,3.0,35,basic,14,16,0,21.1,75,33.6,0,0
cust-05463,Customer 05463,19,164.71,1,0,-0.8,46,basic,46,14,0,-12.3,7,41.8,0,0
cust-05464,Customer 05464,23,450.47,2,0,-19.3,33,premium,9,10,0,-19.7,16,72.7,0,0
cust-05465,Customer 05465,1,126.48,4,0,1.7,60,basic,2,0,10,-0.9,35,66.8,0,0
cust-05466,Customer 05466,68,295.73,2,0,8.7,68,standard,19,18,0,21.1,6,22.8,2,0
cust-05467,Customer 05467,17,348.43,0,0,-7.5,53,standard,23,0,15,-8.6,80,45.1,0,0
cust-05468,Customer 05468,66,299.72,6,0,21.1,7,standard,18,9,5,28.2,12,65.6,0,0
cust-05469,Customer 05469,3,185.69,2,1,13.8,29,standard,25,11,5,12.4,17,48.9,0,0
cust-05470,Customer 05470,28,218.4,1,0,-15.7,61,basic,18,19,0,-29.2,15,49.4,1,0
cust-05471,Customer 05471,19,131.01,0,0,-32.1,61,basic,45,23,15,-36.1,62,39.7,0,0
cust-05472,Customer 05472,5,465.27,3,0,13.3,30,standard,34,0,5,11.6,71,43.5,0,0
cust-05473,Customer 05473,15,123.26,2,2,-17.8,39,basic,7,18,5,-10.3,14,38.3,1,0
cust-05474,Customer 05474,26,271.28,0,0,0.8,95,standard,7,7,0,2.9,81,64.6,0,0
cust-05475,Customer 05475,39,550.58,0,0,45,28,standard,9,3,0,43.8,44,42.1,0,0
cust-05476,Customer 05476,43,462.67,0,0,33.4,46,standard,20,0,10,31.0,36,82.9,0,0
cust-05477,Customer 05477,13,1418.42,2,0,-3.6,43,premium,7,14,10,8.4,11,50.3,0,0
cust-05478,Customer 05478,21,371.91,4,2,24.8,63,standard,38,9,5,20.1,32,64.1,1,0
cust-05479,Customer 05479,18,380.54,1,0,15.8,60,standard,32,12,0,3.8,38,50.8,2,0
cust-05480,Customer 05480,6,262.5,3,0,-12.7,3,standard,10,9,0,-2.6,64,66.3,1,0
cust-05481,Customer 05481,22,96.14,3,0,10.1,67,basic,20,16,10,18.0,22,75.7,3,0
cust-05482,Customer 05482,23,190.94,1,1,-7.1,42,basic,10,4,10,-26.2,52,58.0,1,0
cust-05483,Customer 05483,18,214.37,0,0,6.7,38,basic,4,13,0,-10.7,37,87.7,1,0
cust-05484,Customer 05484,31,152.43,0,0,-15.2,45,basic,5,0,10,-5.2,57,80.5,1,0
cust-05485,Customer 05485,51,403.05,0,1,33.5,95,standard,13,3,5,44.4,69,77.0,0,0
cust-05486,Customer 05486,34,161.53,0,0,45,45,basic,37,1,15,41.6,87,58.7,2,0
cust-05487,Customer 05487,41,84.92,2,0,-52.5,14,basic,27,13,0,-39.3,15,63.1,1,0
cust-05488,Customer 05488,18,510.97,1,0,-50.1,60,standard,39,14,0,-52.1,3,37.4,1,0
cust-05489,Customer 05489,9,234.67,5,0,12.9,68,standard,29,12,10,13.0,21,100,0,0
cust-05490,Customer 05490,27,137.78,7,0,-67.7,26,basic,44,15,5,-61.6,34,26.2,1,1
cust-05491,Customer 05491,21,597.11,3,2,1.5,11,standard,13,22,5,-5.9,19,65.3,2,0
cust-05492,Customer 05492,17,126.79,1,1,1.9,88,basic,18,8,0,-10.2,16,57.7,2,0
cust-05493,Customer 05493,58,309.27,2,1,-18.0,34,standard,4,1,10,-17.0,19,44.4,0,0
cust-05494,Customer 05494,32,1223.28,4,0,0.7,41,premium,3,10,10,4.4,40,65.7,3,0
cust-05495,Customer 05495,12,138.22,0,1,27.2,56,basic,14,24,10,22.1,70,56.1,0,0
cust-05496,Customer 05496,46,117.34,6,0,9.2,76,basic,16,15,10,13.9,4,67.4,0,0
cust-05497,Customer 05497,21,185.87,0,1,6.5,47,basic,16,12,0,-0.2,72,60.2,1,0
cust-05498,Customer 05498,47,439.58,2,1,-6.7,46,standard,4,12,0,-3.5,40,10.1,0,0
cust-05499,Customer 05499,6,472.23,2,1,29.2,29,standard,13,11,0,33.7,38,71.3,0,0
cust-05500,Customer 05500,34,962.84,2,0,-60.3,60,premium,22,10,10,-67.6,12,26.2,1,0
cust-05501,Customer 05501,30,588.4,0,0,1.1,11,premium,42,4,0,2.4,79,28.3,1,1
cust-05502,Customer 05502,37,152.75,1,0,21.1,41,basic,5,21,0,13.0,37,90.7,1,0
cust-05503,Customer 05503,39,411.11,1,0,-24.1,79,standard,7,9,0,-24.2,59,49.8,0,0
cust-05504,Customer 05504,3,266.41,2,3,6.7,23,standard,12,16,0,0.6,64,21.1,1,1
cust-05505,Customer 05505,53,152.36,0,0,-3.0,57,basic,3,0,0,1.7,72,88.5,3,0
cust-05506,Customer 05506,7,375.38,2,0,32.6,74,standard,11,23,5,30.0,58,53.1,2,0
cust-05507,Customer 05507,29,332.66,0,2,31.3,78,standard,26,30,0,22.7,47,64.5,0,0
cust-05508,Customer 05508,11,193.74,1,0,-38.9,23,basic,27,11,0,-54.0,15,31.3,0,1
cust-05509,Customer 05509,19,276.09,2,0,-5.0,45,standard,18,5,0,-15.3,22,64.7,0,0
cust-05510,Customer 05510,10,188.11,0,0,6.4,60,basic,26,15,10,16.7,48,34.4,0,0
cust-05511,Customer 05511,8,279.07,3,0,0.2,21,basic,8,1,0,3.5,13,74.3,1,0
cust-05512,Customer 05512,18,433.97,3,0,-32.5,61,standard,27,7,0,-19.3,29,70.2,2,0
cust-05513,Customer 05513,20,1740.14,0,0,22.3,92,premium,11,2,5,28.5,72,51.4,2,0
cust-05514,Customer 05514,16,1495.91,3,2,10.7,67,premium,6,0,0,11.2,11,66.9,2,0
cust-05515,Customer 05515,4,1041.9,1,1,-1.3,22,premium,24,0,0,-28.7,8,42.2,0,0
cust-05516,Customer 05516,3,351.6,0,0,-4.0,46,standard,4,16,5,-10.4,73,100,2,0
cust-05517,Customer 05517,19,263.16,2,1,-4.1,42,basic,10,26,10,-3.2,11,81.0,1,0
cust-05518,Customer 05518,7,207.68,4,1,-5.7,57,basic,28,15,15,-3.8,41,5,0,0
cust-05519,Customer 05519,10,290.16,4,1,-12.4,36,standard,11,12,0,-6.6,13,33.5,0,1
cust-05520,Customer 05520,6,165.1,0,0,21.0,70,basic,8,22,0,13.7,59,46.3,0,0
cust-05521,Customer 05521,50,175.42,0,0,-31.7,36,basic,36,6,10,-33.6,45,70.1,0,0
cust-05522,Customer 05522,39,392.62,3,0,0.7,53,standard,31,15,10,-7.0,33,65.0,0,0
cust-05523,Customer 05523,14,465.64,2,0,31.5,20,standard,22,18,0,41.3,5,40.7,1,1
cust-05524,Customer 05524,15,1162.07,2,0,-30.5,52,premium,41,9,0,-31.8,33,74.7,0,0
cust-05525,Customer 05525,31,205.09,4,1,-34.6,71,basic,15,0,0,-41.1,6,44.3,0,0
cust-05526,Customer 05526,22,1074.25,5,0,1.3,26,premium,41,0,5,6.8,17,87.9,0,0
cust-05527,Customer 05527,9,411.05,2,1,-43.3,59,standard,18,16,10,-56.7,22,68.7,0,0
cust-05528,Customer 05528,7,697.49,0,1,14.6,48,premium,28,4,0,26.7,81,98.8,0,0
cust-05529,Customer 05529,26,404.62,0,1,0.8,63,standard,10,35,0,-22.6,67,95.1,0,0
cust-05530,Customer 05530,14,605.92,0,1,36.0,65,standard,4,17,0,32.0,73,36.2,0,0
cust-05531,Customer 05531,29,107.19,0,0,3.4,53,basic,18,15,10,-3.2,78,50.0,0,0
cust-05532,Customer 05532,5,430.98,2,0,-3.6,37,standard,8,8,0,-13.9,6,51.5,3,0
cust-05533,Customer 05533,17,492.54,0,1,-30.0,65,standard,35,15,0,-37.3,70,35.7,2,0
cust-05534,Customer 05534,25,1089.57,0,0,-26.2,62,premium,33,12,0,-39.5,50,6.5,0,1
cust-05535,Customer 05535,32,165.26,0,2,-13.9,70,basic,38,15,15,-3.0,80,45.5,1,0
cust-05536,Customer 05536,30,162.63,6,0,-19.3,38,basic,22,0,0,-26.7,34,64.1,2,0
cust-05537,Customer 05537,9,122.75,0,0,-24.0,42,basic,18,13,5,-32.0,57,29.6,0,0
cust-05538,Customer 05538,11,1064.46,2,0,17.5,65,premium,17,25,5,16.1,57,38.6,1,0
cust-05539,Customer 05539,60,130.38,1,0,-38.0,26,basic,17,4,5,-38.8,12,99.4,1,0
cust-05540,Customer 05540,45,125.31,4,0,-10.0,36,basic,26,21,0,0.7,18,35.2,1,0
cust-05541,Customer 05541,13,200.08,0,0,7.5,39,basic,30,35,0,21.2,55,35.7,2,0
cust-05542,Customer 05542,41,463.05,3,0,-16.6,20,standard,13,10,5,-1.2,44,49.3,1,0
cust-05543,Customer 05543,25,742.16,3,0,-5.3,25,standard,21,13,0,-10.8,7,38.1,1,1
cust-05544,Customer 05544,12,422.04,3,0,16.7,77,standard,20,24,0,15.5,19,45.3,1,0
cust-05545,Customer 05545,52,190.33,0,1,-14.0,68,basic,33,12,0,-24.9,80,22.5,1,0
cust-05546,Customer 05546,9,287.07,1,3,15.1,9,standard,2,4,0,27.7,4,53.4,1,0
cust-05547,Customer 05547,61,164.52,3,0,0.9,22,basic,10,25,0,-8.3,25,29.0,2,0
cust-05548,Customer 05548,55,104.27,0,2,6.0,82,basic,16,3,10,2.4,41,36.9,1,0
cust-05549,Customer 05549,64,327.54,0,1,13.1,33,standard,19,9,0,9.3,34,60.5,0,0
cust-05550,Customer 05550,31,455.5,0,0,3.3,48,standard,14,15,10,-10.5,37,68.2,0,0
cust-05551,Customer 05551,27,243.41,0,0,-4.8,40,basic,36,26,0,2.0,30,55.8,1,1
cust-05552,Customer 05552,19,653.65,5,0,-47.7,89,premium,31,17,10,-41.2,56,28.3,3,1
cust-05553,Customer 05553,43,365.29,0,0,17.7,30,standard,18,16,15,28.6,36,67.4,0,0
cust-05554,Customer 05554,38,181.72,2,2,10.3,62,basic,59,19,10,19.2,21,29.4,0,1
cust-05555,Customer 05555,13,1126.92,3,0,-0.7,35,premium,46,0,10,-5.3,10,35.6,0,0
cust-05556,Customer 05556,12,243.0,1,0,14.9,95,standard,31,10,10,24.8,34,72.3,0,0
cust-05557,Customer 05557,15,804.53,1,0,45,27,premium,45,6,0,42.2,9,54.7,2,0
cust-05558,Customer 05558,21,394.52,1,0,-11.9,14,standard,9,18,0,-10.6,39,75.7,0,0
cust-05559,Customer 05559,29,470.2,2,0,-18.0,34,standard,19,0,5,-12.6,9,57.2,0,0
cust-05560,Customer 05560,17,154.32,4,3,15.7,1,basic,5,20,5,23.7,1,69.1,0,1
cust-05561,Customer 05561,6,443.49,2,0,-38.4,48,standard,40,2,0,-39.8,77,44.9,0,0
cust-05562,Customer 05562,51,161.32,1,4,19.9,21,basic,11,31,0,29.5,16,25.1,0,0
cust-05563,Customer 05563,26,851.14,3,2,6.3,75,premium,49,2,0,-2.6,34,46.7,2,1
cust-05564,Customer 05564,60,229.56,0,0,17.2,36,basic,13,30,0,19.2,50,58.6,0,0
cust-05565,Customer 05565,15,853.72,2,0,22.5,52,premium,12,33,0,17.0,32,83.7,0,0
cust-05566,Customer 05566,21,129.83,0,1,4.8,49,basic,6,9,0,18.0,60,30.4,0,0
cust-05567,Customer 05567,29,1096.64,6,1,27.2,50,premium,2,3,5,21.6,17,43.1,0,0
cust-05568,Customer 05568,30,510.09,2,0,21.3,56,standard,14,12,10,18.3,23,46.1,0,0
cust-05569,Customer 05569,25,1003.66,0,1,-18.2,30,premium,5,11,0,-19.7,28,67.1,0,0
cust-05570,Customer 05570,16,483.97,5,0,-42.7,16,standard,38,1,5,-40.7,60,92.7,0,1
cust-05571,Customer 05571,18,354.22,7,0,2.9,57,standard,46,13,0,16.7,29,69.5,0,0
cust-05572,Customer 05572,20,358.93,7,0,-31.0,65,standard,14,21,0,-23.0,20,62.0,0,0
cust-05573,Customer 05573,23,395.88,2,1,-19.9,23,standard,24,0,0,-18.8,32,100,2,0
cust-05574,Customer 05574,18,174.87,0,0,-19.1,2,basic,15,12,0,-3.6,39,49.4,0,0
cust-05575,Customer 05575,30,419.56,0,0,23.0,22,standard,32,0,0,35.1,44,78.0,1,0
cust-05576,Customer 05576,4,238.94,5,1,-9.0,38,basic,6,22,10,2.1,51,71.7,0,0
cust-05577,Customer 05577,17,286.2,0,0,6.2,27,standard,31,14,5,17.9,53,59.2,1,0
cust-05578,Customer 05578,10,223.74,3,2,45,33,basic,14,17,0,50,23,21.8,0,0
cust-05579,Customer 05579,26,238.53,0,0,-26.2,69,basic,7,13,0,-31.1,58,43.0,0,0
cust-05580,Customer 05580,45,395.77,1,2,0.2,35,standard,16,30,0,-1.4,40,93.8,1,0
cust-05581,Customer 05581,4,206.2,1,1,-12.5,-10,basic,47,10,0,-6.7,9,57.8,0,1
cust-05582,Customer 05582,4,214.75,0,1,-18.2,13,basic,21,15,5,-13.3,64,40.3,2,1
cust-05583,Customer 05583,10,490.04,1,0,25.3,40,standard,33,0,10,35.2,52,55.0,0,0
cust-05584,Customer 05584,28,289.26,3,0,5.0,49,standard,14,4,0,-0.3,35,39.0,3,0
cust-05585,Customer 05585,38,294.75,1,1,36.8,11,standard,3,4,10,30.7,15,74.5,2,0
cust-05586,Customer 05586,34,303.35,0,0,-54.7,52,standard,13,12,20,-57.8,35,58.7,0,0
cust-05587,Customer 05587,16,285.23,0,0,-20.0,37,standard,5,0,15,-19.3,86,35.5,0,0
cust-05588,Customer 05588,12,69.02,5,0,38.7,37,basic,16,14,0,44.1,73,95.5,1,0
cust-05589,Customer 05589,25,1321.54,4,1,0.7,31,premium,29,0,0,8.5,13,24.5,2,1
cust-05590,Customer 05590,26,172.75,1,0,9.6,68,basic,4,4,0,11.0,32,72.2,2,0
cust-05591,Customer 05591,29,541.21,5,0,-8.2,41,premium,30,0,0,-6.0,7,60.9,1,0
cust-05592,Customer 05592,13,485.85,3,0,0.9,53,premium,30,29,0,3.5,20,56.5,1,0
cust-05593,Customer 05593,39,1285.12,2,2,16.8,36,premium,4,8,10,12.8,31,57.9,2,0
cust-05594,Customer 05594,6,183.18,0,1,12.0,53,basic,21,8,15,24.7,54,25.2,2,0
cust-05595,Customer 05595,14,481.62,5,1,0.6,2,standard,14,12,10,10.5,42,96.4,1,0
cust-05596,Customer 05596,15,142.87,3,0,-30.4,37,basic,23,24,5,-30.2,52,92.2,2,0
cust-05597,Customer 05597,22,242.24,3,0,25.3,63,basic,9,15,0,28.6,6,50.6,1,0
cust-05598,Customer 05598,34,553.72,4,0,-3.9,50,standard,30,30,0,-1.1,10,60.8,0,0
cust-05599,Customer 05599,16,237.92,0,1,-21.3,21,basic,25,0,0,-10.3,84,84.9,0,1
cust-05600,Customer 05600,18,103.14,2,0,-4.9,57,basic,6,13,0,1.0,1,77.1,0,0
cust-05601,Customer 05601,10,465.85,1,1,-19.0,63,standard,39,18,0,-16.3,11,43.3,0,0
cust-05602,Customer 05602,72,444.74,6,0,-2.7,37,standard,48,16,0,9.9,10,38.7,0,0
cust-05603,Customer 05603,14,180.25,2,3,-12.9,51,basic,34,17,0,-13.4,35,67.6,3,0
cust-05604,Customer 05604,38,393.0,0,1,10.4,64,standard,12,3,15,-4.7,39,86.3,0,0
cust-05605,Customer 05605,34,354.61,0,0,-18.1,41,standard,43,29,15,-12.8,52,86.7,0,0
cust-05606,Customer 05606,41,173.14,0,1,-7.6,32,basic,22,20,10,-1.3,63,52.6,3,0
cust-05607,Customer 05607,32,1496.77,0,0,-8.7,47,premium,8,4,0,-5.8,40,64.1,0,0
cust-05608,Customer 05608,11,559.32,0,0,10.9,64,standard,2,22,0,-6.8,69,82.9,2,0
cust-05609,Customer 05609,23,427.54,3,0,3.0,86,standard,16,5,0,1.2,15,78.2,1,0
cust-05610,Customer 05610,12,195.1,2,0,37.7,38,basic,15,0,0,36.4,4,59.0,0,0
cust-05611,Customer 05611,13,389.28,1,0,-11.2,50,standard,7,16,0,-9.8,28,50.8,2,0
cust-05612,Customer 05612,6,321.56,5,0,-15.7,64,basic,26,0,0,-28.5,10,90.7,1,0
cust-05613,Customer 05613,36,312.63,0,1,-21.0,61,standard,11,15,0,-8.3,64,76.6,0,0
cust-05614,Customer 05614,32,165.04,2,1,5.8,45,basic,51,6,0,-17.0,69,74.8,0,0
cust-05615,Customer 05615,37,1209.82,3,0,15.0,33,premium,40,5,0,7.8,5,64.2,0,0
cust-05616,Customer 05616,35,585.43,0,0,36.8,55,standard,12,10,10,31.1,35,59.1,0,0
cust-05617,Customer 05617,19,663.86,8,1,-2.5,79,premium,7,6,15,7.7,12,87.8,2,0
cust-05618,Customer 05618,10,491.1,0,0,-18.4,75,standard,40,4,0,-7.8,62,55.1,1,1
cust-05619,Customer 05619,72,566.84,1,1,-10.3,17,standard,11,18,0,-11.9,90,29.4,0,0
cust-05620,Customer 05620,22,1526.12,0,1,-10.7,4,premium,7,3,0,-12.8,87,67.6,2,0
cust-05621,Customer 05621,28,315.86,2,0,8.0,57,standard,22,17,0,6.6,19,46.7,1,0
cust-05622,Customer 05622,23,335.63,0,0,40.9,30,standard,26,3,0,50,80,39.4,1,0
cust-05623,Customer 05623,29,163.89,2,0,-67.4,48,basic,27,28,0,-72.4,42,32.0,0,0
cust-05624,Customer 05624,6,267.35,0,0,-15.1,55,standard,37,31,5,-17.0,48,90.5,1,0
cust-05625,Customer 05625,36,464.31,0,0,13.4,31,standard,8,8,10,13.7,45,48.9,1,1
cust-05626,Customer 05626,11,340.13,1,0,17.7,22,standard,11,7,5,19.8,35,78.4,0,0
cust-05627,Customer 05627,25,1240.42,1,0,-22.0,66,premium,20,11,0,-32.7,41,70.0,0,0
cust-05628,Customer 05628,9,308.72,7,1,4.1,29,standard,5,23,10,19.4,28,53.0,3,1
cust-05629,Customer 05629,23,480.66,1,0,-8.1,60,standard,24,16,0,-19.7,66,9.9,1,0
cust-05630,Customer 05630,37,511.81,0,0,-6.8,60,standard,3,23,0,-3.8,51,50.2,0,0
cust-05631,Customer 05631,10,145.78,0,1,6.4,76,basic,3,15,0,-5.8,79,54.0,0,0
cust-05632,Customer 05632,18,139.46,0,0,-8.5,38,basic,21,22,10,-10.7,66,29.6,2,0
cust-05633,Customer 05633,56,145.21,0,0,3.3,5,basic,37,10,0,4.0,44,72.2,2,0
cust-05634,Customer 05634,34,137.76,1,0,18.0,57,basic,19,0,0,28.3,55,60.6,0,0
cust-05635,Customer 05635,72,937.45,0,0,21.6,21,premium,23,6,0,26.1,63,55.3,0,0
cust-05636,Customer 05636,15,879.7,0,0,-54.7,48,premium,20,6,0,-54.8,74,44.0,0,0
cust-05637,Customer 05637,5,559.34,3,0,1.3,62,standard,34,5,0,-13.1,40,34.4,0,0
cust-05638,Customer 05638,11,245.06,0,2,10.8,18,basic,9,10,0,5.3,52,36.1,1,0
cust-05639,Customer 05639,5,88.93,5,1,29.2,75,basic,11,20,20,34.3,10,79.4,1,0
cust-05640,Customer 05640,12,167.61,3,0,8.1,44,basic,3,9,0,6.7,14,46.6,0,0
cust-05641,Customer 05641,59,1159.67,0,0,-55.4,27,premium,17,8,0,-61.1,39,54.8,1,0
cust-05642,Customer 05642,34,454.52,2,0,-32.6,37,standard,42,0,0,-35.1,1,34.2,0,0
cust-05643,Customer 05643,24,287.34,0,2,-0.4,22,standard,34,0,15,-2.4,52,92.8,0,0
cust-05644,Customer 05644,37,180.59,2,1,19.8,84,basic,5,2,0,15.8,46,38.8,0,0
cust-05645,Customer 05645,44,292.81,4,0,-18.8,34,standard,18,4,0,-30.5,34,65.0,0,0
cust-05646,Customer 05646,17,441.11,9,1,-54.0,85,standard,44,4,5,-36.7,18,92.6,0,0
cust-05647,Customer 05647,33,1426.73,1,0,-23.8,60,premium,26,14,0,-28.0,17,11.6,0,0
cust-05648,Customer 05648,17,459.29,0,1,-46.9,68,standard,14,16,15,-44.6,25,22.4,0,0
cust-05649,Customer 05649,32,229.49,0,1,12.1,53,basic,23,0,5,10.6,65,92.2,1,0
cust-05650,Customer 05650,41,454.99,1,0,-21.1,24,standard,53,19,0,-32.8,30,7.3,3,0
cust-05651,Customer 05651,35,171.86,6,0,-16.9,39,basic,4,25,10,-18.9,19,54.6,0,0
cust-05652,Customer 05652,3,281.85,1,0,20.1,23,standard,30,0,5,28.4,21,71.4,0,0
cust-05653,Customer 05653,8,437.81,0,0,-2.2,21,standard,15,20,5,-3.6,65,76.1,0,0
cust-05654,Customer 05654,58,893.03,1,0,3.5,71,premium,3,13,0,3.8,16,76.6,0,0
cust-05655,Customer 05655,53,142.46,0,0,7.7,26,basic,17,14,10,9.8,70,93.9,0,0
cust-05656,Customer 05656,11,1210.99,0,0,-13.7,42,premium,21,12,0,-2.5,35,69.3,1,0
cust-05657,Customer 05657,22,77.63,0,0,-26.8,41,basic,12,17,0,-6.8,41,63.8,2,0
cust-05658,Customer 05658,28,525.09,8,0,6.7,63,premium,20,3,0,8.7,15,67.8,0,0
cust-05659,Customer 05659,40,536.4,0,1,4.6,46,standard,3,9,0,-3.8,34,51.1,1,0
cust-05660,Customer 05660,12,181.37,1,3,4.1,39,basic,32,1,0,12.2,50,97.3,0,1
cust-05661,Customer 05661,23,360.26,4,1,-36.5,17,standard,12,18,10,-50.9,11,41.8,0,1
cust-05662,Customer 05662,18,96.08,0,0,15.8,62,basic,7,27,15,24.3,45,64.9,0,0
cust-05663,Customer 05663,50,229.69,0,1,1.1,44,basic,8,14,0,-6.7,35,75.8,0,0
cust-05664,Customer 05664,39,392.45,1,0,-0.2,-7,standard,11,26,10,-7.2,11,77.5,0,0
cust-05665,Customer 05665,38,192.76,1,0,-33.9,54,basic,39,23,5,-32.9,75,69.1,0,0
cust-05666,Customer 05666,31,505.16,0,1,9.0,95,standard,14,5,5,21.7,38,94.4,0,0
cust-05667,Customer 05667,18,424.11,2,1,0.9,43,standard,20,10,10,4.4,17,63.8,0,0
cust-05668,Customer 05668,37,474.14,4,0,-0.4,59,standard,14,10,0,-1.7,27,41.8,2,0
cust-05669,Customer 05669,16,496.98,0,2,-19.5,55,standard,35,11,10,-8.6,56,64.4,0,0
cust-05670,Customer 05670,67,326.5,0,1,5.1,32,standard,27,29,5,-2.5,85,58.1,0,0
cust-05671,Customer 05671,21,385.75,1,1,-5.5,56,standard,9,25,0,-4.6,21,84.7,1,0
cust-05672,Customer 05672,26,415.56,1,0,-2.2,19,standard,7,15,0,7.2,88,60.6,0,0
cust-05673,Customer 05673,48,881.81,3,3,19.0,95,premium,18,0,0,6.3,3,38.9,0,0
cust-05674,Customer 05674,12,761.52,1,1,-15.8,65,premium,4,0,5,-9.5,15,26.9,0,0
cust-05675,Customer 05675,31,470.72,0,1,15.1,66,standard,7,2,5,18.4,70,54.6,3,0
cust-05676,Customer 05676,47,222.79,2,1,0.2,55,basic,41,28,15,-1.5,27,30.6,0,0
cust-05677,Customer 05677,8,220.85,0,1,-7.8,95,basic,30,12,0,-2.8,67,44.5,0,0
cust-05678,Customer 05678,21,454.65,0,0,14.0,14,standard,15,4,0,13.6,85,43.5,0,0
cust-05679,Customer 05679,4,460.84,10,3,-30.3,14,standard,20,20,0,-32.5,8,55.9,1,1
cust-05680,Customer 05680,45,352.04,0,0,3.1,88,standard,10,0,5,8.0,27,36.4,1,0
cust-05681,Customer 05681,31,154.5,1,0,-30.0,83,basic,60,15,5,-19.0,5,56.8,1,1
cust-05682,Customer 05682,23,471.52,0,3,4.4,28,standard,10,25,0,4.2,25,68.8,0,0
cust-05683,Customer 05683,45,383.22,3,2,39.4,29,standard,7,26,0,39.3,14,63.6,0,0
cust-05684,Customer 05684,33,944.2,1,1,-19.7,42,premium,6,5,5,-24.6,25,61.6,3,0
cust-05685,Customer 05685,16,1226.88,0,0,24.8,56,premium,29,21,0,21.6,84,45.9,2,0
cust-05686,Customer 05686,42,343.08,0,0,-15.3,50,standard,28,14,0,2.9,73,97.3,0,0
cust-05687,Customer 05687,12,1329.72,1,1,-11.2,45,premium,24,5,5,-0.5,23,58.1,0,0
cust-05688,Customer 05688,12,125.44,1,0,14.1,44,basic,17,3,0,16.1,46,54.3,0,0
cust-05689,Customer 05689,11,121.93,0,0,28.3,20,basic,10,21,0,32.0,52,33.2,0,0
cust-05690,Customer 05690,5,497.27,2,0,17.8,33,standard,21,3,5,18.6,22,40.7,1,0
cust-05691,Customer 05691,15,218.95,0,0,-23.4,55,basic,32,12,0,-12.1,55,72.0,0,0
cust-05692,Customer 05692,30,142.07,0,0,-21.3,48,basic,16,29,15,-8.7,78,77.7,1,0
cust-05693,Customer 05693,24,91.78,1,0,-8.7,-1,basic,15,14,0,-17.9,73,52.8,3,0
cust-05694,Customer 05694,16,243.41,0,0,1.1,11,basic,6,14,0,6.8,35,48.5,2,0
cust-05695,Customer 05695,38,980.87,3,0,6.5,36,premium,6,21,0,16.3,10,41.7,0,0
cust-05696,Customer 05696,72,446.98,3,2,-28.9,36,standard,23,12,0,-25.2,16,50.7,1,1
cust-05697,Customer 05697,5,522.89,0,1,6.8,41,standard,37,26,0,10.5,84,100,0,0
cust-05698,Customer 05698,38,204.71,0,0,5.7,50,basic,17,17,10,6.1,67,45.0,2,0
cust-05699,Customer 05699,12,137.83,4,1,-24.4,21,basic,49,7,10,-24.6,31,38.0,3,0
cust-05700,Customer 05700,25,907.43,2,0,-9.3,37,premium,18,0,0,-17.5,4,53.2,2,0
cust-05701,Customer 05701,30,490.43,5,0,-9.5,40,standard,42,16,10,-2.8,14,74.9,0,1
cust-05702,Customer 05702,11,161.71,0,0,11.3,57,basic,18,7,5,14.4,62,96.8,1,0
cust-05703,Customer 05703,21,168.55,0,0,-24.5,34,basic,9,5,10,-19.1,62,33.5,0,1
cust-05704,Customer 05704,47,202.16,1,3,-29.9,41,basic,18,16,15,-33.5,55,55.3,2,0
cust-05705,Customer 05705,22,113.0,1,1,18.6,12,basic,4,1,10,18.0,23,67.3,1,0
cust-05706,Customer 05706,18,126.97,1,0,-10.2,10,basic,23,5,0,-1.7,59,42.7,0,0
cust-05707,Customer 05707,36,200.48,1,3,22.9,84,basic,8,4,0,11.0,10,41.9,2,0
cust-05708,Customer 05708,32,1546.69,1,0,3.2,67,premium,10,14,15,5.1,58,84.6,0,0
cust-05709,Customer 05709,32,413.53,8,0,-9.1,74,standard,34,17,0,-5.5,18,28.4,2,0
cust-05710,Customer 05710,8,407.57,1,0,-6.4,65,standard,15,9,15,-12.2,21,63.9,0,0
cust-05711,Customer 05711,18,196.07,0,0,2.8,31,standard,36,7,0,2.5,52,86.0,0,0
cust-05712,Customer 05712,13,490.35,0,0,23.4,45,standard,21,3,0,24.2,69,100,0,0
cust-05713,Customer 05713,29,295.36,4,1,-12.9,12,standard,6,17,10,3.5,17,74.1,0,1
cust-05714,Customer 05714,25,211.24,3,0,19.6,-2,basic,38,0,0,20.1,21,49.2,1,0
cust-05715,Customer 05715,25,187.91,3,0,-22.4,91,basic,8,17,0,-22.4,12,71.0,0,0
cust-05716,Customer 05716,19,442.3,1,2,3.7,66,standard,37,32,0,22.0,1,55.5,0,0
cust-05717,Customer 05717,14,1019.76,0,0,-50.4,53,premium,13,16,0,-35.7,27,8.1,0,1
cust-05718,Customer 05718,14,197.32,0,0,27.3,47,standard,4,31,0,28.8,29,32.8,0,0
cust-05719,Customer 05719,59,125.81,0,0,-24.2,54,basic,25,15,5,-30.7,36,47.8,0,0
cust-05720,Customer 05720,19,178.17,5,0,-12.4,72,basic,21,20,0,-12.3,44,19.6,0,0
cust-05721,Customer 05721,21,198.14,1,0,10.6,95,basic,29,8,0,17.6,10,29.5,0,0
cust-05722,Customer 05722,28,113.94,6,2,11.2,36,basic,6,42,0,-0.3,68,43.8,0,0
cust-05723,Customer 05723,35,512.42,1,0,13.7,25,standard,11,11,5,-1.7,38,46.5,2,0
cust-05724,Customer 05724,23,783.22,3,0,13.4,40,premium,14,20,0,22.2,7,32.4,1,0
cust-05725,Customer 05725,9,118.5,8,0,-24.9,36,basic,50,24,5,-28.5,26,74.2,1,0
cust-05726,Customer 05726,72,153.88,1,0,3.0,43,basic,31,0,0,-3.4,12,29.3,1,0
cust-05727,Customer 05727,28,99.24,0,2,24.3,32,basic,13,5,10,11.9,58,41.9,1,0
cust-05728,Customer 05728,26,750.66,0,0,-54.7,37,premium,16,7,0,-48.5,39,69.7,2,1
cust-05729,Customer 05729,43,851.57,1,3,-21.8,70,premium,10,10,0,-12.4,40,61.7,1,0
cust-05730,Customer 05730,35,202.8,0,1,9.6,60,standard,23,0,5,9.3,89,80.9,2,0
cust-05731,Customer 05731,12,144.52,6,0,8.4,80,basic,5,20,0,19.6,14,96.5,0,0
cust-05732,Customer 05732,40,416.19,2,0,-10.9,51,standard,6,13,0,-11.1,10,48.5,0,0
cust-05733,Customer 05733,11,492.24,1,0,-4.7,27,standard,22,0,0,-7.7,11,72.1,1,0
cust-05734,Customer 05734,60,97.09,4,0,1.5,44,basic,5,6,0,-0.4,19,70.0,0,0
cust-05735,Customer 05735,9,499.93,3,0,33.4,75,standard,20,1,0,44.8,40,55.0,1,0
cust-05736,Customer 05736,7,177.36,0,0,-6.8,14,basic,12,7,0,-11.1,34,85.7,1,0
cust-05737,Customer 05737,14,400.95,12,0,-22.0,20,standard,19,24,10,-22.9,17,100,1,0
cust-05738,Customer 05738,18,172.11,1,0,8.9,78,basic,22,16,20,-4.7,49,14.4,0,0
cust-05739,Customer 05739,29,108.85,4,0,-19.4,25,basic,29,14,5,-36.4,45,75.4,1,1
cust-05740,Customer 05740,31,168.68,0,0,30.3,3,basic,31,0,0,25.6,55,85.0,0,0
cust-05741,Customer 05741,24,131.88,4,1,15.4,81,basic,21,0,0,21.6,15,40.0,0,0
cust-05742,Customer 05742,2,1379.69,0,2,-28.7,62,premium,13,11,15,-35.7,69,79.2,0,0
cust-05743,Customer 05743,18,131.49,2,0,-10.5,84,basic,19,24,0,-9.3,18,58.7,2,0
cust-05744,Customer 05744,28,169.43,5,0,-14.4,40,basic,7,20,0,-14.5,22,98.2,0,0
cust-05745,Customer 05745,26,186.15,8,0,18.8,68,basic,9,3,20,24.9,28,8.3,0,0
cust-05746,Customer 05746,10,210.57,4,0,-9.6,48,basic,52,24,0,-5.6,22,7.5,2,0
cust-05747,Customer 05747,11,180.47,1,0,-31.1,35,basic,25,0,15,-20.4,40,11.4,0,0
cust-05748,Customer 05748,16,155.33,7,0,-0.2,-6,basic,11,18,0,3.8,21,75.3,3,1
cust-05749,Customer 05749,32,364.06,1,0,-3.6,71,standard,21,5,20,-3.4,36,52.5,2,0
cust-05750,Customer 05750,35,977.79,2,0,-56.3,43,premium,10,15,5,-56.3,79,83.0,2,0
cust-05751,Customer 05751,34,816.57,0,0,24.7,75,premium,17,10,0,33.1,57,65.6,0,0
cust-05752,Customer 05752,63,350.38,2,1,-8.6,46,standard,13,9,15,-11.9,12,57.0,2,0
cust-05753,Customer 05753,44,742.2,1,2,-16.5,5,premium,20,10,15,-8.9,45,30.7,0,1
cust-05754,Customer 05754,14,1174.75,3,0,-10.7,69,premium,42,18,10,-18.8,21,54.6,2,0
cust-05755,Customer 05755,8,1225.01,0,0,25.7,92,premium,9,8,5,24.2,90,51.0,2,0
cust-05756,Customer 05756,5,707.79,0,0,-24.3,83,premium,11,22,15,-35.4,48,51.8,2,0
cust-05757,Customer 05757,54,292.48,1,0,-48.1,41,standard,12,14,0,-43.1,14,41.1,0,0
cust-05758,Customer 05758,31,169.19,0,0,19.2,24,basic,39,6,0,10.5,35,9.3,0,0
cust-05759,Customer 05759,13,1245.57,12,3,17.0,53,premium,12,11,0,8.7,35,64.5,1,1
cust-05760,Customer 05760,22,197.9,1,0,-51.1,48,basic,26,3,5,-48.4,5,67.7,1,0
cust-05761,Customer 05761,26,146.51,0,0,9.1,18,basic,5,22,0,10.2,61,32.5,0,0
cust-05762,Customer 05762,1,353.64,1,0,25.3,8,standard,32,25,15,26.5,30,79.1,1,0
cust-05763,Customer 05763,32,1014.5,3,0,-15.4,30,premium,41,9,5,-5.9,5,45.4,0,0
cust-05764,Customer 05764,40,546.39,1,0,34.0,47,standard,0,23,0,23.1,90,48.4,0,0
cust-05765,Customer 05765,45,193.12,0,1,-24.0,28,basic,22,24,0,-16.0,75,93.0,3,1
cust-05766,Customer 05766,12,303.17,4,3,-24.5,10,standard,5,21,0,-24.3,32,18.8,0,0
cust-05767,Customer 05767,14,257.8,0,0,-42.6,26,standard,74,13,0,-50.9,38,23.3,0,0
cust-05768,Customer 05768,48,621.27,0,0,45,75,standard,12,5,0,50,71,45.6,0,0
cust-05769,Customer 05769,36,403.75,1,0,-4.1,53,standard,14,15,0,6.7,24,46.7,2,0
cust-05770,Customer 05770,60,223.73,0,1,11.7,16,basic,19,17,0,13.4,81,6.7,1,0
cust-05771,Customer 05771,11,389.67,8,2,24.7,73,standard,6,9,0,12.7,25,20.3,1,0
cust-05772,Customer 05772,29,1330.27,0,1,4.6,82,premium,51,0,0,-9.6,55,62.8,0,0
cust-05773,Customer 05773,4,192.0,1,0,9.4,72,basic,53,3,10,11.0,48,77.1,1,0
cust-05774,Customer 05774,42,613.25,1,0,-6.7,67,premium,14,4,15,-8.2,15,59.1,3,0
cust-05775,Customer 05775,18,379.17,1,2,-26.4,42,standard,39,0,20,-34.0,12,31.1,1,0
cust-05776,Customer 05776,49,205.58,0,3,29.4,46,basic,24,5,0,29.4,40,50.7,0,0
cust-05777,Customer 05777,43,350.18,1,0,15.3,73,standard,9,8,0,22.1,13,42.7,3,0
cust-05778,Customer 05778,11,543.27,0,1,-7.6,46,standard,31,4,0,-4.4,65,18.5,0,0
cust-05779,Customer 05779,26,132.9,1,3,-6.4,95,basic,26,4,15,-4.3,61,79.3,0,0
cust-05780,Customer 05780,8,264.62,2,0,-26.2,47,standard,39,9,5,-31.9,20,70.6,0,0
cust-05781,Customer 05781,42,186.52,0,0,-20.9,24,basic,20,7,0,-7.7,26,25.4,0,0
cust-05782,Customer 05782,25,386.46,0,1,-13.1,70,standard,29,32,0,-1.7,83,80.5,0,0
cust-05783,Customer 05783,15,979.22,0,1,-11.3,22,premium,24,12,0,-14.2,87,60.4,0,0
cust-05784,Customer 05784,40,127.36,2,0,9.8,40,basic,6,4,0,16.0,6,100,0,0
cust-05785,Customer 05785,17,394.36,4,0,28.3,41,standard,13,21,0,21.6,8,11.7,0,0
cust-05786,Customer 05786,4,853.18,5,0,-20.5,69,premium,36,10,15,-17.1,40,27.4,0,0
cust-05787,Customer 05787,35,151.57,0,1,-16.6,48,basic,16,13,10,-29.9,74,57.2,2,0
cust-05788,Customer 05788,26,764.39,5,0,-17.3,12,premium,43,18,0,-23.0,29,56.1,2,0
cust-05789,Customer 05789,10,356.46,0,0,13.6,51,standard,25,18,0,18.3,62,33.7,0,0
cust-05790,Customer 05790,17,267.76,4,0,-17.1,93,standard,28,3,0,-20.1,26,67.0,0,0
cust-05791,Customer 05791,72,1139.97,2,1,-14.0,70,premium,1,12,20,-9.4,36,34.9,3,0
cust-05792,Customer 05792,24,396.01,6,0,-21.3,84,standard,14,0,10,-6.4,56,75.4,2,0
cust-05793,Customer 05793,15,150.59,2,0,-43.1,6,basic,45,11,5,-44.8,49,100,2,1
cust-05794,Customer 05794,11,358.54,2,0,-25.7,95,standard,41,30,10,-22.5,15,61.8,2,0
cust-05795,Customer 05795,72,1183.45,0,0,8.9,18,premium,9,0,0,4.5,46,67.3,1,0
cust-05796,Customer 05796,16,1021.48,4,1,-3.1,50,premium,22,21,0,-2.0,23,5,1,0
cust-05797,Customer 05797,4,149.85,0,0,12.5,61,basic,11,1,0,16.9,78,52.1,0,0
cust-05798,Customer 05798,2,338.21,5,0,10.9,64,standard,24,22,10,12.0,20,51.2,2,0
cust-05799,Customer 05799,37,107.41,4,0,-19.8,64,basic,56,8,15,-35.8,22,33.5,0,0
cust-05800,Customer 05800,41,317.72,1,1,3.9,47,standard,31,11,0,3.2,26,69.4,0,0
cust-05801,Customer 05801,4,314.46,1,0,-20.3,50,standard,7,11,10,4.0,7,68.7,0,0
cust-05802,Customer 05802,22,435.4,3,0,-17.1,54,standard,2,7,15,-14.2,26,85.0,3,0
cust-05803,Customer 05803,47,401.5,0,1,-16.6,33,standard,14,27,10,-13.9,25,48.9,0,1
cust-05804,Customer 05804,7,524.85,2,1,18.7,16,standard,9,7,0,14.1,2,70.5,0,0
cust-05805,Customer 05805,12,349.94,0,1,-56.5,56,standard,15,9,0,-60.7,62,41.0,0,0
cust-05806,Customer 05806,10,658.44,1,2,4.9,37,premium,12,3,0,25.1,9,55.1,2,0
cust-05807,Customer 05807,5,890.1,2,0,-6.3,25,premium,17,9,0,-22.2,5,67.4,0,0
cust-05808,Customer 05808,11,186.31,0,0,-5.2,81,basic,9,4,0,-2.1,66,40.9,1,0
cust-05809,Customer 05809,72,1173.44,3,3,-57.4,30,premium,42,12,0,-60.4,31,64.4,2,1
cust-05810,Customer 05810,9,1576.04,3,0,10.6,74,premium,5,28,10,5.8,62,56.0,1,0
cust-05811,Customer 05811,31,406.7,1,0,0.1,33,standard,11,19,10,0.3,60,61.5,2,1
cust-05812,Customer 05812,38,1266.37,0,0,-22.8,75,premium,20,1,0,-13.4,36,40.1,1,0
cust-05813,Customer 05813,31,185.16,0,0,-12.8,62,basic,15,5,15,-15.5,88,41.4,0,0
cust-05814,Customer 05814,25,543.01,2,0,-5.2,59,premium,12,11,5,-1.4,29,92.5,0,0
cust-05815,Customer 05815,17,1139.73,0,0,2.2,30,premium,8,2,0,4.0,40,96.7,1,0
cust-05816,Customer 05816,34,164.64,3,0,-16.2,63,basic,32,16,10,-21.9,90,53.5,0,0
cust-05817,Customer 05817,62,207.96,0,0,8.5,59,standard,73,0,0,2.3,28,81.8,1,0
cust-05818,Customer 05818,35,130.7,4,3,-34.5,54,basic,25,8,15,-33.9,27,26.8,0,0
cust-05819,Customer 05819,31,528.67,0,0,-35.6,95,standard,5,9,0,-37.6,84,43.1,2,0
cust-05820,Customer 05820,17,456.36,5,0,-35.8,14,standard,27,0,5,-43.3,11,64.0,0,1
cust-05821,Customer 05821,9,240.07,3,1,-32.3,-2,basic,17,18,10,-31.4,30,52.2,0,1
cust-05822,Customer 05822,24,130.36,2,1,4.8,78,basic,26,1,0,11.9,21,58.1,2,0
cust-05823,Customer 05823,14,469.42,8,2,-7.1,50,standard,7,25,15,-9.6,44,82.8,0,0
cust-05824,Customer 05824,43,169.23,4,0,18.3,48,basic,12,5,0,3.9,48,81.7,1,0
cust-05825,Customer 05825,34,143.87,0,1,-5.1,44,basic,19,19,15,-19.1,66,79.6,0,0
cust-05826,Customer 05826,13,198.05,5,0,4.0,53,basic,27,1,0,12.7,26,43.8,1,0
cust-05827,Customer 05827,20,936.21,0,2,-7.3,70,premium,30,0,0,-7.8,60,28.6,2,0
cust-05828,Customer 05828,21,85.81,7,2,-24.8,22,basic,15,2,5,-29.7,25,77.7,3,0
cust-05829,Customer 05829,16,1046.41,2,0,16.5,45,premium,2,10,10,22.7,13,73.7,1,0
cust-05830,Customer 05830,28,440.23,0,1,21.2,59,standard,4,2,0,26.4,46,36.3,1,0
cust-05831,Customer 05831,26,145.42,2,0,21.6,-1,basic,18,3,0,30.2,29,59.3,0,1
cust-05832,Customer 05832,22,368.04,0,0,-24.6,50,standard,7,12,0,-31.6,64,78.7,0,0
cust-05833,Customer 05833,72,452.22,0,0,7.6,0,standard,14,15,0,1.0,83,34.9,2,0
cust-05834,Customer 05834,42,289.14,4,1,-5.0,38,standard,26,12,0,-7.6,33,58.5,1,0
cust-05835,Customer 05835,33,544.76,0,2,25.9,23,standard,16,22,0,26.3,27,84.9,1,0
cust-05836,Customer 05836,13,134.86,1,0,-13.1,33,basic,18,29,0,-9.6,1,68.8,2,0
cust-05837,Customer 05837,13,401.79,0,2,-17.0,30,standard,18,18,15,-5.1,28,60.4,0,0
cust-05838,Customer 05838,13,123.69,5,0,-23.0,58,basic,5,25,5,-16.2,7,84.4,1,0
cust-05839,Customer 05839,22,84.19,2,0,-8.9,59,basic,4,1,0,-3.2,36,80.8,0,0
cust-05840,Customer 05840,37,927.6,1,1,-1.6,44,premium,18,14,15,-8.9,23,54.1,0,0
cust-05841,Customer 05841,41,491.84,0,1,13.8,37,standard,19,12,10,11.4,50,100,2,0
cust-05842,Customer 05842,8,182.12,0,0,-0.5,55,basic,16,11,0,-11.6,67,55.9,0,0
cust-05843,Customer 05843,1,122.8,2,0,0.9,49,basic,11,11,0,-9.7,13,71.6,0,0
cust-05844,Customer 05844,53,217.62,0,0,-11.9,23,basic,14,33,0,-13.8,65,53.3,2,0
cust-05845,Customer 05845,31,286.77,0,0,25.2,67,standard,68,18,5,21.1,59,68.3,3,0
cust-05846,Customer 05846,33,294.45,3,1,-20.5,73,standard,26,15,0,-20.4,18,7.3,1,0
cust-05847,Customer 05847,61,854.53,2,0,21.0,26,premium,4,1,15,9.4,11,29.1,0,0
cust-05848,Customer 05848,41,449.75,6,0,-24.0,30,standard,14,14,0,-25.9,15,58.1,2,1
cust-05849,Customer 05849,18,233.41,0,0,-36.7,65,basic,16,31,0,-32.6,48,46.8,0,0
cust-05850,Customer 05850,15,669.82,0,0,-6.7,28,premium,39,4,0,-10.0,38,75.0,1,0
cust-05851,Customer 05851,18,364.98,2,1,-25.6,20,premium,9,12,10,-37.2,6,31.7,2,0
cust-05852,Customer 05852,13,617.77,2,0,-6.3,34,standard,11,7,0,-5.2,30,87.3,1,0
cust-05853,Customer 05853,21,227.1,1,1,-22.8,24,basic,13,13,0,-10.5,22,55.8,0,0
cust-05854,Customer 05854,24,245.8,4,0,3.2,68,basic,13,0,0,-3.6,50,19.4,1,0
cust-05855,Customer 05855,14,149.96,0,0,6.3,42,basic,26,19,0,6.9,44,60.6,0,0
cust-05856,Customer 05856,47,127.49,2,0,-52.9,28,basic,10,25,10,-50.1,28,33.3,3,0
cust-05857,Customer 05857,23,225.5,1,0,-37.9,40,standard,19,0,0,-25.7,20,56.3,1,0
cust-05858,Customer 05858,5,379.89,5,0,4.0,83,standard,6,3,5,-3.3,20,38.3,2,0
cust-05859,Customer 05859,21,165.75,6,0,3.7,27,basic,30,7,0,12.7,10,37.3,1,0
cust-05860,Customer 05860,11,354.05,4,0,13.5,70,standard,21,10,5,5.7,31,64.4,1,0
cust-05861,Customer 05861,11,153.53,1,0,-19.9,57,basic,51,0,10,-13.3,7,69.5,1,0
cust-05862,Customer 05862,12,383.28,5,0,4.3,69,standard,28,5,10,15.3,39,46.6,1,0
cust-05863,Customer 05863,13,504.57,6,2,19.8,16,standard,17,15,5,13.0,35,57.3,1,0
cust-05864,Customer 05864,25,409.79,0,0,-6.4,46,standard,38,2,0,1.8,51,53.6,0,0
cust-05865,Customer 05865,36,1175.52,2,0,27.4,5,premium,9,10,0,35.2,19,24.1,0,0
cust-05866,Customer 05866,26,241.76,2,0,45,67,basic,28,24,0,44.1,4,40.8,0,0
cust-05867,Customer 05867,15,178.94,0,0,-16.9,3,basic,20,13,0,-10.1,26,56.7,0,0
cust-05868,Customer 05868,66,188.69,1,1,27.3,61,basic,7,13,15,24.8,40,57.9,2,0
cust-05869,Customer 05869,18,172.03,2,0,45,0,basic,8,0,15,40.9,33,72.8,0,0
cust-05870,Customer 05870,11,160.17,0,0,-30.4,39,basic,40,24,0,-13.4,64,45.0,0,0
cust-05871,Customer 05871,8,167.67,3,2,7.5,37,basic,25,3,0,8.1,27,48.2,0,0
cust-05872,Customer 05872,7,704.32,0,1,-26.4,72,premium,34,9,0,-12.2,74,87.5,2,1
cust-05873,Customer 05873,5,576.12,4,0,8.6,42,standard,9,19,0,0.1,37,15.1,1,0
cust-05874,Customer 05874,28,465.5,1,2,18.9,36,standard,26,16,5,32.6,6,47.4,3,0
cust-05875,Customer 05875,31,140.14,0,1,-23.5,77,basic,34,6,0,-24.2,54,26.9,1,0
cust-05876,Customer 05876,15,162.3,0,0,-15.6,62,basic,24,6,0,-19.2,44,41.0,0,0
cust-05877,Customer 05877,46,359.58,2,0,-5.8,51,standard,37,0,0,-12.3,44,41.3,0,0
cust-05878,Customer 05878,21,168.13,1,1,-7.2,36,basic,18,11,0,-8.1,16,23.8,0,0
cust-05879,Customer 05879,17,452.65,4,3,3.2,47,standard,26,10,15,13.1,16,83.8,1,0
cust-05880,Customer 05880,53,195.26,0,0,-3.2,78,basic,28,0,5,-2.8,34,71.3,1,0
cust-05881,Customer 05881,70,628.39,0,0,0.4,38,standard,12,2,0,1.5,45,62.3,0,0
cust-05882,Customer 05882,28,157.09,1,0,-20.3,32,basic,20,0,5,-20.7,40,89.9,1,0
cust-05883,Customer 05883,3,400.24,0,0,-16.3,58,standard,8,1,0,-14.9,44,56.1,2,0
cust-05884,Customer 05884,25,166.27,5,0,9.5,63,basic,48,2,10,22.8,22,76.7,0,1
cust-05885,Customer 05885,14,159.96,1,2,3.3,31,basic,40,23,10,2.1,33,39.3,2,1
cust-05886,Customer 05886,7,1556.02,3,0,33.1,88,premium,11,0,10,25.6,56,25.1,1,0
cust-05887,Customer 05887,65,806.63,0,0,-9.3,18,premium,13,0,0,-3.3,68,49.8,2,0
cust-05888,Customer 05888,27,758.26,3,1,4.5,18,premium,15,8,0,3.3,10,50.9,0,0
cust-05889,Customer 05889,15,74.95,2,0,14.4,49,basic,12,16,0,19.5,39,47.1,2,0
cust-05890,Customer 05890,31,418.33,5,1,11.6,48,standard,14,0,15,10.0,25,50.8,0,0
cust-05891,Customer 05891,36,122.42,2,0,-16.0,30,basic,31,30,0,-18.8,23,100,0,0
cust-05892,Customer 05892,42,854.08,0,2,-9.7,45,premium,5,2,10,-2.7,81,78.0,1,0
cust-05893,Customer 05893,35,518.86,3,0,6.7,70,standard,21,6,0,8.8,21,44.9,2,0
cust-05894,Customer 05894,20,84.01,1,0,-10.2,92,basic,2,16,0,-7.6,42,60.7,0,0
cust-05895,Customer 05895,21,374.15,0,3,-6.6,9,standard,49,18,0,-10.2,69,64.7,1,1
cust-05896,Customer 05896,8,160.19,1,0,-45.7,22,basic,28,22,0,-40.4,9,63.9,0,1
cust-05897,Customer 05897,50,297.44,1,0,0.4,54,standard,21,36,0,4.7,23,30.0,3,0
cust-05898,Customer 05898,22,426.44,0,1,1.6,41,standard,11,32,0,-7.2,45,79.3,2,0
cust-05899,Customer 05899,5,204.53,0,2,15.0,9,basic,13,12,0,22.2,30,37.3,0,1
cust-05900,Customer 05900,15,1633.85,0,1,2.2,54,premium,10,31,15,2.6,83,84.2,0,0
cust-05901,Customer 05901,10,378.33,5,0,-48.6,57,standard,11,9,0,-59.6,48,40.6,0,0
cust-05902,Customer 05902,27,219.31,1,1,-9.3,69,basic,53,0,10,-7.0,9,62.3,1,0
cust-05903,Customer 05903,17,1168.92,2,2,21.4,73,premium,23,15,10,23.8,5,74.6,1,0
cust-05904,Customer 05904,34,206.3,6,2,45,50,basic,25,7,0,50,1,55.0,2,0
cust-05905,Customer 05905,57,222.48,1,0,-32.6,76,basic,31,16,0,-47.1,22,62.3,1,0
cust-05906,Customer 05906,12,855.66,0,0,5.7,70,premium,6,18,0,-3.7,83,77.4,1,0
cust-05907,Customer 05907,30,478.55,0,0,-41.6,95,standard,12,31,0,-49.6,56,47.7,1,0
cust-05908,Customer 05908,13,183.17,2,0,7.2,0,basic,7,28,15,3.5,24,27.1,2,0
cust-05909,Customer 05909,38,311.88,0,3,8.6,48,standard,21,8,10,-4.3,59,48.4,1,0
cust-05910,Customer 05910,24,245.69,1,0,-8.2,95,basic,12,28,15,-18.3,37,47.5,0,0
cust-05911,Customer 05911,27,140.95,4,0,-2.3,35,basic,23,0,0,-2.1,19,22.6,2,0
cust-05912,Customer 05912,8,143.04,4,0,-13.8,16,basic,8,0,0,-19.2,32,40.2,0,0
cust-05913,Customer 05913,28,408.97,8,0,14.9,25,standard,18,0,0,11.2,28,51.9,1,0
cust-05914,Customer 05914,10,227.97,0,1,17.2,60,basic,7,16,0,-5.6,39,22.9,0,0
cust-05915,Customer 05915,23,134.66,0,1,-16.8,33,basic,25,25,15,-9.6,25,46.2,0,0
cust-05916,Customer 05916,10,521.17,0,0,-27.1,36,standard,23,9,10,-19.6,60,56.1,1,0
cust-05917,Customer 05917,32,128.91,0,1,-1.9,77,basic,7,8,0,5.6,75,85.1,0,0
cust-05918,Customer 05918,17,1088.62,0,0,15.9,79,premium,1,4,0,11.8,70,15.7,0,0
cust-05919,Customer 05919,15,510.77,1,0,0.4,68,standard,15,32,0,0.1,72,5.9,0,0
cust-05920,Customer 05920,20,120.82,0,0,17.0,30,basic,15,11,5,6.6,36,100,0,0
cust-05921,Customer 05921,7,159.28,3,0,-26.3,91,basic,78,12,0,-19.2,49,35.1,0,0
cust-05922,Customer 05922,11,1433.84,2,0,-5.9,51,premium,18,12,5,-17.0,72,66.6,2,0
cust-05923,Customer 05923,36,440.25,0,2,-11.7,50,standard,21,0,0,-4.8,35,80.2,0,0
cust-05924,Customer 05924,11,1300.75,2,2,-6.0,70,premium,5,19,10,-3.1,16,76.5,0,0
cust-05925,Customer 05925,30,1372.51,3,0,-32.4,19,premium,34,6,0,-31.0,31,61.6,0,0
cust-05926,Customer 05926,30,149.16,1,0,-46.8,51,basic,25,14,5,-45.0,11,38.4,0,0
cust-05927,Customer 05927,21,1149.99,1,0,-31.6,68,premium,21,0,5,-32.5,10,5,1,0
cust-05928,Customer 05928,29,394.0,0,0,-5.4,26,standard,2,8,10,-7.6,83,83.1,3,1
cust-05929,Customer 05929,20,128.48,0,0,3.0,51,basic,22,22,10,-9.3,40,57.7,0,0
cust-05930,Customer 05930,46,504.44,0,0,-6.3,42,standard,17,4,5,-2.9,38,46.9,0,0
cust-05931,Customer 05931,19,361.45,5,1,-16.2,8,standard,9,39,10,-20.4,23,60.2,0,0
cust-05932,Customer 05932,20,236.36,1,0,0.8,55,standard,16,7,0,1.6,2,59.5,2,0
cust-05933,Customer 05933,11,225.43,0,0,5.9,52,basic,5,21,5,-0.3,80,71.1,1,0
cust-05934,Customer 05934,16,157.04,2,0,-37.1,64,basic,30,10,0,-45.4,63,84.9,1,0
cust-05935,Customer 05935,2,232.27,2,0,0.0,33,standard,15,10,0,4.2,4,5,2,1
cust-05936,Customer 05936,16,323.41,3,0,-13.6,58,standard,8,24,5,-23.3,24,57.2,1,0
cust-05937,Customer 05937,48,159.46,1,0,-6.1,33,basic,27,0,0,2.1,13,65.1,1,0
cust-05938,Customer 05938,15,193.38,0,0,0.4,32,basic,8,23,5,8.6,54,47.5,0,0
cust-05939,Customer 05939,44,1424.18,8,0,-13.3,65,premium,30,21,0,1.8,55,45.0,1,0
cust-05940,Customer 05940,55,441.54,6,0,-42.2,38,standard,39,7,0,-48.0,25,67.5,2,0
cust-05941,Customer 05941,28,862.97,2,0,-28.9,45,premium,26,7,10,-30.7,9,24.8,1,0
cust-05942,Customer 05942,6,155.53,4,0,22.5,-13,basic,5,3,5,18.9,13,35.6,0,0
cust-05943,Customer 05943,72,541.58,0,0,-12.0,12,standard,12,14,0,-17.9,86,24.6,1,0
cust-05944,Customer 05944,6,139.44,3,2,-24.7,47,basic,17,12,0,-20.5,33,54.6,0,0
cust-05945,Customer 05945,22,289.61,1,1,-39.8,-28,standard,7,5,0,-32.2,34,74.6,0,0
cust-05946,Customer 05946,13,1048.11,0,2,-10.1,58,premium,2,20,0,-16.5,51,45.3,0,0
cust-05947,Customer 05947,27,285.14,0,2,31.2,40,standard,34,27,0,39.8,39,64.6,0,0
cust-05948,Customer 05948,21,432.14,1,0,45,53,standard,63,17,0,40.8,36,100,0,0
cust-05949,Customer 05949,18,237.7,7,0,-11.5,86,standard,3,3,15,-18.0,26,91.0,1,0
cust-05950,Customer 05950,23,421.32,1,2,-18.8,51,standard,24,7,0,-13.8,33,63.0,0,0
cust-05951,Customer 05951,25,272.56,1,2,-9.9,30,standard,15,24,0,-16.6,12,49.4,0,0
cust-05952,Customer 05952,31,1005.95,10,1,10.0,44,premium,22,0,15,-3.4,59,75.1,1,0
cust-05953,Customer 05953,22,993.64,1,0,20.7,42,premium,14,19,5,20.6,29,36.8,1,0
cust-05954,Customer 05954,19,228.45,2,0,-5.5,39,standard,5,40,15,6.5,34,45.1,1,0
cust-05955,Customer 05955,17,96.65,1,1,-50.2,50,basic,39,9,0,-45.6,7,61.2,2,1
cust-05956,Customer 05956,21,149.04,2,0,-25.6,25,basic,11,6,0,-28.4,68,31.8,0,1
cust-05957,Customer 05957,61,251.93,3,1,-14.6,69,standard,6,10,0,-15.5,7,63.8,1,0
cust-05958,Customer 05958,14,129.49,0,0,-34.5,93,basic,21,14,0,-33.4,51,67.5,0,0
cust-05959,Customer 05959,33,116.98,0,0,15.8,55,basic,13,38,0,17.8,60,74.3,0,0
cust-05960,Customer 05960,36,1034.39,0,0,-1.5,11,premium,53,9,5,-0.9,26,100,2,0
cust-05961,Customer 05961,12,347.06,2,0,45,58,standard,14,0,0,43.4,13,85.6,2,0
cust-05962,Customer 05962,36,110.03,1,0,40.5,36,basic,30,18,10,35.4,29,95.4,1,0
cust-05963,Customer 05963,72,99.8,1,0,-18.5,51,basic,12,11,10,-18.6,21,74.7,0,0
cust-05964,Customer 05964,30,500.33,2,1,21.3,36,standard,21,13,0,22.3,62,70.9,1,0
cust-05965,Customer 05965,11,240.04,2,0,6.6,95,standard,16,7,15,9.6,1,70.4,0,0
cust-05966,Customer 05966,12,307.52,1,0,-3.6,22,standard,8,3,0,-7.4,5,99.3,3,0
cust-05967,Customer 05967,23,1124.19,1,2,-16.0,18,premium,24,1,0,-7.3,14,52.6,1,0
cust-05968,Customer 05968,13,988.04,3,0,-11.7,69,premium,36,0,0,-6.2,24,74.0,0,0
cust-05969,Customer 05969,37,410.62,3,0,35.6,19,standard,20,1,0,43.5,13,5,0,0
cust-05970,Customer 05970,5,141.64,3,0,-23.5,41,basic,14,4,10,-15.0,80,53.7,1,0
cust-05971,Customer 05971,8,639.52,5,0,-4.9,95,premium,13,10,0,-18.2,23,66.6,0,0
cust-05972,Customer 05972,38,340.44,5,0,45,50,standard,6,0,5,43.6,32,49.5,3,0
cust-05973,Customer 05973,4,443.04,3,0,31.9,58,standard,0,19,0,28.6,7,46.6,0,0
cust-05974,Customer 05974,16,205.14,0,0,10.0,53,basic,27,5,10,15.6,60,92.2,0,0
cust-05975,Customer 05975,4,151.18,5,0,45,50,basic,15,17,20,38.8,23,66.4,0,0
cust-05976,Customer 05976,10,219.18,1,1,-18.5,86,basic,22,7,0,-18.1,30,27.1,0,0
cust-05977,Customer 05977,24,291.63,3,0,4.1,27,basic,12,0,0,3.1,22,38.9,1,0
cust-05978,Customer 05978,15,896.87,2,3,-6.9,14,premium,18,0,5,-5.4,23,43.6,1,1
cust-05979,Customer 05979,10,163.29,1,0,-10.4,18,basic,29,22,5,1.2,8,82.3,1,1
cust-05980,Customer 05980,60,174.83,0,0,-34.4,45,basic,44,18,0,-27.3,88,34.9,2,0
cust-05981,Customer 05981,15,187.43,0,0,11.4,22,basic,18,12,5,13.7,66,72.3,0,0
cust-05982,Customer 05982,8,201.54,6,0,22.8,34,basic,20,27,0,29.5,8,51.2,1,0
cust-05983,Customer 05983,18,234.8,1,2,3.4,27,basic,20,25,0,6.6,8,43.7,0,0
cust-05984,Customer 05984,15,291.17,10,0,9.7,28,standard,19,1,0,1.9,43,21.9,0,0
cust-05985,Customer 05985,38,172.09,2,0,32.8,47,basic,17,12,0,31.2,26,67.9,0,0
cust-05986,Customer 05986,35,415.41,5,1,2.8,52,standard,16,5,15,9.0,90,56.6,3,0
cust-05987,Customer 05987,35,1270.45,5,0,-37.8,19,premium,32,0,0,-40.5,61,74.0,0,0
cust-05988,Customer 05988,46,1190.74,1,1,11.6,59,premium,31,0,10,3.6,8,51.9,0,0
cust-05989,Customer 05989,41,188.63,2,0,13.2,76,basic,30,34,0,5.9,67,46.6,0,0
cust-05990,Customer 05990,24,1309.7,2,1,-11.2,57,premium,14,6,5,-7.6,7,47.3,2,0
cust-05991,Customer 05991,13,555.64,0,0,11.9,13,standard,14,22,0,1.4,27,40.0,0,0
cust-05992,Customer 05992,10,1497.54,0,0,-20.6,70,premium,64,22,15,-10.6,34,25.0,1,0
cust-05993,Customer 05993,19,122.56,1,3,38.3,40,basic,27,3,0,41.5,24,89.2,0,0
cust-05994,Customer 05994,54,954.07,2,0,-3.5,40,premium,24,17,10,-7.5,46,88.9,0,0
cust-05995,Customer 05995,52,241.22,4,0,18.2,71,basic,19,0,0,23.6,5,71.6,0,0
cust-05996,Customer 05996,51,244.39,2,0,1.9,82,basic,18,17,5,2.3,21,39.0,0,0
cust-05997,Customer 05997,30,446.6,4,0,-20.5,74,standard,5,15,20,-6.9,6,86.4,0,0
cust-05998,Customer 05998,35,195.91,3,1,16.9,69,standard,6,19,0,27.4,32,47.2,1,0
cust-05999,Customer 05999,71,133.61,9,0,-33.5,-3,basic,42,16,0,-48.4,31,52.1,0,1
cust-06000,Customer 06000,42,408.58,1,1,26.9,62,standard,12,13,0,15.2,33,33.9,0,0
cust-06001,Customer 06001,30,221.57,1,0,7.6,73,basic,42,13,5,16.3,30,36.4,2,0
cust-06002,Customer 06002,23,187.41,0,0,-3.1,95,basic,6,18,0,-7.5,35,85.8,2,0
cust-06003,Customer 06003,17,897.64,4,1,28.1,95,premium,37,10,0,32.2,35,34.3,0,0
cust-06004,Customer 06004,54,389.82,2,1,9.9,27,standard,22,0,0,14.9,44,85.2,0,0
cust-06005,Customer 06005,4,123.38,2,0,-21.2,48,basic,18,20,5,-22.2,21,41.3,0,0
cust-06006,Customer 06006,72,230.58,3,0,8.3,48,basic,23,10,0,20.0,1,66.2,1,0
cust-06007,Customer 06007,9,956.16,0,0,-37.4,45,premium,31,12,0,-42.0,28,52.5,1,0
cust-06008,Customer 06008,27,218.63,6,1,4.8,28,basic,5,21,0,6.0,32,59.9,0,1
cust-06009,Customer 06009,5,904.56,0,1,16.0,46,premium,11,17,10,-12.6,64,40.3,1,0
cust-06010,Customer 06010,18,1469.28,2,0,16.7,17,premium,18,10,0,26.9,19,37.3,0,0
cust-06011,Customer 06011,10,1015.28,0,0,-39.7,49,premium,24,12,10,-44.1,82,68.4,1,0
cust-06012,Customer 06012,8,445.33,5,2,-5.2,10,standard,6,0,0,0.2,20,26.5,1,0
cust-06013,Customer 06013,5,247.28,1,1,-3.6,64,basic,26,11,10,-15.0,78,89.2,3,1
cust-06014,Customer 06014,26,521.77,2,1,7.1,59,standard,7,5,10,6.7,18,75.2,0,0
cust-06015,Customer 06015,29,127.36,3,0,29.1,32,basic,12,0,0,34.2,19,65.4,0,0
cust-06016,Customer 06016,40,102.97,0,1,-33.4,21,basic,8,27,10,-44.1,38,58.7,2,0
cust-06017,Customer 06017,29,356.49,1,0,-1.5,77,standard,58,3,20,-0.6,39,91.3,1,0
cust-06018,Customer 06018,42,202.41,4,1,2.7,42,basic,8,15,0,1.7,59,100,0,0
cust-06019,Customer 06019,15,1109.64,1,1,-19.0,81,premium,31,34,0,-14.6,40,5,0,0
cust-06020,Customer 06020,49,196.13,2,0,40.0,43,standard,13,10,10,41.9,7,68.9,0,0
cust-06021,Customer 06021,12,362.66,1,0,14.0,42,standard,8,17,15,14.2,11,67.0,0,0
cust-06022,Customer 06022,14,383.14,0,0,14.1,60,standard,15,27,0,26.5,50,41.7,1,0
cust-06023,Customer 06023,44,159.48,3,1,-8.3,60,basic,24,11,0,-21.1,35,98.9,1,0
cust-06024,Customer 06024,14,154.73,1,1,1.2,77,basic,8,23,0,9.9,26,15.1,3,1
cust-06025,Customer 06025,8,188.86,0,0,8.4,68,basic,35,1,10,0.7,25,100,2,0
cust-06026,Customer 06026,6,140.91,5,0,-0.3,16,basic,19,5,0,17.4,40,94.0,1,0
cust-06027,Customer 06027,11,351.63,0,0,-15.5,30,standard,24,2,10,-17.5,75,39.5,0,0
cust-06028,Customer 06028,4,170.62,3,1,-2.2,64,basic,30,13,10,-6.0,37,62.7,1,0
cust-06029,Customer 06029,3,558.56,0,1,31.7,50,standard,14,5,0,24.0,65,44.6,1,0
cust-06030,Customer 06030,28,368.4,0,2,-0.1,59,standard,2,16,5,-9.4,48,100,3,1
cust-06031,Customer 06031,9,466.08,6,0,-0.4,53,standard,5,9,5,5.5,23,51.2,2,0
cust-06032,Customer 06032,39,457.0,0,1,-10.3,62,standard,51,12,10,-16.7,65,100,0,0
cust-06033,Customer 06033,18,483.41,0,3,-17.6,45,standard,53,21,15,-21.4,46,45.7,1,0
cust-06034,Customer 06034,5,192.96,1,0,13.3,79,basic,9,23,0,3.6,28,5,2,0
cust-06035,Customer 06035,3,93.41,4,1,-2.8,86,basic,22,23,5,-2.2,86,93.3,2,0
cust-06036,Customer 06036,3,805.81,3,1,-10.9,75,premium,30,12,20,-21.7,28,56.5,0,1
cust-06037,Customer 06037,27,154.94,0,4,-24.6,31,basic,14,9,5,-17.1,77,66.4,0,0
cust-06038,Customer 06038,10,412.35,0,0,-14.9,30,standard,12,4,0,-19.6,85,40.0,1,0
cust-06039,Customer 06039,9,1135.05,2,0,23.8,20,premium,5,0,0,20.2,46,55.6,3,1
cust-06040,Customer 06040,30,339.67,1,0,6.9,25,standard,47,23,0,-14.3,58,64.1,2,0
cust-06041,Customer 06041,46,109.53,1,1,22.8,41,basic,28,28,5,18.3,24,52.8,0,0
cust-06042,Customer 06042,1,981.78,0,0,29.8,65,premium,14,20,0,18.4,47,62.4,0,0
cust-06043,Customer 06043,19,359.02,0,0,9.0,57,standard,12,14,15,18.4,50,23.9,1,1
cust-06044,Customer 06044,72,512.54,0,2,-49.9,39,standard,26,0,5,-36.6,25,43.7,0,0
cust-06045,Customer 06045,28,379.12,10,1,-0.9,61,standard,55,22,10,-13.2,20,47.5,2,1
cust-06046,Customer 06046,44,133.78,1,0,-22.3,52,basic,23,12,10,-10.7,53,75.2,0,0
cust-06047,Customer 06047,4,1330.92,7,1,-11.0,64,premium,25,21,0,-13.1,7,51.4,0,1
cust-06048,Customer 06048,11,538.4,1,2,25.7,30,standard,2,8,0,27.0,42,58.6,1,0
cust-06049,Customer 06049,14,1455.83,0,0,-15.9,60,premium,17,17,0,-10.7,59,47.1,1,0
cust-06050,Customer 06050,62,125.84,0,1,26.0,65,basic,8,18,5,32.6,42,26.6,0,0
cust-06051,Customer 06051,19,283.9,1,4,-1.8,22,standard,14,15,5,-5.7,39,39.4,0,0
cust-06052,Customer 06052,17,1077.58,0,0,18.3,-9,premium,8,0,0,13.6,32,77.8,0,0
cust-06053,Customer 06053,35,210.56,0,0,-12.2,37,basic,10,27,0,-7.2,87,93.7,2,0
cust-06054,Customer 06054,11,179.03,2,0,-8.6,52,basic,18,19,5,-9.3,90,88.3,1,1
cust-06055,Customer 06055,27,595.72,1,0,3.4,46,standard,13,18,10,10.7,24,61.3,0,0
cust-06056,Customer 06056,32,1080.76,0,0,17.2,45,premium,15,4,0,11.4,37,60.5,0,0
cust-06057,Customer 06057,32,512.22,3,0,34.1,69,standard,16,15,0,43.7,46,38.5,2,0
cust-06058,Customer 06058,28,607.21,0,0,-58.5,65,premium,35,0,5,-39.6,46,87.8,0,0
cust-06059,Customer 06059,21,182.9,2,1,-40.2,32,basic,57,6,0,-42.6,11,86.0,2,1
cust-06060,Customer 06060,18,214.7,1,0,-25.5,42,basic,14,12,10,-27.3,3,94.3,1,0
cust-06061,Customer 06061,23,670.99,0,0,-8.0,53,premium,19,17,5,-5.3,27,92.7,0,0
cust-06062,Customer 06062,20,210.52,7,3,-70,79,basic,36,0,0,-73.3,35,57.4,2,1
cust-06063,Customer 06063,19,204.62,1,0,-4.3,46,basic,11,0,0,-0.9,18,80.8,3,0
cust-06064,Customer 06064,30,144.36,1,1,-31.4,50,basic,23,41,0,-34.9,15,42.9,2,1
cust-06065,Customer 06065,9,321.28,3,0,3.2,77,standard,42,7,5,9.0,58,75.4,1,0
cust-06066,Customer 06066,10,2009.74,3,0,13.9,52,premium,45,25,20,14.0,46,40.7,0,0
cust-06067,Customer 06067,50,168.15,6,0,-7.1,-8,basic,11,6,10,1.0,24,45.9,0,0
cust-06068,Customer 06068,13,934.54,0,1,26.0,78,premium,19,12,0,40.9,51,6.4,1,1
cust-06069,Customer 06069,64,876.33,3,1,-11.1,63,premium,20,0,10,2.0,25,60.6,0,0
cust-06070,Customer 06070,21,68.44,0,0,8.0,35,basic,3,7,15,24.2,28,50.4,3,0
cust-06071,Customer 06071,35,84.05,1,0,-26.0,94,basic,24,27,0,-26.9,59,11.6,0,0
cust-06072,Customer 06072,36,343.05,1,1,42.5,11,basic,5,11,0,33.7,23,58.5,2,0
cust-06073,Customer 06073,25,953.0,5,0,12.3,35,premium,28,0,10,6.0,75,74.8,3,0
cust-06074,Customer 06074,5,346.88,1,0,7.6,79,standard,47,20,20,15.0,32,75.6,3,0
cust-06075,Customer 06075,45,177.14,3,0,14.7,43,basic,37,30,0,16.6,26,20.7,1,0
cust-06076,Customer 06076,11,134.95,0,1,-12.7,-8,basic,31,10,0,-7.6,26,25.5,0,1
cust-06077,Customer 06077,4,659.45,0,0,14.4,49,premium,17,7,5,13.4,77,54.1,1,0
cust-06078,Customer 06078,11,402.45,0,0,-6.3,79,standard,13,11,5,-12.9,42,39.7,0,0
cust-06079,Customer 06079,32,435.29,4,0,-30.2,70,standard,24,28,0,-29.7,15,55.6,0,0
cust-06080,Customer 06080,11,473.41,2,1,-27.2,90,standard,17,14,10,-22.8,12,85.0,0,0
cust-06081,Customer 06081,38,142.75,0,2,17.9,22,basic,4,30,5,25.9,53,52.1,0,0
cust-06082,Customer 06082,7,172.29,0,1,3.7,80,basic,8,34,0,-6.9,82,39.0,1,0
cust-06083,Customer 06083,31,195.45,0,1,-6.6,44,basic,18,24,0,12.3,35,65.7,1,0
cust-06084,Customer 06084,32,114.73,1,0,-7.3,39,basic,7,7,0,0.3,32,66.5,0,0
cust-06085,Customer 06085,33,286.54,4,0,-26.2,93,standard,34,12,10,-33.2,14,33.0,0,0
cust-06086,Customer 06086,25,365.63,0,1,16.0,38,standard,5,0,0,16.5,47,66.8,0,0
cust-06087,Customer 06087,17,115.18,1,2,-14.0,58,basic,21,1,0,-14.9,1,32.5,0,0
cust-06088,Customer 06088,44,914.59,0,0,-1.9,63,premium,12,0,0,4.6,53,81.4,0,0
cust-06089,Customer 06089,27,117.36,1,0,-3.3,34,basic,39,13,0,2.3,8,100,0,0
cust-06090,Customer 06090,17,393.9,0,2,-2.9,48,standard,3,17,10,-7.4,33,25.9,0,1
cust-06091,Customer 06091,11,170.39,0,0,-19.4,24,basic,23,7,5,-24.1,37,88.0,0,0
cust-06092,Customer 06092,32,500.31,0,3,4.1,29,standard,16,2,15,-6.6,49,49.5,1,0
cust-06093,Customer 06093,19,513.06,1,2,-26.8,63,premium,22,10,0,-24.5,28,48.3,0,1
cust-06094,Customer 06094,22,780.73,0,2,-14.8,34,premium,8,3,0,-17.5,32,57.3,1,1
cust-06095,Customer 06095,23,501.62,0,0,-4.3,38,standard,6,14,0,-2.1,44,55.1,1,1
cust-06096,Customer 06096,16,82.01,2,0,-42.9,62,basic,30,16,5,-34.6,12,54.3,0,0
cust-06097,Customer 06097,31,502.88,0,0,-20.0,86,standard,7,16,10,-28.9,67,75.3,2,0
cust-06098,Customer 06098,17,275.28,0,1,23.2,47,basic,21,3,0,23.8,25,90.5,0,0
cust-06099,Customer 06099,3,186.39,2,1,-43.1,51,basic,51,7,0,-41.0,43,76.6,0,0
cust-06100,Customer 06100,34,159.4,0,0,-22.4,34,basic,11,24,15,-16.5,65,42.5,2,0
cust-06101,Customer 06101,29,1097.05,1,0,-11.6,29,premium,20,12,5,0.1,14,22.4,0,0
cust-06102,Customer 06102,10,126.87,2,0,-0.9,43,basic,16,17,0,-15.4,23,50.6,0,0
cust-06103,Customer 06103,9,149.27,6,0,-6.3,8,basic,32,8,0,-6.8,7,40.9,2,1
cust-06104,Customer 06104,45,874.24,0,0,-16.0,28,premium,30,5,0,-10.7,29,100,3,0
cust-06105,Customer 06105,28,132.81,3,0,-1.0,74,basic,29,26,10,-7.8,28,53.8,0,0
cust-06106,Customer 06106,64,240.44,1,0,-16.6,46,standard,7,16,15,-19.1,2,35.0,1,0
cust-06107,Customer 06107,4,127.55,0,2,14.3,40,basic,26,4,0,7.1,63,26.2,0,0
cust-06108,Customer 06108,24,447.13,1,2,19.0,78,standard,3,35,5,40.2,12,55.9,0,0
cust-06109,Customer 06109,38,245.55,0,1,9.1,35,basic,33,21,0,2.8,39,48.8,0,1
cust-06110,Customer 06110,10,296.38,2,1,-15.5,49,standard,13,17,10,-14.3,12,85.0,1,0
cust-06111,Customer 06111,17,247.85,0,0,7.7,38,standard,6,14,5,12.5,51,47.5,0,0
cust-06112,Customer 06112,17,138.71,0,0,-20.3,66,basic,18,24,0,-21.8,52,31.9,0,0
cust-06113,Customer 06113,63,449.51,0,0,-1.8,47,standard,24,23,0,-15.9,69,96.2,0,0
cust-06114,Customer 06114,30,809.58,0,1,-6.8,95,premium,10,13,15,-4.4,26,58.5,0,0
cust-06115,Customer 06115,13,1053.01,2,0,-8.1,54,premium,15,11,15,1.3,34,47.7,0,0
cust-06116,Customer 06116,12,1128.84,2,1,-18.9,39,premium,5,15,0,-23.4,9,36.7,1,1
cust-06117,Customer 06117,10,606.43,1,0,35.7,76,standard,32,26,0,36.9,21,60.0,1,0
cust-06118,Customer 06118,30,194.32,6,2,32.2,24,basic,21,20,10,27.8,12,82.3,0,0
cust-06119,Customer 06119,44,437.59,0,2,-19.1,23,standard,16,17,0,-19.9,36,91.2,3,0
cust-06120,Customer 06120,46,181.51,0,0,11.3,-1,basic,17,3,10,8.4,69,56.7,2,0
cust-06121,Customer 06121,37,1157.43,10,1,14.8,37,premium,15,18,0,18.4,4,33.5,0,0
cust-06122,Customer 06122,27,291.87,1,0,-30.2,73,standard,34,26,0,-28.6,28,59.0,2,0
cust-06123,Customer 06123,16,214.42,7,3,20.5,37,standard,10,27,15,33.5,84,48.1,1,1
cust-06124,Customer 06124,12,167.46,2,0,-22.7,52,basic,27,14,0,-18.4,14,60.5,3,1
cust-06125,Customer 06125,5,348.81,5,0,1.3,63,standard,22,29,0,11.9,13,40.0,2,0
cust-06126,Customer 06126,11,714.17,0,1,11.6,37,premium,24,4,20,17.4,70,14.4,2,0
cust-06127,Customer 06127,15,231.45,0,0,4.4,80,basic,3,14,0,4.1,87,93.6,0,0
cust-06128,Customer 06128,48,188.51,4,0,-50.7,17,basic,71,0,0,-52.0,22,96.1,3,1
cust-06129,Customer 06129,44,420.89,3,0,-14.2,59,standard,18,22,0,2.5,31,27.2,1,0
cust-06130,Customer 06130,33,172.99,0,0,-8.1,-15,basic,23,8,5,-9.5,63,40.0,0,0
cust-06131,Customer 06131,13,378.66,0,1,-9.1,89,standard,27,18,0,-9.4,62,34.4,1,0
cust-06132,Customer 06132,13,317.44,0,0,-18.6,72,standard,19,25,0,-4.6,33,42.3,2,0
cust-06133,Customer 06133,21,214.52,1,0,-35.7,33,basic,29,10,0,-37.2,13,68.1,1,0
cust-06134,Customer 06134,28,398.3,8,0,10.8,34,standard,52,16,0,3.9,19,66.0,0,0
cust-06135,Customer 06135,28,284.5,1,0,37.0,30,standard,10,12,10,22.2,54,11.2,3,1
cust-06136,Customer 06136,40,912.22,0,1,-14.0,26,premium,4,0,0,-27.9,89,76.3,3,0
cust-06137,Customer 06137,21,1219.4,6,0,19.5,73,premium,22,16,0,13.4,22,68.0,1,0
cust-06138,Customer 06138,10,357.53,1,0,14.5,81,standard,10,13,15,17.0,3,65.7,0,0
cust-06139,Customer 06139,27,415.38,1,0,-0.0,36,standard,21,10,0,2.3,7,56.7,0,0
cust-06140,Customer 06140,51,188.05,1,0,3.1,52,basic,21,15,0,3.8,58,93.0,0,0
cust-06141,Customer 06141,23,96.96,5,2,-50.2,26,basic,16,0,0,-52.4,3,30.7,1,1
cust-06142,Customer 06142,20,202.2,0,0,-9.4,50,basic,19,1,0,-15.1,40,34.3,0,0
cust-06143,Customer 06143,10,264.63,0,2,12.7,57,standard,11,0,0,7.0,46,31.8,0,0
cust-06144,Customer 06144,41,303.59,2,1,20.9,40,basic,13,36,0,23.6,74,89.9,0,0
cust-06145,Customer 06145,71,845.74,12,0,12.1,72,premium,11,0,0,18.7,20,78.2,0,0
cust-06146,Customer 06146,50,937.58,4,0,21.5,39,premium,20,14,10,28.4,14,22.5,0,0
cust-06147,Customer 06147,31,163.6,0,1,7.9,68,basic,3,1,10,4.8,38,38.0,0,0
cust-06148,Customer 06148,11,328.47,0,0,-21.2,24,standard,38,24,0,-14.3,35,81.5,0,0
cust-06149,Customer 06149,67,185.6,0,4,13.1,74,basic,49,22,5,15.4,83,83.6,1,0
cust-06150,Customer 06150,63,262.59,0,2,-34.9,94,standard,28,19,0,-15.8,65,93.7,1,0
cust-06151,Customer 06151,36,423.39,4,0,-5.3,20,standard,12,16,10,-1.5,26,55.8,1,0
cust-06152,Customer 06152,31,1607.15,3,0,15.2,40,premium,13,15,5,11.5,1,100,0,0
cust-06153,Customer 06153,26,1191.52,5,1,4.4,35,premium,12,30,5,-0.5,50,51.2,0,1
cust-06154,Customer 06154,11,504.71,0,1,13.2,70,standard,21,25,15,8.1,36,47.3,0,0
cust-06155,Customer 06155,53,166.52,2,0,-1.7,54,basic,12,21,0,-17.1,26,69.3,0,0
cust-06156,Customer 06156,30,196.99,0,2,35.3,64,basic,12,4,5,40.5,51,54.1,1,0
cust-06157,Customer 06157,44,602.83,3,1,8.9,80,standard,19,2,0,8.9,62,21.7,2,0
cust-06158,Customer 06158,13,329.32,0,0,13.6,57,standard,30,0,0,17.1,40,61.9,1,0
cust-06159,Customer 06159,32,979.08,0,0,26.6,49,premium,18,0,0,21.9,90,38.6,0,0
cust-06160,Customer 06160,28,478.39,1,0,-18.3,-2,standard,20,0,5,-15.3,18,82.9,0,0
cust-06161,Customer 06161,36,85.5,2,0,-11.5,47,basic,45,21,0,-0.4,4,16.6,0,0
cust-06162,Customer 06162,40,969.21,1,0,-21.1,23,premium,21,4,0,-21.1,42,67.4,2,0
cust-06163,Customer 06163,40,249.35,8,3,11.6,35,standard,42,17,0,13.7,54,73.0,0,0
cust-06164,Customer 06164,40,214.1,4,1,-6.4,28,basic,15,43,0,-21.1,27,38.0,0,0
cust-06165,Customer 06165,43,600.37,1,0,7.2,94,standard,46,21,0,-10.8,16,42.6,0,0
cust-06166,Customer 06166,15,134.76,2,0,7.0,78,basic,13,2,0,0.6,32,58.6,0,0
cust-06167,Customer 06167,17,1022.76,2,1,11.5,63,premium,5,0,5,-0.1,9,45.5,1,0
cust-06168,Customer 06168,11,115.04,2,1,8.4,53,basic,21,13,0,8.5,10,75.5,1,0
cust-06169,Customer 06169,15,188.89,1,0,23.1,33,basic,15,17,10,12.9,20,47.9,0,0
cust-06170,Customer 06170,26,98.72,0,0,-27.1,39,basic,7,6,0,-32.8,54,25.4,0,0
cust-06171,Customer 06171,11,475.73,0,0,-33.7,73,standard,45,16,0,-41.4,76,14.8,0,1
cust-06172,Customer 06172,31,1295.28,6,0,44.9,52,premium,44,5,0,50,36,83.1,0,0
cust-06173,Customer 06173,1,205.85,0,2,-13.8,35,basic,19,0,10,-9.3,49,64.1,2,0
cust-06174,Customer 06174,3,729.87,1,0,5.4,59,premium,54,5,0,13.0,16,98.6,0,0
cust-06175,Customer 06175,10,453.74,2,0,19.7,50,standard,14,10,0,23.6,66,63.0,0,0
cust-06176,Customer 06176,5,480.33,0,0,-18.1,40,standard,5,9,20,-29.9,89,18.8,0,0
cust-06177,Customer 06177,19,676.84,0,1,-12.6,62,standard,11,13,0,-7.7,45,42.5,0,0
cust-06178,Customer 06178,26,195.61,1,1,2.2,79,basic,38,17,0,4.9,23,65.2,1,0
cust-06179,Customer 06179,32,221.82,4,0,-34.4,49,basic,11,11,5,-45.0,22,21.5,3,0
cust-06180,Customer 06180,26,308.74,2,2,-20.0,34,standard,13,27,0,-27.4,22,70.0,0,0
cust-06181,Customer 06181,42,1062.54,1,0,-1.8,81,premium,4,11,0,-3.4,23,55.0,1,0
cust-06182,Customer 06182,15,1886.44,4,0,-3.7,32,premium,5,23,10,3.6,54,59.1,0,0
cust-06183,Customer 06183,12,912.68,3,0,15.4,42,premium,21,3,0,25.6,20,44.2,0,0
cust-06184,Customer 06184,72,211.15,2,0,3.3,14,basic,16,19,0,-0.5,45,60.8,1,0
cust-06185,Customer 06185,8,1322.25,2,1,7.5,34,premium,17,0,5,9.5,56,54.3,1,1
cust-06186,Customer 06186,37,209.39,1,0,2.8,63,basic,54,2,10,-2.6,16,94.4,0,0
cust-06187,Customer 06187,22,110.42,2,0,1.1,37,basic,17,0,15,-6.7,16,86.2,0,0
cust-06188,Customer 06188,23,472.92,0,0,-15.7,0,standard,20,27,15,-20.1,30,52.1,2,1
cust-06189,Customer 06189,16,369.79,1,2,-0.6,95,standard,2,12,0,5.7,11,94.5,0,0
cust-06190,Customer 06190,27,155.6,4,0,3.3,59,basic,13,22,10,-1.3,13,40.8,0,0
cust-06191,Customer 06191,13,428.06,1,0,-12.2,26,standard,35,11,0,-16.3,19,100,2,0
cust-06192,Customer 06192,14,156.73,0,0,4.7,33,basic,13,2,0,1.5,66,35.1,2,0
cust-06193,Customer 06193,59,930.87,1,3,-4.6,51,premium,20,15,15,-11.0,11,55.5,1,0
cust-06194,Customer 06194,24,1300.07,2,0,15.6,53,premium,26,17,0,20.4,45,46.8,0,0
cust-06195,Customer 06195,23,351.39,2,1,-0.4,29,standard,28,21,5,0.4,29,15.1,0,0
cust-06196,Customer 06196,17,181.96,5,0,-22.1,48,basic,40,6,0,-20.1,30,71.5,0,0
cust-06197,Customer 06197,17,297.28,0,1,10.3,45,standard,16,22,0,10.9,33,97.4,0,0
cust-06198,Customer 06198,44,386.84,0,0,-5.0,58,standard,10,6,0,-0.4,58,64.2,2,1
cust-06199,Customer 06199,23,1105.86,3,1,9.8,43,premium,53,21,0,-5.4,43,58.6,1,0
cust-06200,Customer 06200,25,254.93,2,1,3.0,64,basic,7,22,5,1.4,22,100,2,0
cust-06201,Customer 06201,31,164.98,2,3,9.4,57,basic,11,0,5,-5.0,3,53.3,0,0
cust-06202,Customer 06202,7,494.55,3,0,18.7,22,standard,17,7,0,23.1,12,14.7,0,1
cust-06203,Customer 06203,18,221.42,1,0,-7.2,64,standard,10,5,5,-17.4,0,62.3,3,0
cust-06204,Customer 06204,16,177.93,0,0,13.9,64,basic,19,23,0,16.3,46,51.2,3,0
cust-06205,Customer 06205,72,456.07,4,2,-1.1,30,standard,29,0,0,-1.5,19,70.1,1,0
cust-06206,Customer 06206,17,248.21,3,0,-5.5,37,basic,20,1,5,-8.4,11,47.2,1,0
cust-06207,Customer 06207,18,1289.38,1,1,15.4,13,premium,8,18,0,7.9,55,24.5,1,0
cust-06208,Customer 06208,23,107.56,1,0,11.2,44,basic,10,19,5,1.8,41,67.0,0,0
cust-06209,Customer 06209,25,901.14,1,1,18.1,57,premium,31,9,0,3.2,45,68.6,1,0
cust-06210,Customer 06210,6,402.91,2,0,0.0,33,standard,19,21,5,-2.8,12,91.9,0,0
cust-06211,Customer 06211,7,1129.89,0,0,-49.4,34,premium,43,6,10,-56.1,62,41.4,1,0
cust-06212,Customer 06212,68,711.87,2,0,-15.4,33,premium,2,12,5,-21.0,26,75.4,0,0
cust-06213,Customer 06213,5,155.76,3,1,6.0,3,basic,15,13,10,1.0,7,70.6,1,1
cust-06214,Customer 06214,29,525.27,1,1,27.2,75,standard,10,15,0,35.6,40,62.9,0,0
cust-06215,Customer 06215,18,1148.28,4,0,-10.1,62,premium,31,13,5,-21.2,25,74.9,0,0
cust-06216,Customer 06216,22,109.68,4,0,2.0,12,basic,54,22,0,-0.6,6,51.8,1,0
cust-06217,Customer 06217,19,175.94,1,0,-35.8,25,basic,31,20,0,-33.8,8,63.6,0,0
cust-06218,Customer 06218,18,189.14,1,1,12.2,17,basic,42,22,20,16.5,51,74.6,0,0
cust-06219,Customer 06219,42,118.67,1,0,-2.2,84,basic,6,0,0,-3.5,80,81.4,0,0
cust-06220,Customer 06220,13,439.59,1,0,0.3,40,standard,39,8,0,2.1,24,28.9,1,0
cust-06221,Customer 06221,42,335.86,3,2,16.3,-3,standard,13,0,5,21.0,29,58.8,0,0
cust-06222,Customer 06222,23,166.63,0,0,3.0,57,basic,30,0,0,2.3,58,35.2,0,0
cust-06223,Customer 06223,59,1288.97,0,0,-8.9,89,premium,15,18,0,-12.6,25,43.5,1,0
cust-06224,Customer 06224,53,214.44,2,1,9.2,47,standard,8,1,0,20.6,13,81.9,3,0
cust-06225,Customer 06225,13,100.27,1,0,31.1,49,basic,19,32,10,33.8,52,46.0,0,0
cust-06226,Customer 06226,67,199.61,0,0,2.6,25,basic,32,30,10,9.2,64,77.5,3,0
cust-06227,Customer 06227,60,1109.58,1,0,-3.7,45,premium,19,24,0,-7.7,19,49.8,0,0
cust-06228,Customer 06228,42,175.22,4,0,36.2,46,basic,7,25,0,44.0,68,31.0,1,0
cust-06229,Customer 06229,58,122.95,0,3,0.6,45,basic,40,13,0,2.0,82,100,0,0
cust-06230,Customer 06230,12,1231.45,2,0,32.6,37,premium,15,12,5,44.0,60,66.0,2,0
cust-06231,Customer 06231,15,180.61,0,0,2.6,83,basic,14,5,20,-16.8,74,53.1,2,0
cust-06232,Customer 06232,17,678.61,0,0,-9.9,37,premium,37,0,15,-0.9,90,36.9,0,0
cust-06233,Customer 06233,9,170.32,4,0,17.4,21,basic,10,23,0,26.0,20,52.5,0,0
cust-06234,Customer 06234,36,79.6,0,4,-2.1,16,basic,13,18,0,4.7,59,31.8,0,0
cust-06235,Customer 06235,8,97.78,0,0,-44.1,58,basic,26,3,15,-42.3,44,65.9,1,0
cust-06236,Customer 06236,10,466.71,2,0,-22.3,14,standard,23,28,0,-24.2,16,30.2,0,1
cust-06237,Customer 06237,22,697.45,8,0,-32.2,61,premium,46,3,15,-36.2,3,25.2,0,1
cust-06238,Customer 06238,18,167.17,1,1,41.2,4,basic,8,13,0,47.3,44,57.1,3,0
cust-06239,Customer 06239,14,128.77,3,1,-29.1,71,basic,32,0,10,-35.9,10,70.5,0,1
cust-06240,Customer 06240,16,175.25,1,1,-35.3,48,basic,31,11,0,-33.2,19,47.2,0,0
cust-06241,Customer 06241,17,237.22,7,1,22.1,41,basic,12,17,10,28.6,3,13.1,1,0
cust-06242,Customer 06242,56,1444.54,1,1,-30.6,28,premium,27,15,0,-27.9,42,60.1,0,1
cust-06243,Customer 06243,5,455.29,2,0,-22.9,78,standard,12,9,10,-20.2,17,67.2,1,0
cust-06244,Customer 06244,4,173.79,8,0,12.2,76,basic,20,18,0,6.4,36,61.3,0,0
cust-06245,Customer 06245,27,1477.94,2,0,25.8,84,premium,12,10,5,22.9,52,97.6,0,0
cust-06246,Customer 06246,26,619.64,2,0,1.5,42,standard,16,0,0,18.3,19,43.9,0,0
cust-06247,Customer 06247,58,885.09,0,0,-21.8,60,premium,22,0,5,-23.3,74,36.5,2,0
cust-06248,Customer 06248,29,553.74,5,1,-5.8,76,standard,43,28,0,-3.9,51,64.5,1,0
cust-06249,Customer 06249,22,247.59,0,0,12.1,89,basic,8,3,0,21.9,65,68.5,1,0
cust-06250,Customer 06250,13,957.33,1,0,-13.1,-4,premium,28,9,10,-7.5,3,72.4,1,1
cust-06251,Customer 06251,34,460.89,0,0,-3.8,55,standard,34,0,5,-5.2,30,64.4,1,0
cust-06252,Customer 06252,17,198.55,2,0,-27.9,23,basic,55,2,0,-50.9,41,59.0,1,1
cust-06253,Customer 06253,6,160.13,2,0,-31.7,61,basic,9,16,0,-32.2,33,16.8,1,0
cust-06254,Customer 06254,49,1125.21,3,0,12.3,77,premium,38,15,15,12.2,9,100,0,0
cust-06255,Customer 06255,46,626.12,0,1,8.1,8,standard,32,16,10,8.3,86,77.2,2,0
cust-06256,Customer 06256,13,158.8,1,2,12.0,21,basic,15,19,0,13.1,12,65.8,2,1
cust-06257,Customer 06257,25,1198.71,0,0,-15.7,-17,premium,30,3,0,-24.9,25,48.8,1,0
cust-06258,Customer 06258,9,522.64,0,1,-21.6,55,premium,8,10,0,-13.7,54,30.2,1,1
cust-06259,Customer 06259,26,537.6,0,0,8.2,63,standard,18,23,0,10.6,43,34.7,1,1
cust-06260,Customer 06260,11,925.92,1,0,42.1,37,premium,43,13,10,50,21,68.2,1,0
cust-06261,Customer 06261,15,256.33,0,1,27.5,95,standard,8,17,5,29.7,32,100,2,1
cust-06262,Customer 06262,18,960.42,1,0,-39.3,34,premium,17,12,5,-39.3,33,34.9,1,0
cust-06263,Customer 06263,17,159.59,0,0,45,38,basic,18,14,0,37.2,63,68.1,1,0
cust-06264,Customer 06264,29,549.2,4,3,-35.9,22,standard,15,0,10,-34.1,16,67.9,1,1
cust-06265,Customer 06265,20,213.47,3,1,19.5,2,basic,5,0,0,-2.3,10,44.4,2,0
cust-06266,Customer 06266,8,347.54,3,0,5.5,13,standard,26,20,0,5.6,6,70.4,3,1
cust-06267,Customer 06267,24,238.61,0,0,-20.9,58,standard,8,22,0,-20.0,56,87.0,0,0
cust-06268,Customer 06268,15,268.55,0,2,21.9,40,standard,7,16,0,36.4,41,31.5,1,0
cust-06269,Customer 06269,47,109.77,1,0,-27.0,-9,basic,13,0,10,-21.7,5,53.7,2,0
cust-06270,Customer 06270,14,185.48,4,0,17.0,21,basic,22,10,0,9.0,40,58.9,0,1
cust-06271,Customer 06271,7,1300.1,1,0,-30.2,60,premium,67,7,0,-29.6,33,45.6,0,0
cust-06272,Customer 06272,15,332.1,1,0,20.2,52,standard,5,4,15,16.3,19,67.5,1,0
cust-06273,Customer 06273,11,187.31,0,0,-13.4,91,basic,15,14,0,-5.2,87,65.5,1,0
cust-06274,Customer 06274,6,736.99,1,0,-9.0,76,premium,18,10,0,-16.4,12,100,0,0
cust-06275,Customer 06275,18,135.28,1,0,-70,24,basic,15,29,0,-73.8,32,33.5,0,1
cust-06276,Customer 06276,21,131.07,3,0,-7.6,42,basic,10,8,10,-3.1,43,21.3,1,1
cust-06277,Customer 06277,18,202.55,7,1,-41.4,65,basic,21,19,0,-34.8,66,79.4,0,0
cust-06278,Customer 06278,9,371.65,3,2,2.2,85,standard,9,11,5,10.2,37,72.6,1,0
cust-06279,Customer 06279,13,141.35,1,0,-1.4,57,basic,20,5,10,5.9,48,46.9,1,0
cust-06280,Customer 06280,9,441.71,0,1,21.9,76,standard,42,25,0,22.4,67,58.9,1,0
cust-06281,Customer 06281,4,328.08,0,1,12.7,36,basic,26,10,5,4.9,58,23.3,1,0
cust-06282,Customer 06282,31,198.93,6,0,-17.7,44,basic,44,18,0,-14.4,20,69.2,3,1
cust-06283,Customer 06283,35,121.65,1,1,-29.2,76,basic,19,18,0,-33.9,90,52.5,2,1
cust-06284,Customer 06284,14,135.73,6,1,2.9,15,basic,5,2,0,11.6,40,33.3,0,0
cust-06285,Customer 06285,23,551.48,1,1,-22.4,1,standard,38,10,0,-19.8,40,73.1,0,1
cust-06286,Customer 06286,5,366.24,0,0,-45.4,-23,standard,26,5,0,-52.0,65,57.6,2,1
cust-06287,Customer 06287,5,113.4,6,1,-55.7,-17,basic,28,26,0,-57.3,10,66.3,1,1
cust-06288,Customer 06288,45,219.1,0,1,-7.5,58,basic,16,12,5,-8.8,47,81.8,2,0
cust-06289,Customer 06289,70,248.78,4,1,7.2,75,basic,28,42,0,18.2,28,62.4,0,0
cust-06290,Customer 06290,15,515.48,4,0,19.2,45,standard,8,38,0,7.3,7,66.7,1,0
cust-06291,Customer 06291,28,144.49,0,0,6.9,73,basic,10,0,0,11.3,36,22.8,3,0
cust-06292,Customer 06292,5,492.42,2,0,1.1,26,premium,21,0,15,1.8,14,60.1,3,0
cust-06293,Customer 06293,5,163.48,0,0,21.2,55,basic,14,28,0,26.7,47,44.0,1,0
cust-06294,Customer 06294,6,964.89,2,0,1.9,67,premium,11,21,0,6.1,37,37.3,2,0
cust-06295,Customer 06295,34,188.27,0,3,-19.8,77,basic,13,14,0,-28.9,76,42.8,0,0
cust-06296,Customer 06296,8,1349.94,1,0,28.0,28,premium,19,0,0,44.6,60,82.8,1,0
cust-06297,Customer 06297,17,202.24,0,2,8.5,87,basic,5,17,15,26.8,72,31.2,1,0
cust-06298,Customer 06298,31,536.15,1,0,-9.8,63,standard,38,0,5,-22.7,31,49.4,0,0
cust-06299,Customer 06299,36,182.33,1,0,19.3,35,basic,29,37,0,28.1,22,43.7,0,0
cust-06300,Customer 06300,54,371.62,0,1,12.9,16,standard,27,18,15,9.7,80,59.5,0,0
cust-06301,Customer 06301,35,317.29,1,0,-66.2,33,standard,15,6,0,-66.9,37,31.6,0,0
cust-06302,Customer 06302,12,961.81,0,0,-2.3,30,premium,20,0,10,2.2,62,68.5,0,0
cust-06303,Customer 06303,72,171.72,1,0,8.0,53,basic,4,29,20,-9.2,16,70.6,2,0
cust-06304,Customer 06304,12,519.64,0,0,-12.4,71,standard,18,5,5,-14.8,89,51.7,1,0
cust-06305,Customer 06305,14,606.3,7,1,-9.6,32,standard,37,2,15,-27.3,24,24.2,1,0
cust-06306,Customer 06306,18,353.24,1,0,-25.7,60,standard,22,2,0,-24.5,42,60.0,0,0
cust-06307,Customer 06307,32,519.47,1,0,-9.5,54,standard,6,6,5,-7.0,15,46.4,0,0
cust-06308,Customer 06308,40,202.03,2,0,4.7,39,basic,33,28,5,20.8,26,30.1,1,0
cust-06309,Customer 06309,13,155.17,0,0,-32.7,24,basic,49,16,0,-12.5,29,81.7,0,1
cust-06310,Customer 06310,37,573.75,6,0,12.1,18,standard,17,15,5,9.8,23,57.7,0,0
cust-06311,Customer 06311,15,99.68,5,1,-10.6,1,basic,14,0,0,-13.6,40,72.1,0,1
cust-06312,Customer 06312,7,139.74,10,2,-9.3,40,basic,6,0,15,-13.1,31,79.4,1,1
cust-06313,Customer 06313,48,287.05,0,2,-44.2,12,standard,23,17,0,-46.4,90,49.8,2,1
cust-06314,Customer 06314,72,141.09,4,2,-5.4,7,basic,7,17,0,-17.0,15,30.2,0,0
cust-06315,Customer 06315,27,154.59,3,3,-19.3,92,basic,19,1,5,-15.0,90,70.8,2,0
cust-06316,Customer 06316,24,706.03,2,0,31.1,9,premium,25,8,10,26.1,5,65.5,0,0
cust-06317,Customer 06317,8,952.9,4,0,16.7,53,premium,32,0,0,25.5,44,53.9,0,0
cust-06318,Customer 06318,16,207.26,2,0,8.5,11,basic,6,29,0,7.8,32,55.1,0,0
cust-06319,Customer 06319,7,435.31,0,0,-6.9,34,standard,15,24,0,-3.7,75,68.4,2,0
cust-06320,Customer 06320,14,516.71,1,1,-4.9,54,premium,31,6,20,4.8,11,53.7,1,0
cust-06321,Customer 06321,13,232.27,0,0,33.8,45,basic,25,9,0,46.3,32,55.6,1,0
cust-06322,Customer 06322,39,198.46,0,0,7.9,18,basic,33,24,10,2.8,35,61.7,2,0
cust-06323,Customer 06323,49,401.55,0,0,-28.0,28,standard,44,18,5,-34.4,28,71.9,2,1
cust-06324,Customer 06324,13,132.5,2,1,24.9,83,basic,19,4,5,19.6,42,54.5,3,0
cust-06325,Customer 06325,11,1034.17,2,2,-5.7,95,premium,22,0,0,-8.4,5,83.7,1,0
cust-06326,Customer 06326,2,479.31,2,0,-8.0,78,standard,5,9,0,-5.0,26,41.5,0,0
cust-06327,Customer 06327,46,1309.73,0,0,-0.1,53,premium,7,23,0,9.6,68,84.5,1,0
cust-06328,Customer 06328,37,1186.23,2,0,2.2,85,premium,9,21,0,5.7,30,75.2,1,0
cust-06329,Customer 06329,6,722.48,0,1,1.2,83,premium,17,10,0,-18.2,30,60.2,0,0
cust-06330,Customer 06330,22,164.35,8,0,3.3,69,basic,11,4,0,14.4,8,52.4,1,0
cust-06331,Customer 06331,56,218.18,4,0,17.7,35,basic,13,9,5,9.0,24,49.3,0,0
cust-06332,Customer 06332,10,185.51,0,0,34.9,5,basic,26,17,0,30.3,41,50.9,0,0
cust-06333,Customer 06333,36,402.55,2,1,-37.4,94,standard,38,0,0,-42.1,2,84.3,0,0
cust-06334,Customer 06334,28,167.48,1,1,-22.7,56,basic,18,12,0,-21.5,5,100,0,0
cust-06335,Customer 06335,40,159.51,3,0,-23.6,23,basic,25,21,0,-7.5,29,79.5,0,0
cust-06336,Customer 06336,29,357.95,0,0,-0.0,49,standard,12,10,0,-12.6,54,74.1,0,0
cust-06337,Customer 06337,9,862.05,0,1,10.7,61,premium,16,16,0,21.0,50,25.3,0,0
cust-06338,Customer 06338,31,346.91,0,0,-37.6,61,standard,16,12,10,-45.5,90,41.2,0,0
cust-06339,Customer 06339,6,302.84,3,2,7.6,23,standard,9,8,0,-2.3,39,51.6,2,0
cust-06340,Customer 06340,21,213.98,0,1,8.2,69,basic,39,0,0,6.2,39,48.4,0,0
cust-06341,Customer 06341,15,976.47,7,3,-25.2,13,premium,37,0,10,-20.3,28,40.4,2,0
cust-06342,Customer 06342,12,298.93,2,1,-8.4,35,standard,22,29,0,5.8,37,39.7,0,0
cust-06343,Customer 06343,56,373.46,1,0,20.1,31,standard,15,19,5,38.3,32,47.8,1,0
cust-06344,Customer 06344,10,109.49,1,1,5.6,36,basic,19,33,10,2.4,25,55.3,0,0
cust-06345,Customer 06345,42,828.06,2,0,-51.6,24,premium,15,0,10,-47.2,24,40.8,2,0
cust-06346,Customer 06346,48,379.95,0,2,30.3,8,standard,37,12,0,20.6,73,76.1,0,0
cust-06347,Customer 06347,7,1224.78,1,1,-6.3,27,premium,19,18,5,-4.3,90,44.7,2,0
cust-06348,Customer 06348,14,130.1,3,1,2.8,44,basic,15,17,0,11.2,35,64.6,1,0
cust-06349,Customer 06349,13,255.31,1,0,7.7,-5,standard,18,19,0,15.0,16,77.6,0,1
cust-06350,Customer 06350,27,348.33,4,1,21.7,38,standard,17,0,0,21.4,19,49.8,1,0
cust-06351,Customer 06351,10,91.62,0,0,-36.2,71,basic,6,0,0,-34.7,62,67.6,0,0
cust-06352,Customer 06352,51,992.02,3,0,-4.9,76,premium,26,9,0,1.1,10,85.9,0,0
cust-06353,Customer 06353,51,121.83,2,1,-15.5,67,basic,13,7,0,-19.5,43,95.6,0,0
cust-06354,Customer 06354,26,214.33,0,0,12.3,41,basic,12,19,0,29.1,29,26.5,0,0
cust-06355,Customer 06355,9,176.5,2,1,6.2,66,basic,30,1,5,11.3,8,61.2,1,0
cust-06356,Customer 06356,22,174.46,3,0,17.5,95,basic,15,31,0,7.8,33,57.4,0,0
cust-06357,Customer 06357,6,168.14,0,0,-35.9,37,basic,32,17,0,-54.5,47,34.1,0,0
cust-06358,Customer 06358,6,488.98,3,0,7.7,31,standard,25,16,0,8.8,17,38.4,1,0
cust-06359,Customer 06359,27,162.2,3,1,45,22,basic,28,14,0,39.1,18,65.7,3,0
cust-06360,Customer 06360,14,783.06,1,3,-9.2,60,premium,21,17,0,-11.0,8,60.3,3,0
cust-06361,Customer 06361,7,311.02,0,1,-31.4,51,standard,29,16,0,-34.5,47,100,1,0
cust-06362,Customer 06362,29,288.95,1,2,-11.3,-8,standard,16,15,5,-16.7,29,57.8,0,0
cust-06363,Customer 06363,19,772.23,1,0,-4.8,66,premium,42,0,0,-10.2,12,100,0,0
cust-06364,Customer 06364,24,1098.86,1,1,2.6,88,premium,12,16,20,-7.0,29,86.2,1,0
cust-06365,Customer 06365,8,104.42,0,0,28.8,71,basic,22,23,0,27.6,74,41.8,0,0
cust-06366,Customer 06366,22,136.84,0,1,3.4,83,basic,26,18,10,9.6,68,99.2,0,0
cust-06367,Customer 06367,10,442.78,6,0,44.3,83,standard,7,8,0,29.5,38,100,0,0
cust-06368,Customer 06368,14,532.16,7,0,-22.2,26,standard,7,0,5,-7.6,77,90.7,0,1
cust-06369,Customer 06369,16,389.45,4,2,1.0,51,standard,7,0,15,-4.8,30,68.3,0,0
cust-06370,Customer 06370,13,1167.01,1,0,-1.3,36,premium,9,11,0,0.5,34,30.2,0,0
cust-06371,Customer 06371,32,175.44,1,0,1.8,21,basic,17,0,0,-3.0,24,56.1,1,1
cust-06372,Customer 06372,36,210.67,1,2,18.3,78,basic,28,7,0,14.2,67,52.0,2,0
cust-06373,Customer 06373,7,118.86,0,1,-0.9,42,basic,14,0,0,-4.3,82,73.4,1,0
cust-06374,Customer 06374,11,288.42,0,2,-42.1,12,standard,30,10,0,-57.2,55,75.3,1,1
cust-06375,Customer 06375,16,169.83,4,0,19.6,52,basic,2,18,0,16.2,39,52.8,2,0
cust-06376,Customer 06376,5,414.09,0,1,-0.3,37,standard,28,4,0,10.6,82,16.9,0,1
cust-06377,Customer 06377,7,122.12,4,0,2.5,54,basic,20,15,0,14.7,25,47.0,0,0
cust-06378,Customer 06378,17,132.93,0,0,7.4,-2,basic,13,9,15,7.8,83,43.1,0,0
cust-06379,Customer 06379,6,450.34,1,1,-4.5,86,standard,27,21,0,-12.1,21,43.7,0,0
cust-06380,Customer 06380,17,540.26,2,1,-59.8,42,standard,12,17,5,-46.8,16,56.3,1,0
cust-06381,Customer 06381,30,284.23,0,1,3.4,42,standard,10,12,0,5.9,26,21.3,0,0
cust-06382,Customer 06382,18,1522.9,0,2,-18.9,46,premium,3,0,0,-19.4,70,51.3,1,0
cust-06383,Customer 06383,24,185.86,5,0,-3.2,21,basic,32,17,15,-4.6,24,74.3,1,0
cust-06384,Customer 06384,24,172.39,0,0,-13.5,37,basic,23,0,0,-33.0,40,55.7,0,0
cust-06385,Customer 06385,15,212.65,1,0,45,29,basic,6,7,0,43.5,12,48.7,0,0
cust-06386,Customer 06386,23,184.12,6,1,-14.8,47,basic,1,18,15,-24.6,71,81.9,3,0
cust-06387,Customer 06387,60,1005.45,1,3,11.4,37,premium,14,3,0,13.7,38,63.8,1,0
cust-06388,Customer 06388,66,280.6,0,0,6.1,48,standard,25,0,0,8.2,34,54.7,2,0
cust-06389,Customer 06389,10,257.95,0,0,13.5,26,basic,23,15,5,3.1,42,48.1,0,0
cust-06390,Customer 06390,42,366.68,1,0,-27.2,12,standard,20,0,0,-27.6,53,35.9,2,0
cust-06391,Customer 06391,29,1002.27,1,2,12.8,53,premium,37,0,10,4.9,41,71.1,1,0
cust-06392,Customer 06392,12,1042.93,3,0,-6.6,39,premium,25,16,10,-4.5,13,93.2,1,0
cust-06393,Customer 06393,36,444.32,3,1,35.7,57,standard,7,14,10,40.4,25,69.9,0,0
cust-06394,Customer 06394,36,192.57,4,3,1.8,84,basic,7,25,0,7.8,22,42.0,0,0
cust-06395,Customer 06395,37,308.56,1,0,-2.3,73,standard,16,15,0,-3.0,30,100,0,0
cust-06396,Customer 06396,34,141.72,8,1,-29.9,78,basic,49,9,5,-30.8,55,89.8,2,0
cust-06397,Customer 06397,27,333.26,0,2,-22.9,55,standard,26,2,0,-31.3,26,5,1,0
cust-06398,Customer 06398,19,854.51,1,0,10.8,64,premium,13,22,15,34.9,30,81.4,0,0
cust-06399,Customer 06399,10,571.53,1,1,-3.1,52,premium,34,0,0,-10.7,59,42.2,2,0
cust-06400,Customer 06400,51,241.72,1,0,9.9,41,standard,33,19,10,9.0,16,59.7,2,0
cust-06401,Customer 06401,20,179.17,1,0,-38.3,87,basic,24,14,0,-26.3,23,78.7,0,0
cust-06402,Customer 06402,12,159.48,0,0,0.4,80,basic,14,7,5,6.6,61,56.9,1,0
cust-06403,Customer 06403,13,404.34,1,0,-1.3,45,standard,43,20,0,7.1,44,45.4,1,0
cust-06404,Customer 06404,19,548.88,0,0,-9.1,48,standard,5,0,5,-6.1,81,44.0,2,0
cust-06405,Customer 06405,30,1162.29,7,2,9.3,85,premium,19,0,0,6.3,42,70.8,3,0
cust-06406,Customer 06406,13,344.52,2,0,-35.3,34,standard,23,15,0,-50.0,31,54.2,0,0
cust-06407,Customer 06407,20,381.06,0,2,16.6,39,standard,21,2,0,10.4,82,86.2,0,1
cust-06408,Customer 06408,6,145.0,1,0,45,83,basic,2,4,0,42.4,17,60.4,0,0
cust-06409,Customer 06409,17,130.81,0,1,-6.2,61,basic,7,1,10,-9.3,67,33.8,0,1
cust-06410,Customer 06410,19,417.14,1,0,3.7,41,standard,30,3,10,-0.5,32,5,2,0
cust-06411,Customer 06411,34,946.37,1,2,-43.1,95,premium,25,24,20,-34.1,64,60.0,0,0
cust-06412,Customer 06412,47,222.83,12,0,8.8,57,basic,18,5,0,12.8,22,72.8,0,0
cust-06413,Customer 06413,18,1394.79,3,0,16.5,32,premium,29,18,0,21.5,23,69.0,1,0
cust-06414,Customer 06414,24,173.61,5,0,-14.7,52,basic,9,20,0,-1.9,29,58.0,0,0
cust-06415,Customer 06415,2,442.2,6,1,5.0,3,standard,29,20,0,0.5,26,56.6,1,1
cust-06416,Customer 06416,9,827.7,1,0,14.6,54,premium,26,16,10,28.0,76,56.7,1,0
cust-06417,Customer 06417,28,163.07,0,2,45,55,basic,19,13,0,50,44,44.6,0,0
cust-06418,Customer 06418,54,357.87,3,1,-27.6,23,standard,17,8,0,-28.7,69,72.3,2,0
cust-06419,Customer 06419,8,682.44,0,0,-12.5,16,premium,10,5,0,-19.5,83,60.9,0,0
cust-06420,Customer 06420,4,160.71,2,0,-33.3,88,basic,72,5,0,-25.7,1,96.2,1,0
cust-06421,Customer 06421,41,321.29,2,1,9.7,72,basic,2,23,0,17.8,30,55.4,1,0
cust-06422,Customer 06422,11,838.62,0,0,28.8,95,premium,8,10,0,37.6,59,67.5,0,0
cust-06423,Customer 06423,20,105.81,0,0,5.8,53,basic,41,5,10,17.9,39,65.2,0,0
cust-06424,Customer 06424,6,298.42,0,1,0.5,59,standard,49,15,5,5.1,62,17.9,0,0
cust-06425,Customer 06425,30,1225.47,2,3,-45.8,-13,premium,17,13,0,-38.6,40,67.5,0,1
cust-06426,Customer 06426,18,789.24,0,0,11.3,10,premium,23,0,0,11.1,50,56.4,0,0
cust-06427,Customer 06427,20,415.26,1,1,-13.5,53,standard,27,29,0,-13.9,5,87.6,1,0
cust-06428,Customer 06428,37,881.92,5,1,-18.7,24,premium,35,2,5,-23.2,74,62.9,1,0
cust-06429,Customer 06429,72,369.14,0,0,28.6,48,standard,4,9,15,34.2,81,63.1,0,0
cust-06430,Customer 06430,38,173.73,0,1,21.5,51,basic,2,13,0,20.0,72,73.9,1,0
cust-06431,Customer 06431,38,414.56,1,0,-5.9,26,standard,34,8,0,-24.9,8,92.0,0,0
cust-06432,Customer 06432,5,417.83,0,2,-12.2,14,standard,20,28,0,-5.3,81,60.0,0,0
cust-06433,Customer 06433,20,553.59,2,1,-7.7,0,standard,36,19,20,-15.0,24,52.2,0,0
cust-06434,Customer 06434,30,117.49,1,0,36.4,44,basic,4,0,15,43.8,14,42.2,1,0
cust-06435,Customer 06435,21,654.91,2,0,-18.0,45,premium,14,0,10,-12.7,9,16.2,2,0
cust-06436,Customer 06436,29,982.9,1,0,37.1,48,premium,46,4,0,38.4,43,86.0,0,0
cust-06437,Customer 06437,6,188.37,0,0,19.3,49,basic,24,7,15,28.7,65,73.0,1,0
cust-06438,Customer 06438,34,419.83,1,0,4.0,58,standard,14,8,0,23.0,37,51.1,0,0
cust-06439,Customer 06439,8,177.24,1,1,34.0,49,basic,9,22,0,33.5,26,50.3,0,0
cust-06440,Customer 06440,17,151.24,1,1,-24.2,68,basic,10,6,5,-26.0,20,98.6,0,0
cust-06441,Customer 06441,16,236.04,0,0,8.8,56,standard,3,7,0,5.7,39,79.1,0,0
cust-06442,Customer 06442,31,639.32,2,1,11.8,69,premium,19,14,10,7.4,5,7.1,1,0
cust-06443,Customer 06443,10,246.98,0,1,9.4,46,standard,10,4,0,10.8,31,34.1,0,0
cust-06444,Customer 06444,56,810.14,0,0,-5.3,14,premium,37,0,5,-14.9,41,55.7,2,0
cust-06445,Customer 06445,45,767.88,2,0,-9.7,65,premium,13,25,0,-3.0,20,74.9,0,0
cust-06446,Customer 06446,21,159.09,0,0,-3.7,43,basic,11,0,0,-0.5,81,86.4,0,0
cust-06447,Customer 06447,44,128.75,1,1,-11.0,48,basic,16,30,0,-12.1,31,64.9,0,0
cust-06448,Customer 06448,12,693.38,6,0,9.1,47,premium,9,0,0,-4.9,10,89.0,2,0
cust-06449,Customer 06449,27,1048.11,6,0,37.9,70,premium,12,5,0,34.2,35,54.8,0,0
cust-06450,Customer 06450,25,109.11,0,0,9.3,35,basic,13,11,15,-4.8,39,20.9,0,0
cust-06451,Customer 06451,18,806.03,0,0,45,39,premium,11,7,0,49.7,32,61.6,2,0
cust-06452,Customer 06452,10,982.56,1,0,10.8,70,premium,40,5,10,23.3,90,89.7,0,0
cust-06453,Customer 06453,54,316.83,0,0,10.7,14,standard,36,4,5,8.4,52,68.7,0,0
cust-06454,Customer 06454,60,165.87,0,0,23.3,35,basic,20,17,0,29.6,26,73.5,1,0
cust-06455,Customer 06455,6,347.91,2,1,-7.7,48,standard,2,0,0,-12.6,56,56.2,1,0
cust-06456,Customer 06456,19,825.33,2,0,32.0,45,premium,23,0,5,28.6,27,75.1,1,0
cust-06457,Customer 06457,27,200.89,0,1,31.8,65,basic,12,7,5,39.6,82,55.2,0,0
cust-06458,Customer 06458,23,246.11,1,0,1.5,46,basic,19,1,15,10.2,23,56.8,0,0
cust-06459,Customer 06459,67,176.22,0,1,-47.1,50,basic,15,9,5,-37.4,83,98.9,1,0
cust-06460,Customer 06460,31,140.67,3,0,-32.6,39,basic,36,11,0,-35.4,9,100,0,0
cust-06461,Customer 06461,20,184.61,1,0,-26.3,88,basic,33,3,0,-24.0,40,32.4,0,0
cust-06462,Customer 06462,69,147.26,0,0,-25.5,21,basic,15,6,0,-41.6,39,71.1,1,0
cust-06463,Customer 06463,63,272.47,0,0,-22.8,44,basic,14,0,0,-23.0,74,50.6,2,0
cust-06464,Customer 06464,52,365.77,0,2,25.3,27,standard,10,11,10,27.6,84,70.3,3,0
cust-06465,Customer 06465,13,533.42,0,1,27.7,34,standard,20,0,0,17.8,88,15.4,1,0
cust-06466,Customer 06466,24,134.47,0,0,1.7,63,basic,28,0,10,-5.8,47,61.4,0,0
cust-06467,Customer 06467,11,1035.21,2,0,-1.2,69,premium,32,12,0,-16.8,5,25.9,0,1
cust-06468,Customer 06468,26,176.27,3,1,-3.6,46,basic,33,26,0,-7.5,17,44.3,2,1
cust-06469,Customer 06469,18,339.18,4,2,-12.0,45,standard,17,29,0,-20.0,10,100,0,0
cust-06470,Customer 06470,22,132.33,1,3,-7.3,52,basic,25,0,5,-2.9,28,90.2,0,0
cust-06471,Customer 06471,69,155.33,3,2,36.5,38,basic,38,0,5,30.6,24,30.7,1,0
cust-06472,Customer 06472,1,284.15,1,2,-36.5,37,standard,28,35,0,-27.6,8,41.2,2,1
cust-06473,Customer 06473,8,770.49,0,1,4.6,76,premium,27,9,0,2.3,65,42.9,0,0
cust-06474,Customer 06474,26,141.48,6,0,7.2,69,basic,8,1,10,23.2,18,21.3,0,0
cust-06475,Customer 06475,72,179.3,5,2,24.7,62,basic,6,21,0,30.0,14,46.2,1,0
cust-06476,Customer 06476,18,512.03,0,2,15.1,63,standard,3,5,0,23.4,88,77.5,0,0
cust-06477,Customer 06477,22,477.01,1,2,13.6,70,standard,33,17,0,12.9,16,23.0,0,0
cust-06478,Customer 06478,29,187.76,0,0,15.7,50,basic,10,33,0,12.6,76,21.0,3,0
cust-06479,Customer 06479,14,417.42,0,0,-9.3,48,standard,9,24,5,-1.3,30,72.5,0,0
cust-06480,Customer 06480,9,468.5,0,1,-20.7,34,standard,20,3,5,-32.8,50,100,0,0
cust-06481,Customer 06481,20,1007.62,3,0,29.4,68,premium,21,0,0,22.0,14,5,1,0
cust-06482,Customer 06482,8,972.44,1,1,1.3,5,premium,21,20,15,3.4,35,63.2,0,0
cust-06483,Customer 06483,29,454.42,0,2,-9.2,67,standard,6,15,5,-8.7,41,79.6,1,0
cust-06484,Customer 06484,10,182.22,2,0,32.0,70,basic,23,11,0,32.7,35,31.1,0,0
cust-06485,Customer 06485,17,199.27,0,0,17.2,20,basic,28,16,5,19.7,70,70.0,0,0
cust-06486,Customer 06486,5,360.04,1,0,24.7,68,standard,22,9,5,12.1,53,5,0,0
cust-06487,Customer 06487,27,539.2,1,2,2.6,40,premium,5,23,0,24.0,53,69.2,0,0
cust-06488,Customer 06488,65,1133.31,0,0,8.2,78,premium,7,0,15,-13.3,28,50.7,1,0
cust-06489,Customer 06489,19,159.91,1,2,31.3,8,basic,1,0,0,32.4,60,87.2,1,0
cust-06490,Customer 06490,12,105.71,0,1,26.4,22,basic,28,4,0,23.2,37,76.3,2,0
cust-06491,Customer 06491,15,143.7,0,0,13.7,62,basic,20,0,20,21.8,48,68.3,0,0
cust-06492,Customer 06492,10,200.78,3,0,-41.1,76,basic,27,7,0,-36.2,33,37.5,1,0
cust-06493,Customer 06493,18,174.43,0,1,-2.7,35,basic,1,12,5,9.4,39,65.4,0,0
cust-06494,Customer 06494,11,620.91,2,2,-20.3,31,standard,5,28,10,-22.4,35,38.3,2,0
cust-06495,Customer 06495,13,279.99,0,0,10.2,12,standard,15,24,10,4.6,61,68.6,0,1
cust-06496,Customer 06496,23,509.98,0,1,1.3,-6,standard,18,2,10,-14.0,56,11.2,3,1
cust-06497,Customer 06497,72,581.43,1,0,19.1,3,premium,5,12,10,20.9,13,62.9,3,0
cust-06498,Customer 06498,46,1050.56,1,0,-1.5,51,premium,11,14,0,-8.2,6,44.9,1,0
cust-06499,Customer 06499,13,515.75,0,0,-11.3,29,standard,24,29,0,-15.5,25,20.1,1,0
cust-06500,Customer 06500,39,531.19,2,0,-29.8,66,standard,6,4,0,-43.4,61,57.8,1,0
cust-06501,Customer 06501,2,327.37,0,0,-9.7,32,standard,31,17,0,10.5,82,100,0,0
cust-06502,Customer 06502,18,414.38,4,1,-29.4,66,standard,15,6,0,-23.6,33,28.0,1,0
cust-06503,Customer 06503,72,591.91,2,0,31.6,73,standard,10,14,0,24.5,17,27.8,0,0
cust-06504,Customer 06504,6,1266.14,6,0,5.0,67,premium,32,0,10,0.8,5,69.3,0,0
cust-06505,Customer 06505,39,349.79,4,1,-46.6,21,standard,32,24,10,-50.1,8,72.7,2,1
cust-06506,Customer 06506,6,299.54,2,1,28.3,41,basic,17,18,0,20.7,35,72.8,0,0
cust-06507,Customer 06507,19,309.9,0,0,-12.5,65,standard,19,5,0,-10.9,52,52.9,0,0
cust-06508,Customer 06508,47,990.5,0,0,-35.3,50,premium,49,0,0,-33.1,30,51.4,0,0
cust-06509,Customer 06509,34,988.15,1,0,-27.8,53,premium,37,9,0,-10.0,35,38.6,0,0
cust-06510,Customer 06510,51,321.7,0,0,-10.2,83,standard,25,13,10,-9.2,58,71.4,1,0
cust-06511,Customer 06511,37,392.97,2,0,-14.7,54,standard,7,26,0,-5.2,34,49.8,3,1
cust-06512,Customer 06512,16,238.04,0,0,-17.8,39,basic,22,21,15,-13.1,31,70.8,0,0
cust-06513,Customer 06513,18,759.01,0,0,11.9,35,premium,7,24,0,22.0,79,23.8,1,0
cust-06514,Customer 06514,6,199.46,3,2,5.6,66,basic,25,22,0,-1.9,61,43.2,0,0
cust-06515,Customer 06515,52,118.65,4,1,40.9,43,basic,40,29,0,39.5,42,38.9,0,0
cust-06516,Customer 06516,49,193.46,0,1,-3.2,74,basic,11,6,0,-8.4,67,77.1,0,0
cust-06517,Customer 06517,15,563.61,0,0,20.0,12,standard,45,17,0,13.0,86,100,1,0
cust-06518,Customer 06518,22,549.21,4,0,10.2,95,standard,4,0,15,6.5,55,34.3,1,0
cust-06519,Customer 06519,40,1135.73,0,0,18.0,52,premium,7,16,0,14.1,28,41.9,1,0
cust-06520,Customer 06520,25,211.29,0,0,13.5,26,basic,7,14,0,8.5,54,44.6,2,0
cust-06521,Customer 06521,28,223.66,0,0,20.0,65,basic,14,14,0,27.1,63,63.1,1,0
cust-06522,Customer 06522,20,453.64,3,2,2.9,25,standard,13,16,5,3.4,46,60.3,0,0
cust-06523,Customer 06523,55,1107.2,1,1,-23.1,80,premium,11,0,20,-40.1,46,55.5,0,0
cust-06524,Customer 06524,25,457.39,0,0,0.6,61,standard,11,0,5,8.0,26,86.8,1,0
cust-06525,Customer 06525,4,119.92,0,2,-8.2,55,basic,10,39,10,-8.2,42,50.6,0,1
cust-06526,Customer 06526,41,145.54,7,0,-1.9,42,basic,12,28,0,-3.5,6,69.8,2,0
cust-06527,Customer 06527,9,384.0,0,0,21.1,51,standard,28,5,0,13.1,55,33.5,2,0
cust-06528,Customer 06528,16,358.48,1,1,16.9,64,standard,14,10,5,8.5,30,91.5,0,0
cust-06529,Customer 06529,14,1382.93,0,3,-20.4,64,premium,12,9,0,-18.8,76,71.1,1,0
cust-06530,Customer 06530,38,160.37,1,1,26.3,81,basic,14,31,20,33.8,32,71.0,1,0
cust-06531,Customer 06531,67,1029.32,8,1,1.1,39,premium,12,4,0,-0.7,14,50.3,0,0
cust-06532,Customer 06532,24,480.3,0,0,-11.7,35,standard,14,16,0,-1.6,27,60.5,1,0
cust-06533,Customer 06533,18,215.55,0,0,7.1,54,basic,14,14,0,7.2,74,72.9,0,0
cust-06534,Customer 06534,41,222.27,0,0,6.8,25,basic,35,9,0,16.1,26,23.2,0,0
cust-06535,Customer 06535,11,186.11,0,0,2.4,43,basic,18,3,10,12.1,43,98.0,0,0
cust-06536,Customer 06536,21,656.7,0,0,-31.2,14,premium,29,5,0,-31.7,84,78.0,2,1
cust-06537,Customer 06537,41,163.8,3,0,45,25,standard,70,8,5,48.3,3,72.2,3,0
cust-06538,Customer 06538,21,501.19,0,2,-6.2,45,standard,40,15,10,-3.3,28,31.4,3,1
cust-06539,Customer 06539,22,1224.65,0,0,12.4,30,premium,12,9,0,18.7,75,68.4,1,0
cust-06540,Customer 06540,41,653.88,0,0,-46.6,31,premium,15,0,15,-49.0,51,5,0,1
cust-06541,Customer 06541,11,359.92,0,2,-27.5,56,standard,15,9,0,-29.8,87,68.1,0,0
cust-06542,Customer 06542,12,236.42,0,0,19.7,16,standard,8,16,5,30.7,50,98.1,0,0
cust-06543,Customer 06543,18,150.71,0,1,-40.3,46,basic,15,5,20,-45.1,60,76.6,0,0
cust-06544,Customer 06544,23,98.88,0,1,-37.9,0,basic,29,17,5,-35.8,32,49.3,0,0
cust-06545,Customer 06545,25,163.79,1,1,-9.5,17,basic,16,0,0,-7.8,52,47.9,1,0
cust-06546,Customer 06546,29,233.56,3,0,-8.6,47,basic,22,15,0,-21.0,37,65.7,0,0
cust-06547,Customer 06547,3,457.67,5,0,10.9,31,standard,4,9,0,5.9,64,79.0,0,1
cust-06548,Customer 06548,2,193.57,3,1,5.9,82,basic,42,5,0,8.6,24,55.9,2,0
cust-06549,Customer 06549,37,173.16,2,0,-3.2,45,basic,11,0,0,-7.1,6,65.5,0,0
cust-06550,Customer 06550,8,1278.56,9,0,27.9,46,premium,3,10,10,31.5,19,77.2,0,0
cust-06551,Customer 06551,31,155.38,0,1,-6.4,79,basic,2,7,0,-11.4,70,34.2,0,0
cust-06552,Customer 06552,68,304.24,1,0,-1.1,74,standard,5,11,0,-13.3,27,86.1,2,0
cust-06553,Customer 06553,12,149.22,3,0,36.1,33,basic,21,20,0,36.5,31,62.0,1,0
cust-06554,Customer 06554,35,386.2,5,0,10.6,31,standard,13,12,5,11.1,26,41.7,0,0
cust-06555,Customer 06555,47,1357.59,0,0,22.8,65,premium,13,10,10,11.4,32,94.0,0,0
cust-06556,Customer 06556,34,814.65,2,1,45,10,premium,19,17,20,37.0,50,60.3,3,1
cust-06557,Customer 06557,15,101.61,0,2,3.1,62,basic,8,0,10,-2.2,62,68.5,0,0
cust-06558,Customer 06558,10,509.02,5,0,17.8,65,standard,23,5,0,24.5,32,38.3,0,0
cust-06559,Customer 06559,11,201.79,1,0,43.6,20,standard,44,14,0,46.4,18,18.8,0,0
cust-06560,Customer 06560,21,97.41,1,1,12.6,55,basic,6,10,15,11.4,10,46.2,1,0
cust-06561,Customer 06561,8,294.04,1,0,18.5,32,standard,24,16,0,13.9,9,51.0,0,0
cust-06562,Customer 06562,7,460.03,0,0,-24.8,92,standard,17,0,0,-28.2,44,68.3,0,0
cust-06563,Customer 06563,7,610.0,10,0,15.1,58,standard,11,14,15,14.8,19,58.7,2,0
cust-06564,Customer 06564,32,273.2,0,0,-20.4,35,standard,35,5,5,-7.9,71,45.0,3,0
cust-06565,Customer 06565,14,744.61,0,0,10.4,81,standard,12,8,5,7.3,83,18.1,1,0
cust-06566,Customer 06566,8,171.43,1,0,-16.1,69,basic,34,18,0,-0.3,31,60.3,1,0
cust-06567,Customer 06567,52,777.56,2,0,-5.7,27,premium,8,14,0,-24.0,9,55.1,0,0
cust-06568,Customer 06568,29,334.6,5,1,-16.4,48,standard,13,24,0,-3.5,90,44.8,1,1
cust-06569,Customer 06569,6,1008.7,0,0,11.5,73,premium,21,10,10,26.9,46,100,1,0
cust-06570,Customer 06570,36,244.23,2,0,-30.1,33,basic,34,8,10,-23.7,15,73.9,0,1
cust-06571,Customer 06571,8,704.12,5,2,32.7,17,premium,8,11,10,32.3,9,79.6,0,0
cust-06572,Customer 06572,31,515.88,2,0,-9.4,36,standard,11,0,10,-11.2,14,56.4,3,1
cust-06573,Customer 06573,8,1219.21,4,3,1.4,27,premium,13,7,0,-5.7,7,74.3,2,0
cust-06574,Customer 06574,58,583.65,1,1,-28.0,70,standard,13,13,0,-22.1,24,41.4,1,0
cust-06575,Customer 06575,5,155.26,0,2,-42.7,67,basic,17,16,10,-43.7,89,57.0,0,0
cust-06576,Customer 06576,32,201.03,1,0,2.8,95,basic,5,40,5,-11.2,58,48.7,1,0
cust-06577,Customer 06577,52,1324.86,1,1,12.8,29,premium,6,11,10,6.9,9,37.2,0,0
cust-06578,Customer 06578,38,522.37,2,0,-1.3,41,standard,14,11,0,4.1,24,63.4,0,0
cust-06579,Customer 06579,30,192.47,5,0,11.6,60,basic,11,29,5,5.6,8,91.5,1,0
cust-06580,Customer 06580,30,359.29,9,0,-22.6,52,standard,7,21,0,-12.4,38,61.2,0,1
cust-06581,Customer 06581,19,224.76,1,1,2.6,61,basic,18,21,0,11.1,26,28.5,1,0
cust-06582,Customer 06582,35,145.11,2,0,-35.4,-3,basic,31,3,0,-37.6,50,90.4,0,0
cust-06583,Customer 06583,26,788.44,2,0,26.6,87,premium,11,4,0,31.3,50,34.1,0,0
cust-06584,Customer 06584,17,190.48,0,2,0.1,69,basic,17,25,5,-4.6,54,42.0,0,0
cust-06585,Customer 06585,33,127.43,7,0,-6.2,78,basic,9,12,5,-13.8,10,64.4,1,0
cust-06586,Customer 06586,24,133.17,3,2,-2.0,-10,basic,40,12,10,13.6,55,33.4,0,1
cust-06587,Customer 06587,14,151.78,1,0,-26.3,63,basic,35,8,0,-21.4,31,70.6,1,0
cust-06588,Customer 06588,2,205.01,0,0,-14.5,56,basic,20,30,10,-21.8,33,48.5,1,0
cust-06589,Customer 06589,72,154.95,1,0,33.6,29,basic,2,18,10,50,32,20.6,3,0
cust-06590,Customer 06590,30,290.83,1,2,11.9,35,standard,23,14,0,11.1,19,42.3,1,0
cust-06591,Customer 06591,20,452.58,1,0,-23.3,28,standard,26,16,5,-12.4,16,54.3,0,1
cust-06592,Customer 06592,72,341.17,9,0,-10.3,40,standard,4,22,10,-6.7,15,76.4,0,1
cust-06593,Customer 06593,39,489.13,0,0,1.0,76,standard,24,0,0,-4.7,34,34.4,0,0
cust-06594,Customer 06594,18,564.69,4,0,8.6,14,standard,2,2,0,2.8,23,42.3,2,0
cust-06595,Customer 06595,13,379.17,3,0,8.5,25,standard,13,17,0,3.2,42,55.0,1,0
cust-06596,Customer 06596,23,1209.93,2,0,-18.8,65,premium,15,21,15,-17.4,15,100,1,0
cust-06597,Customer 06597,22,201.67,0,1,-12.3,85,basic,9,14,10,-14.9,88,86.6,1,0
cust-06598,Customer 06598,20,136.96,0,3,7.9,69,basic,8,13,5,16.3,46,51.1,2,0
cust-06599,Customer 06599,17,136.55,3,4,-7.5,32,basic,18,11,10,-11.4,65,56.5,0,0
cust-06600,Customer 06600,18,156.39,8,1,7.8,53,basic,5,10,0,4.8,30,78.8,0,0
cust-06601,Customer 06601,10,369.57,0,0,-36.5,60,standard,50,20,0,-36.7,26,40.4,2,0
cust-06602,Customer 06602,18,225.38,0,3,41.0,90,basic,33,7,15,37.3,58,35.5,0,0
cust-06603,Customer 06603,15,273.85,1,0,-17.9,41,standard,18,0,0,-11.1,43,30.7,0,0
cust-06604,Customer 06604,12,883.71,3,0,-24.7,95,premium,30,11,0,-8.9,6,91.8,0,0
cust-06605,Customer 06605,10,960.64,1,0,11.4,59,premium,10,0,0,28.4,39,38.4,0,0
cust-06606,Customer 06606,72,332.23,1,0,-12.9,94,standard,13,12,0,-25.0,9,62.0,0,0
cust-06607,Customer 06607,17,440.57,2,2,-6.3,95,standard,6,16,0,-15.8,23,58.4,2,0
cust-06608,Customer 06608,19,615.99,3,0,10.5,82,premium,7,15,15,-6.7,19,69.8,0,0
cust-06609,Customer 06609,9,211.62,4,2,-47.7,19,basic,32,12,5,-50.2,7,62.0,0,1
cust-06610,Customer 06610,18,1198.12,1,1,-35.0,60,premium,24,12,0,-25.4,18,56.2,1,0
cust-06611,Customer 06611,56,1085.54,1,0,1.6,45,premium,42,24,10,3.7,14,47.0,0,0
cust-06612,Customer 06612,37,191.44,2,0,-16.8,48,basic,22,21,0,-18.1,3,100,1,0
cust-06613,Customer 06613,42,573.83,0,0,-2.2,67,standard,22,0,0,-4.8,25,90.1,1,0
cust-06614,Customer 06614,41,135.2,3,0,35.7,-12,basic,5,9,5,35.6,27,48.8,1,0
cust-06615,Customer 06615,14,270.67,1,0,3.5,17,standard,8,19,10,6.7,47,35.5,0,0
cust-06616,Customer 06616,35,467.87,1,0,-5.8,74,standard,56,0,5,-10.5,40,77.3,1,0
cust-06617,Customer 06617,15,393.19,1,0,1.1,6,standard,28,7,10,6.3,26,46.2,0,0
cust-06618,Customer 06618,15,653.2,1,0,-13.4,69,standard,14,8,10,-6.0,26,6.6,1,0
cust-06619,Customer 06619,10,95.11,0,1,-1.6,23,basic,10,17,0,0.4,52,74.7,2,0
cust-06620,Customer 06620,25,261.47,2,0,-44.0,78,standard,57,19,5,-44.2,58,55.5,0,0
cust-06621,Customer 06621,3,1505.09,0,1,9.4,53,premium,3,25,0,4.3,61,51.3,1,0
cust-06622,Customer 06622,7,163.99,3,0,17.8,30,basic,18,4,0,11.0,20,100,3,0
cust-06623,Customer 06623,33,128.94,2,1,23.7,69,basic,6,22,5,15.7,90,36.9,0,0
cust-06624,Customer 06624,72,339.88,1,0,-12.0,27,standard,14,28,0,-7.1,41,70.9,3,1
cust-06625,Customer 06625,40,567.33,6,2,45,28,standard,8,24,0,40.8,23,32.3,0,0
cust-06626,Customer 06626,11,1102.53,2,1,34.5,50,premium,18,8,15,29.6,27,30.2,1,0
cust-06627,Customer 06627,37,998.79,0,0,-34.0,79,premium,24,0,5,-31.7,87,76.5,1,0
cust-06628,Customer 06628,72,184.65,1,0,-13.6,60,basic,14,17,0,-9.5,59,76.7,0,0
cust-06629,Customer 06629,9,113.36,0,2,-45.3,23,basic,8,28,0,-62.1,71,64.2,0,0
cust-06630,Customer 06630,20,418.16,0,0,27.9,35,standard,21,15,0,38.4,76,40.0,1,0
cust-06631,Customer 06631,30,301.07,1,0,23.2,68,standard,20,12,0,30.3,20,100,1,0
cust-06632,Customer 06632,23,787.28,4,0,32.5,49,premium,24,4,0,35.2,26,52.3,0,0
cust-06633,Customer 06633,33,228.61,0,1,25.1,73,standard,20,29,10,23.5,38,50.7,1,0
cust-06634,Customer 06634,36,224.11,1,1,-34.0,1,basic,61,24,0,-40.5,23,45.0,1,0
cust-06635,Customer 06635,22,394.76,2,0,-44.1,51,standard,21,14,15,-42.1,48,81.1,0,0
cust-06636,Customer 06636,22,300.94,0,0,-1.9,67,standard,40,14,10,-1.5,30,46.4,0,0
cust-06637,Customer 06637,37,1657.92,0,0,4.8,93,premium,18,0,0,15.6,63,67.0,0,0
cust-06638,Customer 06638,19,461.53,6,1,40.2,57,standard,19,30,10,36.4,26,46.2,0,0
cust-06639,Customer 06639,34,285.78,0,0,1.2,62,basic,26,9,0,16.1,64,77.1,0,0
cust-06640,Customer 06640,26,474.39,0,1,-9.5,62,standard,14,14,0,-10.4,58,72.6,0,0
cust-06641,Customer 06641,21,748.3,0,2,5.8,49,premium,35,0,15,7.3,62,92.2,0,0
cust-06642,Customer 06642,18,254.83,0,0,-6.7,47,basic,2,19,0,-20.8,88,26.6,0,0
cust-06643,Customer 06643,14,233.39,2,1,8.6,55,basic,28,3,0,2.7,24,79.5,0,0
cust-06644,Customer 06644,25,390.68,0,0,23.2,16,standard,29,11,5,18.6,50,67.2,0,0
cust-06645,Customer 06645,22,869.86,0,0,14.2,95,premium,11,0,15,19.9,28,52.1,1,0
cust-06646,Customer 06646,18,140.0,2,1,-12.0,85,basic,20,14,0,-16.8,1,75.8,1,0
cust-06647,Customer 06647,11,288.16,0,0,44.6,50,standard,5,14,20,50,62,27.7,0,0
cust-06648,Customer 06648,20,773.93,0,0,2.5,35,premium,4,0,0,11.3,65,42.4,0,0
cust-06649,Customer 06649,19,792.11,1,1,-6.2,38,premium,2,8,0,-3.0,59,61.4,0,0
cust-06650,Customer 06650,7,179.32,1,0,27.6,70,basic,32,10,0,26.2,16,44.0,0,0
cust-06651,Customer 06651,63,148.54,0,0,0.7,49,basic,11,8,15,5.2,77,44.1,0,0
cust-06652,Customer 06652,13,527.64,1,2,-6.5,49,standard,32,0,5,-3.4,69,57.7,1,0
cust-06653,Customer 06653,13,184.78,6,1,-21.9,66,basic,39,18,5,-30.5,20,65.7,0,0
cust-06654,Customer 06654,42,1047.11,0,0,14.8,80,premium,23,11,10,6.9,30,43.6,0,0
cust-06655,Customer 06655,13,385.88,4,0,5.9,22,standard,23,21,5,7.0,13,5,0,0
cust-06656,Customer 06656,14,507.71,0,0,33.5,53,standard,20,5,5,16.0,52,11.1,0,0
cust-06657,Customer 06657,27,321.14,0,0,-1.1,60,standard,8,15,10,14.0,82,44.7,1,0
cust-06658,Customer 06658,11,470.43,0,1,4.3,69,standard,11,7,0,22.1,25,44.0,3,1
cust-06659,Customer 06659,2,475.33,1,0,7.2,54,standard,12,5,0,16.3,32,90.3,2,0
cust-06660,Customer 06660,42,1477.88,2,0,42.0,59,premium,20,8,15,38.3,2,91.4,0,0
cust-06661,Customer 06661,19,412.05,1,2,-26.2,38,standard,20,14,20,-31.4,55,64.3,0,1
cust-06662,Customer 06662,51,168.95,3,1,-2.1,55,basic,19,5,15,-3.1,18,69.3,1,0
cust-06663,Customer 06663,40,430.44,0,4,-19.3,51,standard,14,5,10,-17.5,68,81.4,0,0
cust-06664,Customer 06664,26,74.08,3,1,-6.3,46,basic,6,11,0,-1.1,5,87.4,0,0
cust-06665,Customer 06665,27,492.6,2,1,6.1,74,standard,14,1,5,-4.9,6,49.4,1,1
cust-06666,Customer 06666,9,323.01,3,1,-6.4,26,standard,16,20,10,-10.0,35,59.5,0,0
cust-06667,Customer 06667,44,679.68,0,2,-3.7,48,standard,30,25,0,-4.9,69,66.5,0,0
cust-06668,Customer 06668,72,424.41,6,2,25.7,45,standard,15,10,0,15.0,26,49.7,0,0
cust-06669,Customer 06669,9,536.25,0,1,28.8,14,standard,38,4,5,23.6,53,36.2,1,0
cust-06670,Customer 06670,25,360.8,0,0,-6.3,20,standard,14,15,10,-19.4,32,35.2,0,0
cust-06671,Customer 06671,55,604.37,2,2,-12.3,29,premium,14,9,0,-7.6,15,61.8,1,0
cust-06672,Customer 06672,16,455.22,4,1,-17.9,43,standard,24,23,15,-41.3,10,64.3,2,0
cust-06673,Customer 06673,22,882.76,1,0,-1.5,68,premium,14,0,0,-6.9,21,87.0,0,0
cust-06674,Customer 06674,9,427.32,0,0,19.8,51,standard,61,10,0,17.8,73,56.3,0,0
cust-06675,Customer 06675,9,343.36,1,1,-15.7,25,standard,13,0,5,-25.5,41,59.5,0,0
cust-06676,Customer 06676,60,227.05,3,0,-18.9,43,basic,20,0,20,-22.9,17,57.3,1,0
cust-06677,Customer 06677,12,143.5,0,0,-4.5,45,basic,60,18,15,-14.8,72,53.5,0,0
cust-06678,Customer 06678,18,403.39,0,2,5.0,37,standard,19,43,0,9.5,32,39.3,0,1
cust-06679,Customer 06679,14,168.92,7,1,6.3,44,basic,19,41,0,9.2,45,96.7,0,0
cust-06680,Customer 06680,18,1264.0,0,0,24.3,95,premium,23,8,15,37.1,54,40.8,0,0
cust-06681,Customer 06681,4,141.46,3,0,19.9,58,basic,14,0,5,6.9,72,65.3,1,0
cust-06682,Customer 06682,16,125.73,1,0,26.9,58,basic,14,22,5,27.7,19,90.4,1,0
cust-06683,Customer 06683,17,213.24,0,0,23.6,63,basic,16,20,5,16.3,41,55.3,0,0
cust-06684,Customer 06684,16,1422.06,5,2,18.4,55,premium,12,0,10,7.1,30,54.6,0,1
cust-06685,Customer 06685,3,124.03,4,2,-12.7,-12,basic,30,8,0,-18.1,9,39.6,0,1
cust-06686,Customer 06686,11,992.01,1,1,-35.5,70,premium,46,15,0,-27.9,14,81.3,1,0
cust-06687,Customer 06687,5,261.64,0,0,-42.6,26,standard,52,3,0,-29.3,84,79.3,1,1
cust-06688,Customer 06688,42,300.62,2,0,-9.2,80,standard,20,6,0,-12.7,45,43.0,1,0
cust-06689,Customer 06689,8,161.93,1,1,-9.2,77,basic,61,0,0,-22.8,19,69.9,0,0
cust-06690,Customer 06690,14,149.05,3,0,4.5,67,basic,5,14,5,0.1,19,45.3,3,0
cust-06691,Customer 06691,10,125.76,0,0,2.8,68,basic,16,13,10,-0.0,81,80.9,1,0
cust-06692,Customer 06692,23,277.12,0,0,-33.4,67,standard,7,18,0,-21.9,32,14.6,1,0
cust-06693,Customer 06693,24,126.53,0,0,31.6,83,basic,7,16,0,37.8,26,32.1,1,0
cust-06694,Customer 06694,35,1353.53,0,2,18.6,41,premium,17,25,0,13.1,90,84.8,1,0
cust-06695,Customer 06695,12,230.04,1,0,-5.3,95,basic,33,11,0,-2.5,82,100,0,0
cust-06696,Customer 06696,22,125.81,1,1,1.9,30,basic,17,2,0,9.7,12,43.3,0,0
cust-06697,Customer 06697,30,99.58,1,0,14.9,69,basic,1,2,5,19.3,11,51.6,0,0
cust-06698,Customer 06698,49,1005.6,3,0,-28.1,61,premium,15,20,10,-17.3,6,75.8,0,0
cust-06699,Customer 06699,13,815.26,0,0,45,81,premium,10,3,0,50,46,52.0,0,0
cust-06700,Customer 06700,48,431.74,1,2,-25.4,36,standard,23,14,5,-30.7,33,52.8,2,0
cust-06701,Customer 06701,32,427.61,0,0,-8.2,67,standard,24,23,0,-18.7,73,39.7,0,0
cust-06702,Customer 06702,9,160.71,3,0,-7.1,60,basic,1,27,5,-7.9,5,32.8,0,0
cust-06703,Customer 06703,8,120.05,0,0,-0.8,17,basic,25,0,0,-2.8,36,38.9,0,0
cust-06704,Customer 06704,15,278.73,7,3,8.8,6,basic,11,14,0,20.0,21,52.0,1,1
cust-06705,Customer 06705,16,362.59,1,0,-43.4,66,standard,19,0,10,-41.5,6,35.2,1,1
cust-06706,Customer 06706,56,194.95,1,0,-55.8,12,basic,78,0,0,-53.9,18,85.0,0,1
cust-06707,Customer 06707,22,109.03,0,0,-7.1,63,basic,16,2,5,-0.1,45,5,0,0
cust-06708,Customer 06708,4,267.43,6,0,10.7,33,standard,30,18,0,5.4,15,33.7,0,0
cust-06709,Customer 06709,15,373.03,0,0,-4.3,25,standard,22,26,15,-8.1,58,66.2,3,1
cust-06710,Customer 06710,7,1199.43,2,0,12.5,61,premium,13,0,5,8.4,20,100,2,0
cust-06711,Customer 06711,4,140.77,3,0,-8.4,59,basic,20,16,10,-8.7,70,96.0,0,0
cust-06712,Customer 06712,42,346.19,0,1,8.9,32,standard,8,24,0,28.6,57,42.3,2,0
cust-06713,Customer 06713,11,114.75,1,1,-54.0,20,basic,28,24,0,-50.7,32,23.7,0,1
cust-06714,Customer 06714,27,354.61,2,1,10.6,27,standard,18,9,0,19.6,25,35.0,0,0
cust-06715,Customer 06715,18,399.33,2,0,-16.9,70,standard,3,16,0,-21.9,50,68.0,1,0
cust-06716,Customer 06716,13,372.13,12,0,-40.2,40,standard,18,33,0,-46.2,55,82.4,0,1
cust-06717,Customer 06717,9,158.06,1,0,12.6,23,basic,8,0,0,-3.9,28,67.8,1,0
cust-06718,Customer 06718,16,1493.36,1,1,-7.3,17,premium,5,20,10,-2.9,21,52.9,1,0
cust-06719,Customer 06719,5,1151.58,1,1,-51.0,50,premium,5,0,0,-56.1,32,72.5,0,0
cust-06720,Customer 06720,15,343.27,0,0,-33.1,38,standard,25,10,0,-40.4,39,42.3,1,1
cust-06721,Customer 06721,8,538.06,1,2,-16.2,28,standard,45,16,0,-3.7,14,75.2,0,0
cust-06722,Customer 06722,7,1143.09,0,0,8.2,84,premium,8,14,5,5.1,68,93.3,0,0
cust-06723,Customer 06723,8,235.58,6,1,-39.3,67,standard,46,8,0,-34.5,9,43.1,0,0
cust-06724,Customer 06724,24,131.51,2,1,-4.0,43,basic,25,26,0,-21.7,25,77.8,0,0
cust-06725,Customer 06725,27,567.28,0,0,45,65,standard,28,17,0,50,50,82.7,0,0
cust-06726,Customer 06726,13,603.89,1,0,-11.9,31,standard,10,14,5,-13.1,11,100,1,0
cust-06727,Customer 06727,10,173.77,0,0,-12.4,47,basic,14,17,0,-14.9,33,87.1,1,0
cust-06728,Customer 06728,10,679.84,0,1,-9.5,18,premium,12,25,0,-5.9,89,82.6,1,0
cust-06729,Customer 06729,72,225.14,0,0,-27.6,51,basic,53,14,5,-25.5,52,85.0,0,0
cust-06730,Customer 06730,12,1097.33,0,1,-44.4,70,premium,31,5,5,-49.8,35,48.3,2,0
cust-06731,Customer 06731,15,265.17,5,0,-3.9,10,basic,16,18,10,-17.5,12,49.5,0,1
cust-06732,Customer 06732,51,468.25,1,0,-33.8,25,standard,13,21,0,-29.5,44,52.0,1,0
cust-06733,Customer 06733,35,968.79,2,0,22.9,69,premium,14,9,0,24.5,30,87.7,1,0
cust-06734,Customer 06734,48,494.55,6,0,-18.7,67,standard,22,6,5,-18.3,15,18.1,0,1
cust-06735,Customer 06735,7,204.88,1,0,-28.8,56,basic,30,9,0,-36.9,69,33.5,1,0
cust-06736,Customer 06736,30,284.25,0,2,1.2,91,standard,28,27,0,1.9,77,20.0,3,0
cust-06737,Customer 06737,48,1297.12,2,1,-37.6,59,premium,37,32,5,-33.1,10,24.0,0,0
cust-06738,Customer 06738,35,109.93,3,0,5.9,43,basic,37,0,0,11.6,44,14.9,1,0
cust-06739,Customer 06739,45,157.77,1,1,-20.8,28,basic,1,25,0,-17.6,23,68.5,0,0
cust-06740,Customer 06740,61,1335.68,0,1,27.4,81,premium,11,0,5,24.5,29,49.6,3,0
cust-06741,Customer 06741,5,504.89,2,1,0.5,14,standard,21,9,0,-4.3,20,69.0,1,0
cust-06742,Customer 06742,56,385.86,3,0,-4.3,28,standard,12,1,10,-12.2,63,83.2,0,0
cust-06743,Customer 06743,9,456.81,0,2,13.0,27,standard,7,8,5,18.8,84,77.4,0,0
cust-06744,Customer 06744,7,187.24,0,1,-22.8,36,basic,23,10,0,-18.7,77,53.6,0,0
cust-06745,Customer 06745,10,1006.41,0,2,-4.2,30,premium,15,13,10,-13.7,45,77.1,2,0
cust-06746,Customer 06746,12,142.52,0,1,-28.3,65,basic,53,21,0,-37.2,60,43.5,1,1
cust-06747,Customer 06747,6,489.94,0,1,-43.4,24,standard,20,26,10,-46.0,71,78.8,2,1
cust-06748,Customer 06748,4,267.54,1,0,19.7,68,basic,26,29,0,30.5,13,45.2,2,0
cust-06749,Customer 06749,8,281.94,1,0,-9.3,67,standard,21,15,10,-14.2,14,51.0,0,0
cust-06750,Customer 06750,15,130.53,3,0,12.8,40,basic,7,9,5,11.5,20,23.5,0,0
cust-06751,Customer 06751,72,347.41,0,1,-33.5,33,standard,23,3,5,-28.6,31,28.7,1,0
cust-06752,Customer 06752,34,635.2,0,0,9.6,90,premium,10,8,0,16.2,88,7.6,0,0
cust-06753,Customer 06753,21,1254.78,1,2,-21.0,69,premium,20,0,0,-37.2,49,42.8,1,0
cust-06754,Customer 06754,63,187.26,2,2,-5.1,1,basic,9,0,0,2.0,28,30.7,1,0
cust-06755,Customer 06755,55,361.33,1,1,-5.2,61,standard,25,8,5,-2.4,19,63.2,2,0
cust-06756,Customer 06756,9,637.2,7,1,17.6,44,premium,22,13,10,19.5,15,72.9,1,1
cust-06757,Customer 06757,2,289.48,1,1,-25.0,52,standard,11,8,0,-19.8,46,62.2,3,0
cust-06758,Customer 06758,70,1394.14,3,1,-22.2,89,premium,19,0,10,-23.1,24,79.8,0,0
cust-06759,Customer 06759,38,259.74,1,0,-2.3,10,basic,4,39,5,2.0,40,45.7,2,0
cust-06760,Customer 06760,22,327.38,0,0,41.5,23,basic,33,10,5,36.8,47,33.6,0,1
cust-06761,Customer 06761,41,938.86,2,0,36.0,76,premium,5,14,0,39.8,52,79.3,1,0
cust-06762,Customer 06762,48,230.05,1,4,14.4,52,basic,19,36,0,15.1,21,47.5,0,0
cust-06763,Customer 06763,16,524.17,1,0,-2.6,27,standard,16,3,0,-6.9,67,67.9,0,0
cust-06764,Customer 06764,72,569.25,0,1,34.5,31,standard,10,3,15,42.3,30,80.9,2,0
cust-06765,Customer 06765,41,168.76,4,1,-4.4,34,basic,30,9,10,-2.9,12,66.0,2,0
cust-06766,Customer 06766,14,164.65,4,0,22.4,95,basic,12,23,0,16.0,22,39.4,2,0
cust-06767,Customer 06767,39,106.99,6,2,10.6,67,basic,36,33,0,11.8,6,67.6,2,0
cust-06768,Customer 06768,16,169.32,0,1,-17.9,52,basic,7,1,15,-14.7,68,21.4,2,0
cust-06769,Customer 06769,29,459.81,4,0,-1.7,32,standard,5,11,5,-15.6,24,71.6,0,1
cust-06770,Customer 06770,34,175.04,1,0,0.6,69,basic,10,5,10,-9.3,9,65.9,2,0
cust-06771,Customer 06771,20,272.16,4,1,16.3,62,standard,4,16,0,14.0,23,28.0,2,0
cust-06772,Customer 06772,45,162.82,0,2,-3.9,59,basic,17,9,5,6.6,71,75.6,1,0
cust-06773,Customer 06773,61,475.45,2,0,-0.7,47,standard,8,5,15,-7.7,5,34.1,0,0
cust-06774,Customer 06774,23,405.44,3,0,-29.5,75,standard,11,6,0,-38.9,18,31.8,0,0
cust-06775,Customer 06775,23,481.74,1,2,38.7,50,standard,24,9,5,47.9,48,23.2,2,1
cust-06776,Customer 06776,19,120.34,1,2,31.0,58,basic,9,15,15,38.6,25,53.1,0,0
cust-06777,Customer 06777,40,348.23,1,0,-4.7,55,standard,9,7,0,-6.2,33,66.5,3,0
cust-06778,Customer 06778,44,297.65,0,0,-27.5,34,standard,17,8,0,-39.4,61,84.7,1,0
cust-06779,Customer 06779,2,165.79,2,2,1.2,47,basic,7,14,0,-11.9,36,34.9,2,0
cust-06780,Customer 06780,22,341.9,0,0,7.6,75,standard,31,6,10,6.3,35,66.4,1,0
cust-06781,Customer 06781,39,155.42,1,0,13.4,58,basic,13,22,0,32.3,26,30.8,0,0
cust-06782,Customer 06782,35,122.64,0,1,5.8,56,basic,35,0,0,20.8,40,50.5,1,0
cust-06783,Customer 06783,16,568.34,0,0,-34.1,95,standard,38,19,5,-33.9,31,63.6,0,0
cust-06784,Customer 06784,28,711.76,1,0,40.0,33,premium,42,25,15,36.4,19,83.7,1,0
cust-06785,Customer 06785,36,320.88,3,0,5.2,38,standard,26,20,0,10.0,54,40.2,1,0
cust-06786,Customer 06786,21,418.17,2,0,-42.6,13,standard,14,7,10,-35.1,17,98.2,1,0
cust-06787,Customer 06787,37,249.0,1,1,-7.1,46,standard,40,29,0,-6.5,20,62.2,0,1
cust-06788,Customer 06788,27,177.51,2,1,-44.3,15,basic,25,18,20,-40.8,32,62.3,2,1
cust-06789,Customer 06789,29,507.14,1,2,23.5,62,standard,44,14,0,27.2,10,28.7,3,0
cust-06790,Customer 06790,19,164.93,1,0,37.3,55,basic,37,24,0,37.8,52,60.9,2,1
cust-06791,Customer 06791,56,180.94,3,0,-35.4,43,basic,11,14,0,-31.3,39,49.2,1,0
cust-06792,Customer 06792,26,218.69,0,0,-11.7,58,basic,15,29,0,-18.6,70,100,1,0
cust-06793,Customer 06793,34,107.06,1,0,-45.3,93,basic,30,16,5,-55.2,21,33.9,0,0
cust-06794,Customer 06794,22,517.51,1,0,-40.4,28,standard,14,0,0,-26.7,9,66.4,0,0
cust-06795,Customer 06795,31,97.07,8,0,5.8,45,basic,45,7,5,6.8,36,100,0,0
cust-06796,Customer 06796,48,178.84,1,0,-8.5,19,basic,3,15,15,-9.3,18,75.9,0,1
cust-06797,Customer 06797,1,556.46,3,0,42.6,53,standard,14,21,0,45.0,19,67.0,0,0
cust-06798,Customer 06798,22,147.47,0,0,-24.0,49,basic,32,19,5,-20.3,36,25.3,1,0
cust-06799,Customer 06799,45,85.09,0,2,-21.3,47,basic,44,2,0,-22.5,75,92.1,3,1
cust-06800,Customer 06800,7,232.83,1,1,-31.3,43,basic,62,17,10,-43.5,33,53.8,3,1
cust-06801,Customer 06801,72,260.87,1,0,-14.6,61,standard,12,21,0,-8.9,1,34.5,0,0
cust-06802,Customer 06802,23,147.27,0,1,-24.4,34,basic,5,19,5,-36.3,31,100,0,0
cust-06803,Customer 06803,64,278.13,0,1,14.5,40,standard,8,19,0,22.9,25,63.4,3,0
cust-06804,Customer 06804,21,374.98,5,0,25.3,25,standard,9,14,0,24.2,10,34.4,0,0
cust-06805,Customer 06805,17,278.1,0,0,-23.4,95,standard,26,17,5,-14.8,46,56.6,1,1
cust-06806,Customer 06806,29,164.72,5,0,-14.9,74,basic,19,28,5,-10.2,87,52.2,1,0
cust-06807,Customer 06807,34,159.26,1,0,5.8,48,basic,7,18,0,13.3,32,17.8,1,0
cust-06808,Customer 06808,40,383.65,0,1,26.4,59,standard,36,2,0,22.3,78,64.7,2,0
cust-06809,Customer 06809,2,477.64,1,1,-60.6,20,standard,44,3,0,-65.1,22,38.2,0,1
cust-06810,Customer 06810,29,310.68,2,1,21.0,62,standard,4,0,0,17.6,9,22.8,3,0
cust-06811,Customer 06811,38,290.04,0,1,-42.0,40,standard,29,8,0,-45.5,25,18.3,2,0
cust-06812,Customer 06812,57,248.15,0,0,-31.3,72,basic,33,22,10,-21.0,90,59.4,1,0
cust-06813,Customer 06813,42,490.14,2,0,-0.5,26,premium,7,0,5,-9.6,42,68.2,1,0
cust-06814,Customer 06814,8,321.94,3,0,-4.6,53,standard,29,19,0,-3.2,1,42.4,0,0
cust-06815,Customer 06815,29,1938.05,0,1,37.1,60,premium,8,28,10,36.5,53,49.7,1,0
cust-06816,Customer 06816,48,178.22,9,1,4.3,55,basic,35,32,0,12.5,20,65.2,0,0
cust-06817,Customer 06817,28,219.0,2,1,-3.4,35,basic,21,21,0,-2.4,33,59.9,2,0
cust-06818,Customer 06818,29,1244.47,1,3,-18.2,16,premium,9,0,0,-18.9,30,45.6,0,0
cust-06819,Customer 06819,58,254.17,0,2,-12.1,44,standard,47,10,5,-6.4,56,52.3,0,0
cust-06820,Customer 06820,34,95.62,0,0,45,68,basic,12,14,0,44.8,38,50.8,1,0
cust-06821,Customer 06821,13,1292.37,2,0,-5.1,59,premium,27,15,0,-11.0,35,68.4,0,0
cust-06822,Customer 06822,19,134.32,0,1,35.6,64,basic,4,5,0,34.3,25,74.1,1,0
cust-06823,Customer 06823,30,356.64,2,0,18.7,70,standard,23,9,0,23.6,31,64.8,0,0
cust-06824,Customer 06824,5,389.04,0,0,13.0,58,standard,19,10,0,-5.5,49,85.1,1,0
cust-06825,Customer 06825,31,1015.97,1,0,-1.0,56,premium,23,0,15,-12.6,13,63.0,1,0
cust-06826,Customer 06826,25,300.49,0,0,-21.1,53,standard,7,43,5,-15.6,64,50.1,0,0
cust-06827,Customer 06827,42,262.68,1,0,-15.8,85,basic,30,14,10,-10.8,16,33.1,0,0
cust-06828,Customer 06828,30,443.2,0,0,18.3,83,standard,20,15,0,19.9,28,42.5,1,0
cust-06829,Customer 06829,47,258.68,2,3,19.4,58,basic,7,0,0,20.2,16,52.0,2,0
cust-06830,Customer 06830,16,134.87,0,1,0.3,68,basic,9,16,20,6.0,57,69.3,0,0
cust-06831,Customer 06831,32,250.14,1,0,41.4,21,standard,3,10,0,50,14,32.8,2,0
cust-06832,Customer 06832,4,793.9,2,0,1.0,36,premium,23,0,5,-6.5,4,38.6,0,1
cust-06833,Customer 06833,10,141.19,5,0,32.8,55,basic,8,20,20,36.3,55,32.7,2,0
cust-06834,Customer 06834,19,161.0,0,0,21.9,43,basic,8,13,15,25.9,37,76.3,1,0
cust-06835,Customer 06835,26,181.36,2,1,-20.2,63,basic,5,17,0,-13.6,7,56.7,0,0
cust-06836,Customer 06836,34,95.76,0,0,29.7,65,basic,53,23,0,20.1,72,35.4,0,1
cust-06837,Customer 06837,23,389.21,1,0,-23.1,74,standard,5,14,0,-31.7,32,41.9,0,0
cust-06838,Customer 06838,18,216.32,0,1,-50.4,76,basic,19,13,5,-51.4,43,29.1,0,1
cust-06839,Customer 06839,25,231.6,0,1,21.3,46,basic,21,14,0,30.9,61,58.3,3,0
cust-06840,Customer 06840,31,165.27,6,2,24.5,31,basic,25,18,5,25.4,23,59.4,1,0
cust-06841,Customer 06841,48,223.17,6,0,-14.5,25,basic,18,18,0,-21.8,36,56.1,1,0
cust-06842,Customer 06842,56,136.41,0,1,16.1,66,basic,31,17,5,15.6,25,58.1,0,0
cust-06843,Customer 06843,35,153.57,5,2,5.7,95,basic,2,4,0,6.0,76,79.9,1,0
cust-06844,Customer 06844,21,130.02,0,2,22.6,17,basic,26,1,15,25.6,85,72.4,0,1
cust-06845,Customer 06845,6,551.04,2,1,-0.3,95,standard,31,7,15,-19.1,29,45.4,1,0
cust-06846,Customer 06846,38,466.15,8,2,-2.4,57,standard,27,20,5,7.4,29,100,0,0
cust-06847,Customer 06847,60,109.27,1,0,-1.7,66,basic,24,5,5,-14.0,18,46.7,0,0
cust-06848,Customer 06848,6,527.65,0,1,15.9,57,standard,16,32,15,8.8,87,5,1,0
cust-06849,Customer 06849,28,199.97,0,1,22.4,56,basic,23,5,0,21.1,64,48.1,0,0
cust-06850,Customer 06850,17,863.73,0,1,12.8,79,premium,17,6,5,34.1,45,73.3,0,0
cust-06851,Customer 06851,27,525.29,0,2,-48.8,33,premium,24,5,0,-41.6,61,92.7,1,1
cust-06852,Customer 06852,28,147.5,1,0,14.2,75,basic,42,20,20,29.8,19,67.1,0,0
cust-06853,Customer 06853,42,125.82,1,1,-8.4,88,basic,20,13,5,7.0,19,44.6,1,0
cust-06854,Customer 06854,10,123.99,1,0,5.3,92,basic,7,0,0,16.7,31,50.9,0,0
cust-06855,Customer 06855,13,112.08,2,0,22.5,44,basic,6,16,0,16.9,63,35.0,2,0
cust-06856,Customer 06856,22,128.79,1,0,25.1,17,basic,49,30,0,28.5,38,58.2,0,0
cust-06857,Customer 06857,29,553.64,3,0,-3.0,57,standard,14,31,20,-1.6,33,85.9,0,0
cust-06858,Customer 06858,7,531.98,2,0,8.2,80,standard,8,26,5,6.1,17,74.6,0,0
cust-06859,Customer 06859,15,168.19,2,0,45,89,basic,11,9,0,43.7,7,70.6,2,0
cust-06860,Customer 06860,31,1555.83,6,2,-25.3,64,premium,13,17,10,-36.4,30,82.3,3,0
cust-06861,Customer 06861,39,1215.63,4,0,6.5,45,premium,4,9,0,17.4,44,45.7,0,0
cust-06862,Customer 06862,20,847.44,3,0,-1.1,29,premium,6,12,10,11.1,9,76.5,0,0
cust-06863,Customer 06863,2,1120.35,4,1,15.6,20,premium,27,15,5,16.4,69,44.5,0,0
cust-06864,Customer 06864,31,477.27,5,0,-31.8,82,standard,20,0,5,-26.0,85,87.1,0,0
cust-06865,Customer 06865,12,882.15,2,2,-15.9,90,premium,30,16,0,-16.1,24,60.2,1,0
cust-06866,Customer 06866,24,1193.95,2,1,29.2,95,premium,6,16,0,45.7,35,100,0,0
cust-06867,Customer 06867,5,109.14,0,0,37.3,54,basic,12,31,5,33.0,56,82.2,0,0
cust-06868,Customer 06868,19,1371.27,0,1,20.0,31,premium,12,14,0,2.1,67,69.6,1,0
cust-06869,Customer 06869,11,161.85,1,1,-2.1,40,basic,15,3,0,-6.4,67,52.8,0,0
cust-06870,Customer 06870,27,443.26,1,0,-15.4,26,standard,20,0,0,-14.8,57,64.9,2,0
cust-06871,Customer 06871,19,529.23,4,0,18.2,56,standard,17,0,0,10.5,19,34.7,0,0
cust-06872,Customer 06872,8,325.81,0,0,7.3,82,standard,27,10,0,9.0,70,59.6,0,0
cust-06873,Customer 06873,10,461.3,1,1,16.2,73,standard,10,19,0,27.1,30,24.5,0,0
cust-06874,Customer 06874,8,256.32,0,1,12.6,43,standard,16,10,0,16.8,63,57.4,0,0
cust-06875,Customer 06875,4,184.62,1,0,35.4,64,standard,28,16,0,36.0,6,54.8,2,0
cust-06876,Customer 06876,14,267.65,6,2,-14.3,46,standard,46,18,15,-22.4,13,31.2,2,1
cust-06877,Customer 06877,15,141.1,4,0,12.7,15,basic,39,9,0,15.0,18,61.8,1,0
cust-06878,Customer 06878,14,601.46,2,0,37.3,65,standard,3,11,15,32.5,36,67.9,2,0
cust-06879,Customer 06879,30,220.77,0,0,45,48,basic,8,17,5,46.9,75,70.2,2,0
cust-06880,Customer 06880,24,190.43,0,0,-20.1,47,basic,7,12,5,-16.9,82,53.2,0,0
cust-06881,Customer 06881,5,509.5,1,2,-0.9,69,standard,26,18,0,-3.0,34,65.8,0,0
cust-06882,Customer 06882,23,638.37,0,0,4.5,1,standard,7,6,0,-2.7,58,90.9,2,0
cust-06883,Customer 06883,3,286.91,6,0,1.4,26,standard,12,0,10,0.6,46,51.4,2,1
cust-06884,Customer 06884,10,195.33,2,2,37.4,25,basic,17,0,0,28.7,16,12.6,1,0
cust-06885,Customer 06885,19,526.18,1,0,-13.2,33,standard,3,24,5,-12.6,5,63.6,1,0
cust-06886,Customer 06886,19,1083.03,7,2,-23.0,38,premium,26,2,5,-17.5,28,56.0,1,0
cust-06887,Customer 06887,33,169.41,2,0,2.6,40,basic,19,15,0,-6.2,29,78.5,0,0
cust-06888,Customer 06888,13,189.98,3,0,-7.1,40,basic,38,3,0,-8.3,30,78.7,2,1
cust-06889,Customer 06889,47,451.47,2,0,-61.0,86,standard,53,12,5,-66.2,48,34.5,2,0
cust-06890,Customer 06890,25,195.9,0,0,0.6,66,basic,27,10,0,-12.1,39,98.9,3,0
cust-06891,Customer 06891,8,1221.6,2,0,-8.6,78,premium,30,7,0,-6.3,19,51.1,0,0
cust-06892,Customer 06892,35,299.75,1,0,28.2,78,standard,9,14,10,28.4,45,79.1,0,0
cust-06893,Customer 06893,33,185.75,0,1,11.6,69,basic,20,14,0,23.4,88,58.9,0,0
cust-06894,Customer 06894,33,124.61,0,0,24.8,82,basic,9,27,10,31.4,77,44.7,0,0
cust-06895,Customer 06895,43,380.5,3,0,18.8,51,standard,23,15,10,14.1,7,96.0,1,0
cust-06896,Customer 06896,5,175.09,3,0,20.2,59,basic,32,7,0,17.6,17,66.8,2,1
cust-06897,Customer 06897,16,334.22,2,0,-31.2,82,standard,70,11,0,-20.9,27,56.8,1,0
cust-06898,Customer 06898,14,410.92,1,0,32.6,21,standard,11,4,10,45.9,5,64.5,0,0
cust-06899,Customer 06899,10,142.49,0,0,-23.2,62,basic,12,22,0,-30.5,37,48.8,1,0
cust-06900,Customer 06900,6,204.89,1,0,45,43,basic,3,8,0,45.8,15,49.9,0,0
cust-06901,Customer 06901,19,214.38,4,0,27.3,60,basic,23,4,0,25.2,29,38.0,0,0
cust-06902,Customer 06902,7,947.24,9,1,-26.3,78,premium,27,0,0,-28.7,27,65.8,0,0
cust-06903,Customer 06903,1,221.94,3,1,-39.7,36,basic,42,2,0,-42.2,19,34.6,2,1
cust-06904,Customer 06904,27,409.28,0,0,-17.9,36,standard,24,21,5,-24.6,52,60.1,0,0
cust-06905,Customer 06905,41,193.21,1,0,7.7,85,basic,40,15,15,0.1,34,55.3,2,0
cust-06906,Customer 06906,20,460.1,0,2,-4.8,22,standard,7,9,5,3.6,69,56.5,1,0
cust-06907,Customer 06907,15,161.72,1,1,-45.6,70,basic,38,0,15,-42.0,54,56.5,1,0
cust-06908,Customer 06908,20,211.25,2,0,14.7,37,basic,38,14,0,28.9,19,70.5,2,0
cust-06909,Customer 06909,19,755.76,0,0,-19.1,3,standard,41,12,0,-26.2,25,59.0,0,0
cust-06910,Customer 06910,20,706.02,4,2,-8.7,48,premium,45,8,0,-1.5,7,73.4,0,0
cust-06911,Customer 06911,2,480.43,1,1,-16.6,59,standard,8,12,10,-16.3,27,43.0,0,0
cust-06912,Customer 06912,7,542.36,0,0,-9.0,76,standard,22,15,0,-13.8,47,86.6,0,0
cust-06913,Customer 06913,7,179.03,5,0,-11.4,55,basic,22,9,5,-22.0,77,66.3,1,0
cust-06914,Customer 06914,31,124.0,0,1,28.3,84,basic,13,25,0,19.0,86,93.0,1,0
cust-06915,Customer 06915,21,310.75,1,0,-38.4,53,standard,27,0,10,-42.4,4,87.7,0,0
cust-06916,Customer 06916,13,573.4,3,1,-8.6,83,standard,4,29,0,-12.7,49,59.1,0,0
cust-06917,Customer 06917,7,377.48,3,0,-11.1,16,standard,8,11,5,-21.1,1,100,0,0
cust-06918,Customer 06918,5,455.72,3,1,14.5,73,standard,21,22,0,13.4,30,59.0,0,0
cust-06919,Customer 06919,67,220.94,0,1,35.8,78,basic,20,11,10,33.8,66,58.9,1,0
cust-06920,Customer 06920,39,1288.57,2,0,24.9,55,premium,14,19,0,17.4,33,53.9,0,0
cust-06921,Customer 06921,25,1201.66,0,0,2.1,34,premium,6,0,0,-9.8,61,11.8,0,0
cust-06922,Customer 06922,24,752.59,0,1,40.3,12,premium,43,28,0,48.3,59,72.8,1,0
cust-06923,Customer 06923,23,92.06,1,0,17.8,42,basic,12,6,10,14.5,20,45.5,0,0
cust-06924,Customer 06924,22,571.6,1,1,4.2,14,premium,22,16,10,-3.4,28,48.4,1,1
cust-06925,Customer 06925,13,380.46,0,1,13.0,80,standard,13,17,0,21.5,47,49.3,2,0
cust-06926,Customer 06926,15,1210.23,2,0,-29.0,76,premium,39,12,0,-37.2,36,60.2,1,0
cust-06927,Customer 06927,11,1303.33,0,0,-19.3,55,premium,16,4,0,-31.5,43,72.7,0,0
cust-06928,Customer 06928,19,619.08,0,1,-33.8,74,premium,16,16,15,-25.9,58,36.1,0,1
cust-06929,Customer 06929,6,392.96,0,0,5.7,67,standard,7,5,15,8.4,45,67.3,2,0
cust-06930,Customer 06930,13,1188.25,2,0,13.8,26,premium,12,12,5,13.1,63,54.9,1,0
cust-06931,Customer 06931,17,157.07,7,4,-46.8,56,basic,9,17,0,-47.2,31,49.3,1,1
cust-06932,Customer 06932,52,492.05,2,0,-2.1,43,standard,10,0,0,-5.0,2,58.5,0,0
cust-06933,Customer 06933,42,164.85,3,1,-8.7,95,basic,18,9,5,-15.1,41,100,0,0
cust-06934,Customer 06934,28,184.58,0,0,28.1,5,basic,32,22,0,32.5,71,73.0,2,0
cust-06935,Customer 06935,16,902.53,0,0,33.0,59,premium,27,0,0,30.6,31,69.3,1,0
cust-06936,Customer 06936,6,128.94,2,0,16.8,64,basic,14,11,15,10.4,24,21.0,2,0
cust-06937,Customer 06937,2,352.64,2,0,0.5,40,standard,8,0,5,-11.2,15,56.6,1,0
cust-06938,Customer 06938,8,286.37,3,3,8.2,69,standard,26,0,10,1.7,41,5,1,1
cust-06939,Customer 06939,34,162.19,1,0,12.4,52,basic,24,21,10,15.6,19,59.4,0,0
cust-06940,Customer 06940,20,489.44,1,1,-20.1,43,standard,20,16,0,-25.6,36,75.6,0,0
cust-06941,Customer 06941,17,305.03,1,1,-6.0,67,standard,17,21,0,-11.3,90,47.2,1,0
cust-06942,Customer 06942,9,133.47,1,1,-30.7,9,basic,32,11,15,-28.0,18,60.9,0,0
cust-06943,Customer 06943,27,400.18,1,1,20.7,-17,standard,14,8,0,27.7,28,71.6,0,0
cust-06944,Customer 06944,59,233.74,5,0,6.3,21,basic,4,16,10,2.6,37,66.5,0,0
cust-06945,Customer 06945,3,122.22,0,1,-37.3,6,basic,17,27,0,-33.4,88,48.5,0,1
cust-06946,Customer 06946,25,1875.97,0,0,-1.6,48,premium,48,14,5,-1.9,25,78.0,1,0
cust-06947,Customer 06947,25,177.54,2,0,-25.2,65,basic,53,13,0,-13.4,23,67.2,1,0
cust-06948,Customer 06948,25,225.79,5,0,7.9,10,basic,5,11,10,-1.2,16,80.0,0,0
cust-06949,Customer 06949,28,256.82,1,0,-5.8,58,basic,13,10,5,-3.3,21,29.0,1,0
cust-06950,Customer 06950,5,492.62,3,1,1.2,35,premium,10,29,5,-7.8,26,46.6,1,1
cust-06951,Customer 06951,15,605.19,2,0,4.5,31,premium,3,14,0,5.5,3,33.2,2,1
cust-06952,Customer 06952,18,545.14,2,1,-11.9,67,standard,5,17,5,-15.3,33,58.6,0,0
cust-06953,Customer 06953,46,115.17,3,0,1.1,58,basic,21,20,5,-9.5,22,45.0,1,0
cust-06954,Customer 06954,7,113.11,4,0,-43.4,38,basic,27,9,15,-37.2,14,75.9,1,1
cust-06955,Customer 06955,55,405.41,2,0,-33.5,38,standard,45,15,0,-37.9,37,97.4,0,0
cust-06956,Customer 06956,68,161.45,0,1,45,43,basic,22,23,0,50,87,63.2,1,0
cust-06957,Customer 06957,24,167.85,3,2,-26.1,73,basic,22,22,0,-5.1,9,43.0,1,0
cust-06958,Customer 06958,16,510.02,1,3,19.5,81,standard,25,3,5,19.9,49,71.0,1,0
cust-06959,Customer 06959,6,138.62,3,2,-45.5,12,basic,16,8,0,-41.4,12,89.3,1,0
cust-06960,Customer 06960,23,420.71,6,0,-12.0,77,standard,15,8,15,-17.4,29,71.5,2,0
cust-06961,Customer 06961,6,236.39,3,1,-24.9,68,basic,26,5,5,-20.3,3,72.6,0,0
cust-06962,Customer 06962,23,377.42,11,1,-27.7,14,standard,11,11,0,-28.5,41,84.4,1,1
cust-06963,Customer 06963,55,215.18,3,3,-52.1,61,basic,28,20,15,-62.1,42,72.9,0,0
cust-06964,Customer 06964,36,485.13,0,0,-13.0,72,standard,17,22,10,-13.7,67,55.4,0,0
cust-06965,Customer 06965,33,534.95,1,1,2.1,66,standard,4,7,5,8.5,9,67.9,0,0
cust-06966,Customer 06966,43,358.03,4,1,8.9,68,standard,18,2,0,6.4,27,77.9,1,0
cust-06967,Customer 06967,16,220.36,0,0,-24.8,45,basic,19,3,0,-26.7,35,47.2,1,0
cust-06968,Customer 06968,10,159.74,3,0,5.5,64,basic,29,0,0,14.4,29,33.0,1,0
cust-06969,Customer 06969,48,355.5,1,0,24.2,57,standard,21,0,0,29.7,7,62.6,0,0
cust-06970,Customer 06970,17,184.62,8,0,-24.1,95,basic,13,4,0,-26.0,62,63.9,0,0
cust-06971,Customer 06971,41,229.66,10,1,21.9,45,basic,16,6,0,14.0,18,62.8,0,0
cust-06972,Customer 06972,12,776.21,2,4,-42.0,66,premium,32,0,0,-27.8,38,67.5,3,1
cust-06973,Customer 06973,12,135.23,0,0,-21.6,39,basic,12,5,5,-15.2,81,15.5,1,0
cust-06974,Customer 06974,17,325.7,2,0,-25.7,56,standard,73,0,0,-31.5,64,45.0,2,0
cust-06975,Customer 06975,36,748.91,1,0,-4.5,95,premium,13,9,5,8.6,17,100,1,0
cust-06976,Customer 06976,21,131.71,4,1,-17.2,13,basic,2,0,0,-21.8,20,43.7,0,0
cust-06977,Customer 06977,23,1211.52,9,0,2.0,55,premium,14,9,0,1.0,13,45.1,0,0
cust-06978,Customer 06978,22,217.72,3,0,-19.6,50,basic,12,8,5,-35.8,8,41.2,1,0
cust-06979,Customer 06979,41,674.41,3,2,3.3,43,standard,5,4,0,9.6,35,27.4,1,0
cust-06980,Customer 06980,17,1301.94,0,0,-56.7,63,premium,8,2,0,-61.1,29,22.5,0,0
cust-06981,Customer 06981,48,178.74,0,2,2.4,43,basic,4,6,0,18.6,74,26.3,0,0
cust-06982,Customer 06982,29,347.44,0,0,1.9,77,standard,17,15,0,-0.4,45,88.0,0,0
cust-06983,Customer 06983,50,102.53,3,0,12.3,71,basic,2,18,0,12.1,12,57.0,1,0
cust-06984,Customer 06984,8,234.45,11,1,-16.3,25,standard,45,12,5,-36.5,42,74.4,1,1
cust-06985,Customer 06985,36,166.32,6,0,-35.1,-21,basic,48,7,0,-39.8,13,43.7,1,1
cust-06986,Customer 06986,32,306.61,3,0,-19.4,37,standard,6,22,0,-20.7,7,84.7,0,1
cust-06987,Customer 06987,28,512.61,2,0,-2.3,55,standard,29,0,5,14.1,41,32.8,0,0
cust-06988,Customer 06988,34,453.64,2,0,10.5,40,standard,16,21,15,2.5,2,35.5,1,0
cust-06989,Customer 06989,18,185.16,0,0,33.3,22,basic,23,17,5,32.1,87,48.0,1,0
cust-06990,Customer 06990,34,254.96,2,2,31.3,26,standard,16,17,5,41.7,8,25.3,2,0
cust-06991,Customer 06991,7,216.25,1,0,-12.7,12,standard,9,7,0,-23.3,32,73.0,1,1
cust-06992,Customer 06992,20,687.51,2,1,26.9,41,premium,17,0,5,44.8,52,67.6,0,0
cust-06993,Customer 06993,13,143.81,0,0,45,32,basic,7,13,15,50,70,61.2,1,0
cust-06994,Customer 06994,37,356.14,9,1,12.8,82,standard,23,0,0,14.2,63,64.4,0,0
cust-06995,Customer 06995,51,1249.11,2,1,-7.7,18,premium,23,0,15,1.0,14,34.2,0,0
cust-06996,Customer 06996,4,255.1,1,0,22.6,51,standard,53,12,0,33.4,20,38.3,2,0
cust-06997,Customer 06997,6,135.02,2,0,-19.3,55,basic,9,13,10,-29.3,25,66.9,0,0
cust-06998,Customer 06998,56,489.52,2,0,0.6,40,standard,20,5,5,-10.7,38,45.5,0,0
cust-06999,Customer 06999,55,141.25,1,3,16.1,45,basic,12,9,0,25.0,8,60.0,1,0
cust-07000,Customer 07000,23,140.03,5,0,7.3,33,basic,5,12,0,9.9,32,55.1,3,1
cust-07001,Customer 07001,23,162.75,2,0,21.1,52,basic,22,18,5,15.7,23,54.7,1,0
cust-07002,Customer 07002,36,196.67,3,0,-20.6,50,basic,14,0,0,-13.2,6,82.3,1,0
cust-07003,Customer 07003,63,135.48,4,1,11.6,41,basic,27,14,10,12.1,54,43.2,1,0
cust-07004,Customer 07004,12,375.36,1,0,-13.1,45,standard,43,0,10,-10.0,44,72.0,1,0
cust-07005,Customer 07005,10,119.86,3,3,12.4,65,basic,4,13,0,8.4,76,48.7,0,0
cust-07006,Customer 07006,29,410.16,1,0,-5.6,19,standard,8,13,10,-15.8,25,64.5,0,0
cust-07007,Customer 07007,30,112.61,3,0,45,70,basic,20,6,5,41.2,2,64.9,2,0
cust-07008,Customer 07008,6,486.5,0,0,-16.8,78,standard,27,7,5,-18.6,61,26.4,1,0
cust-07009,Customer 07009,36,958.18,0,1,5.2,32,premium,8,9,0,-3.7,51,32.0,2,0
cust-07010,Customer 07010,27,210.69,1,0,15.8,31,basic,12,8,0,12.2,9,37.6,0,0
cust-07011,Customer 07011,36,434.89,4,2,-0.2,81,standard,34,24,15,12.3,24,70.2,0,0
cust-07012,Customer 07012,19,810.97,1,1,40.9,39,premium,19,0,0,45.3,36,62.5,1,0
cust-07013,Customer 07013,30,1290.0,0,2,11.4,56,premium,30,10,0,19.7,48,34.4,1,0
cust-07014,Customer 07014,12,171.89,6,0,-22.1,32,basic,32,19,5,-28.6,56,37.0,0,1
cust-07015,Customer 07015,30,117.92,0,0,-11.5,89,basic,11,9,5,-20.3,42,61.2,3,0
cust-07016,Customer 07016,35,265.12,5,2,0.6,95,standard,11,19,10,0.8,71,91.1,0,0
cust-07017,Customer 07017,30,227.38,1,0,9.7,57,basic,22,0,0,3.1,18,100,0,0
cust-07018,Customer 07018,58,153.61,1,0,16.4,25,basic,9,0,0,22.0,39,74.0,2,0
cust-07019,Customer 07019,27,582.44,1,0,42.8,79,premium,30,0,0,45.8,7,57.6,0,0
cust-07020,Customer 07020,5,104.83,0,0,-36.6,66,basic,30,16,0,-43.3,65,69.1,2,1
cust-07021,Customer 07021,38,332.83,1,1,1.9,60,standard,4,3,10,1.0,10,39.3,1,0
cust-07022,Customer 07022,19,1197.42,5,0,4.8,30,premium,8,9,10,4.1,6,62.5,1,0
cust-07023,Customer 07023,8,1285.64,1,1,16.7,25,premium,0,6,15,32.0,19,51.3,0,0
cust-07024,Customer 07024,25,192.67,1,0,-44.4,31,basic,35,4,0,-39.8,76,40.5,1,0
cust-07025,Customer 07025,72,183.09,2,0,26.3,22,basic,13,11,0,26.3,46,63.8,0,0
cust-07026,Customer 07026,11,1127.14,0,0,-33.3,-3,premium,10,9,5,-35.6,83,41.4,0,1
cust-07027,Customer 07027,22,122.42,0,0,42.2,95,basic,29,17,0,48.7,38,32.4,0,0
cust-07028,Customer 07028,47,101.3,2,0,-24.0,60,basic,43,17,5,-11.2,5,53.5,0,0
cust-07029,Customer 07029,24,535.27,7,0,-2.0,89,standard,50,14,5,9.5,19,70.0,2,0
cust-07030,Customer 07030,12,691.88,0,1,12.4,36,premium,17,4,10,0.9,45,77.2,1,0
cust-07031,Customer 07031,4,810.38,1,0,-9.2,29,premium,10,18,0,-5.1,46,67.2,0,0
cust-07032,Customer 07032,17,1011.64,0,0,31.1,91,premium,23,20,0,33.7,36,35.9,0,0
cust-07033,Customer 07033,6,519.05,0,0,-43.7,45,standard,30,7,0,-39.9,48,18.2,2,0
cust-07034,Customer 07034,21,219.27,7,0,6.2,38,basic,40,6,0,10.9,14,91.7,2,1
cust-07035,Customer 07035,47,244.59,0,0,-22.3,33,standard,16,6,15,-24.9,42,46.3,1,0
cust-07036,Customer 07036,37,515.9,0,0,-52.5,4,standard,30,3,15,-54.7,51,42.5,0,1
cust-07037,Customer 07037,53,1104.64,0,4,-53.6,49,premium,18,0,0,-59.1,56,59.3,0,1
cust-07038,Customer 07038,34,387.82,2,0,17.1,43,standard,7,10,0,15.3,15,68.6,2,0
cust-07039,Customer 07039,65,193.42,4,0,-1.1,-13,basic,59,9,0,-0.6,32,39.4,0,0
cust-07040,Customer 07040,26,262.92,0,0,-31.8,52,standard,12,0,10,-32.7,46,49.9,0,0
cust-07041,Customer 07041,16,378.55,0,1,-0.9,41,standard,36,14,5,-5.0,59,100,0,0
cust-07042,Customer 07042,27,222.16,0,0,3.6,90,basic,18,38,0,3.3,66,43.6,0,0
cust-07043,Customer 07043,7,460.63,0,0,1.7,91,standard,18,0,0,3.6,38,84.9,0,0
cust-07044,Customer 07044,68,227.79,0,0,5.3,13,basic,13,11,0,1.0,87,36.2,0,0
cust-07045,Customer 07045,26,154.1,0,0,35.4,43,basic,9,10,10,27.2,34,80.1,0,0
cust-07046,Customer 07046,1,345.66,0,0,-6.6,55,standard,10,17,0,-23.2,43,96.6,0,0
cust-07047,Customer 07047,8,460.41,0,0,6.8,35,standard,12,5,0,17.0,54,53.1,3,0
cust-07048,Customer 07048,21,494.33,1,0,12.8,91,standard,7,4,15,19.7,32,85.5,1,0
cust-07049,Customer 07049,51,219.03,0,1,7.7,58,basic,14,27,15,15.4,38,63.7,2,0
cust-07050,Customer 07050,42,289.63,0,0,10.5,57,basic,1,27,0,10.4,50,93.9,3,0
cust-07051,Customer 07051,48,148.06,0,1,10.7,74,basic,14,2,0,2.9,74,46.5,1,0
cust-07052,Customer 07052,15,197.06,0,1,12.9,42,basic,4,34,0,10.9,54,63.2,1,0
cust-07053,Customer 07053,36,410.99,4,0,-1.8,44,standard,18,10,0,-11.7,27,46.3,0,0
cust-07054,Customer 07054,23,150.3,4,1,-43.4,18,basic,53,19,0,-47.3,11,70.0,2,1
cust-07055,Customer 07055,40,620.25,0,1,7.5,25,standard,24,8,5,6.9,69,70.7,1,0
cust-07056,Customer 07056,32,1042.67,1,1,-15.5,25,premium,18,3,0,-8.8,16,74.7,1,0
cust-07057,Customer 07057,34,877.0,0,0,13.2,66,premium,15,9,5,23.6,78,23.1,0,0
cust-07058,Customer 07058,50,1040.74,3,0,8.8,95,premium,14,10,20,-5.9,35,66.4,0,0
cust-07059,Customer 07059,41,991.94,0,1,-5.2,39,premium,23,5,0,-3.5,84,51.7,0,0
cust-07060,Customer 07060,35,738.45,0,1,-42.9,64,premium,24,0,0,-54.3,77,49.4,0,0
cust-07061,Customer 07061,35,899.05,4,2,15.8,39,premium,23,13,5,12.7,31,81.9,0,0
cust-07062,Customer 07062,42,399.42,0,0,5.1,62,standard,38,10,15,0.6,82,31.9,2,0
cust-07063,Customer 07063,24,102.76,5,2,-21.9,77,basic,14,13,0,-26.1,41,63.1,2,0
cust-07064,Customer 07064,19,146.41,1,2,8.7,28,basic,13,27,0,8.8,57,84.5,1,0
cust-07065,Customer 07065,14,153.42,7,0,-15.6,66,basic,13,9,5,-2.6,29,44.4,0,1
cust-07066,Customer 07066,17,1150.62,0,0,-9.8,44,premium,4,9,0,-25.3,81,49.3,2,0
cust-07067,Customer 07067,12,186.67,0,1,-32.9,35,basic,30,30,5,-34.8,76,24.3,0,0
cust-07068,Customer 07068,10,153.53,0,2,2.1,35,basic,6,18,0,1.2,66,17.7,1,0
cust-07069,Customer 07069,6,791.51,1,1,-2.0,25,premium,28,0,5,-2.4,37,99.0,0,0
cust-07070,Customer 07070,27,841.13,8,0,15.3,84,premium,24,4,0,18.8,54,33.2,0,0
cust-07071,Customer 07071,27,189.12,0,0,7.6,25,basic,4,22,5,33.9,42,78.5,1,0
cust-07072,Customer 07072,39,1184.27,2,0,27.2,56,premium,11,11,5,30.1,47,69.5,0,0
cust-07073,Customer 07073,8,308.75,4,0,0.4,68,standard,10,6,5,-6.1,11,54.9,0,0
cust-07074,Customer 07074,8,202.32,3,1,-16.7,64,standard,22,2,5,-3.1,43,86.1,1,0
cust-07075,Customer 07075,34,154.4,2,0,-34.9,4,basic,63,11,5,-30.7,59,54.2,0,1
cust-07076,Customer 07076,17,395.24,3,0,6.9,59,standard,25,4,10,15.1,11,72.6,2,0
cust-07077,Customer 07077,58,389.98,3,2,-53.8,61,standard,41,11,15,-55.9,79,56.3,1,0
cust-07078,Customer 07078,49,1135.4,5,0,-15.0,24,premium,27,12,15,-10.4,40,52.7,0,0
cust-07079,Customer 07079,29,1066.67,4,0,28.0,69,premium,23,0,10,26.6,17,75.4,1,0
cust-07080,Customer 07080,16,79.47,0,1,0.6,55,basic,4,28,0,-1.3,38,81.0,0,0
cust-07081,Customer 07081,19,368.91,0,0,20.1,94,standard,49,25,0,23.3,77,64.9,3,0
cust-07082,Customer 07082,22,713.22,0,1,-1.3,52,premium,45,12,0,-7.8,31,85.8,1,0
cust-07083,Customer 07083,20,82.56,4,0,-28.0,44,basic,16,0,5,-21.6,16,56.1,3,0
cust-07084,Customer 07084,42,1113.49,0,1,27.5,38,premium,15,14,15,24.5,77,74.7,0,0
cust-07085,Customer 07085,40,165.44,0,3,-31.7,41,basic,38,10,10,-30.6,65,86.7,0,0
cust-07086,Customer 07086,35,497.65,0,0,2.6,83,standard,26,18,0,17.8,40,41.3,3,0
cust-07087,Customer 07087,48,1191.59,7,3,-0.5,-16,premium,11,0,0,14.6,20,17.7,1,0
cust-07088,Customer 07088,44,136.36,6,1,-49.7,50,basic,32,13,10,-55.4,5,55.0,0,0
cust-07089,Customer 07089,17,585.44,3,2,-4.3,46,standard,10,0,10,-9.5,43,54.3,0,1
cust-07090,Customer 07090,16,1105.68,0,0,-23.5,63,premium,19,8,0,-24.2,34,59.4,1,0
cust-07091,Customer 07091,28,131.33,3,0,3.0,73,basic,36,13,0,9.9,17,43.4,1,0
cust-07092,Customer 07092,19,348.65,0,0,30.6,44,standard,10,20,15,23.5,88,69.9,0,0
cust-07093,Customer 07093,14,1180.02,0,0,3.8,93,premium,7,18,15,3.9,47,59.5,1,0
cust-07094,Customer 07094,17,170.05,4,1,-20.1,50,basic,19,22,0,0.8,16,53.0,1,0
cust-07095,Customer 07095,22,98.62,0,1,-2.0,76,basic,57,0,5,10.6,32,40.2,0,0
cust-07096,Customer 07096,4,167.72,2,0,-11.6,68,basic,20,8,0,-13.7,19,20.8,1,0
cust-07097,Customer 07097,14,374.34,7,0,42.4,44,standard,13,12,5,36.6,68,100,2,0
cust-07098,Customer 07098,2,753.54,2,0,-2.0,95,premium,10,20,5,-3.5,14,5,0,0
cust-07099,Customer 07099,38,123.72,1,1,3.0,63,basic,4,17,15,3.5,80,89.2,0,0
cust-07100,Customer 07100,4,175.51,2,1,4.5,74,basic,33,0,5,3.2,15,55.6,2,0
cust-07101,Customer 07101,8,342.81,5,1,13.5,37,standard,18,10,0,8.1,9,59.5,0,0
cust-07102,Customer 07102,45,210.73,0,0,-14.2,71,basic,16,8,5,-8.1,30,87.3,1,0
cust-07103,Customer 07103,16,444.69,3,0,17.0,30,standard,24,4,10,23.9,20,33.9,0,0
cust-07104,Customer 07104,37,1330.81,1,2,-22.4,94,premium,24,16,5,-36.1,20,17.8,0,0
cust-07105,Customer 07105,17,226.31,1,3,36.7,58,basic,25,19,0,33.9,35,15.0,1,0
cust-07106,Customer 07106,54,195.85,2,0,-18.0,18,basic,8,22,0,-25.6,30,12.2,1,0
cust-07107,Customer 07107,36,408.86,3,1,3.8,30,standard,40,12,0,5.7,71,86.8,1,0
cust-07108,Customer 07108,15,491.49,0,2,-21.8,33,standard,15,18,0,-44.2,74,61.4,1,0
cust-07109,Customer 07109,23,457.37,1,0,-40.8,23,standard,9,19,5,-40.0,29,44.5,0,1
cust-07110,Customer 07110,26,379.2,3,0,21.2,52,standard,24,0,0,9.7,63,24.3,0,0
cust-07111,Customer 07111,11,188.59,0,0,-49.8,62,basic,32,0,0,-58.4,69,60.8,2,0
cust-07112,Customer 07112,41,247.85,4,1,-3.3,43,basic,20,30,0,-0.2,28,19.0,0,0
cust-07113,Customer 07113,21,163.17,0,0,-5.9,63,basic,10,18,20,-6.8,74,62.6,0,0
cust-07114,Customer 07114,5,1127.27,3,0,-1.9,40,premium,12,11,0,-0.8,23,11.5,2,0
cust-07115,Customer 07115,44,215.43,1,0,45,44,basic,7,25,0,42.5,4,15.8,0,0
cust-07116,Customer 07116,32,407.88,0,0,-29.7,45,standard,25,0,15,-30.2,78,100,1,1
cust-07117,Customer 07117,66,330.04,0,2,-24.0,36,standard,6,21,0,-27.8,63,96.5,0,0
cust-07118,Customer 07118,25,324.65,0,0,-45.0,47,standard,13,0,5,-41.1,41,29.0,1,1
cust-07119,Customer 07119,13,193.83,0,0,-21.2,53,basic,20,12,5,-5.6,49,19.9,0,0
cust-07120,Customer 07120,32,223.79,6,0,-1.8,-7,basic,22,16,0,-5.0,22,48.8,0,0
cust-07121,Customer 07121,35,162.63,0,0,-19.9,73,basic,30,10,0,-23.2,89,94.6,1,0
cust-07122,Customer 07122,22,205.98,3,0,6.1,88,basic,30,16,5,1.7,30,79.2,0,0
cust-07123,Customer 07123,39,154.28,0,1,-2.4,37,basic,5,2,0,-3.7,53,38.9,2,0
cust-07124,Customer 07124,26,482.57,2,1,24.4,50,standard,30,12,15,38.6,18,48.6,2,0
cust-07125,Customer 07125,29,220.23,0,0,-27.0,56,basic,17,13,0,-26.8,28,60.1,0,0
cust-07126,Customer 07126,29,357.81,2,0,-17.4,75,standard,11,13,5,-14.0,8,64.9,0,0
cust-07127,Customer 07127,29,904.84,6,0,-32.1,87,premium,22,10,0,-32.9,30,59.9,1,0
cust-07128,Customer 07128,21,247.68,1,0,6.0,34,basic,27,9,15,-3.4,20,63.5,1,1
cust-07129,Customer 07129,24,354.01,0,1,-6.5,95,standard,1,27,10,-3.0,71,82.7,0,0
cust-07130,Customer 07130,16,1195.0,3,0,1.5,49,premium,54,21,0,-16.4,34,58.4,0,0
cust-07131,Customer 07131,60,167.5,2,0,45,65,basic,6,24,0,35.8,15,80.7,2,0
cust-07132,Customer 07132,72,246.47,1,0,0.2,81,standard,9,6,20,8.8,23,36.7,0,0
cust-07133,Customer 07133,17,1458.68,0,0,22.4,62,premium,15,11,5,4.7,54,42.1,0,0
cust-07134,Customer 07134,31,302.35,10,0,-13.2,24,standard,19,12,0,-14.3,43,46.2,0,0
cust-07135,Customer 07135,16,1312.12,1,0,-34.4,75,premium,52,35,5,-45.9,23,11.0,3,1
cust-07136,Customer 07136,35,149.0,0,2,-39.1,64,basic,52,19,0,-30.9,49,89.1,0,0
cust-07137,Customer 07137,59,428.84,1,1,-15.6,81,standard,20,6,10,-9.3,47,47.2,0,0
cust-07138,Customer 07138,21,1521.36,2,0,-8.0,68,premium,31,10,5,2.4,5,38.2,2,0
cust-07139,Customer 07139,32,152.15,0,0,12.6,53,basic,11,4,0,1.7,54,38.3,2,0
cust-07140,Customer 07140,1,328.0,1,0,-14.8,86,standard,22,7,15,-18.4,7,52.4,2,0
cust-07141,Customer 07141,10,261.71,2,0,45,56,standard,26,5,0,37.8,83,54.1,1,1
cust-07142,Customer 07142,62,412.67,0,0,26.0,24,standard,12,8,0,26.7,69,55.6,1,0
cust-07143,Customer 07143,12,405.3,1,0,-24.7,81,standard,23,8,0,-17.5,19,74.6,0,0
cust-07144,Customer 07144,8,123.34,2,0,37.4,51,basic,5,22,5,33.4,27,52.2,1,0
cust-07145,Customer 07145,14,232.83,0,0,43.2,38,basic,18,22,5,46.3,53,55.5,0,0
cust-07146,Customer 07146,19,970.41,0,0,-11.3,11,premium,7,18,0,-5.6,79,48.8,1,0
cust-07147,Customer 07147,9,375.48,0,0,19.1,19,standard,14,17,0,8.6,65,58.7,0,0
cust-07148,Customer 07148,50,204.81,1,0,-4.9,23,basic,11,21,0,-3.0,55,54.3,0,0
cust-07149,Customer 07149,33,136.75,1,0,-38.3,64,basic,35,18,0,-38.0,38,31.8,1,0
cust-07150,Customer 07150,41,501.07,1,0,6.1,79,standard,14,17,0,10.8,25,62.7,1,0
cust-07151,Customer 07151,19,384.93,5,0,23.7,70,standard,58,7,20,33.2,41,36.5,1,0
cust-07152,Customer 07152,5,709.65,1,0,-33.9,51,premium,26,20,5,-29.5,46,81.5,3,0
cust-07153,Customer 07153,50,261.36,0,1,-35.8,49,standard,47,25,0,-29.2,50,60.8,0,0
cust-07154,Customer 07154,25,749.27,1,0,-24.6,63,premium,27,16,5,-22.6,11,71.9,2,1
cust-07155,Customer 07155,38,316.3,2,1,7.1,26,standard,7,0,0,-0.7,3,83.0,0,0
cust-07156,Customer 07156,28,191.83,0,0,18.0,22,basic,12,4,0,-1.5,56,85.7,0,0
cust-07157,Customer 07157,37,135.34,0,1,-10.2,63,basic,18,0,0,2.8,57,63.8,1,0
cust-07158,Customer 07158,39,400.45,2,0,25.0,77,standard,22,14,10,19.0,13,47.2,0,0
cust-07159,Customer 07159,11,95.87,0,0,3.8,6,basic,27,5,0,7.3,89,35.2,1,0
cust-07160,Customer 07160,9,252.65,2,0,7.8,13,standard,8,1,0,2.3,55,72.8,0,1
cust-07161,Customer 07161,5,592.03,0,2,-31.2,72,premium,36,8,10,-32.7,82,71.4,1,0
cust-07162,Customer 07162,16,352.24,1,2,-20.1,-10,standard,37,25,0,-26.6,15,83.6,0,0
cust-07163,Customer 07163,32,461.28,0,0,1.1,47,standard,7,0,0,2.5,67,51.8,0,0
cust-07164,Customer 07164,14,497.13,10,1,-16.7,65,standard,6,15,0,-7.0,9,52.2,0,0
cust-07165,Customer 07165,67,565.41,0,0,-40.5,78,standard,13,14,10,-48.7,82,66.8,0,0
cust-07166,Customer 07166,1,88.4,3,2,3.5,64,basic,13,0,5,6.0,22,73.3,0,1
cust-07167,Customer 07167,13,164.93,4,2,-32.6,30,basic,16,16,0,-29.0,8,80.6,0,0
cust-07168,Customer 07168,21,1069.72,4,1,-1.2,41,premium,49,0,5,8.2,13,35.4,1,0
cust-07169,Customer 07169,47,253.82,5,0,-9.2,56,standard,2,16,5,-8.8,17,78.7,1,0
cust-07170,Customer 07170,37,293.96,2,0,45,23,standard,8,17,10,34.2,13,55.0,0,0
cust-07171,Customer 07171,18,151.52,1,0,-10.0,43,basic,2,0,0,-10.9,50,51.4,1,1
cust-07172,Customer 07172,65,338.78,2,1,-46.5,9,standard,19,17,0,-48.8,4,45.3,2,0
cust-07173,Customer 07173,23,140.26,3,0,-68.7,34,basic,20,15,5,-63.6,70,41.2,1,0
cust-07174,Customer 07174,50,799.38,5,0,0.6,50,premium,7,23,0,1.3,0,70.2,0,0
cust-07175,Customer 07175,16,233.17,1,0,10.1,9,standard,2,0,5,7.4,39,57.3,0,0
cust-07176,Customer 07176,12,520.64,0,0,14.2,48,premium,54,16,0,1.6,29,62.5,0,0
cust-07177,Customer 07177,7,1249.03,1,0,1.8,95,premium,15,0,15,3.1,24,100,1,0
cust-07178,Customer 07178,24,436.31,2,0,3.5,20,standard,18,11,0,11.9,26,50.9,1,0
cust-07179,Customer 07179,33,160.63,0,1,27.7,28,basic,20,0,0,28.3,35,74.6,0,0
cust-07180,Customer 07180,12,261.28,3,2,-3.1,54,basic,30,10,0,-2.0,5,30.0,0,0
cust-07181,Customer 07181,66,414.44,1,1,-16.5,67,standard,14,10,10,-15.3,64,92.3,1,0
cust-07182,Customer 07182,7,337.86,5,0,-35.5,54,standard,21,9,0,-21.4,37,44.9,1,0
cust-07183,Customer 07183,2,1105.27,2,0,-9.5,36,premium,50,0,10,3.1,22,37.8,0,0
cust-07184,Customer 07184,2,367.84,2,2,-28.4,30,standard,33,0,10,-38.7,13,43.2,0,1
cust-07185,Customer 07185,30,121.25,1,0,24.5,86,basic,34,2,5,23.5,1,47.9,0,0
cust-07186,Customer 07186,34,422.55,3,0,22.4,88,standard,10,13,0,23.1,24,100,0,0
cust-07187,Customer 07187,24,1524.78,5,0,7.5,95,premium,13,15,0,5.8,15,67.2,2,0
cust-07188,Customer 07188,33,1043.52,0,0,8.4,27,premium,12,5,10,9.9,37,20.6,2,0
cust-07189,Customer 07189,12,995.61,5,1,-24.8,24,premium,24,10,5,-18.5,25,36.0,1,0
cust-07190,Customer 07190,26,181.83,0,3,17.3,85,basic,20,15,0,6.9,60,88.1,1,0
cust-07191,Customer 07191,72,90.15,6,3,5.1,44,basic,51,10,0,1.8,30,100,1,0
cust-07192,Customer 07192,49,395.76,0,0,-21.0,83,standard,10,12,5,-16.1,46,26.7,1,0
cust-07193,Customer 07193,30,155.0,0,0,-7.7,23,basic,15,32,0,-4.5,37,51.5,1,0
cust-07194,Customer 07194,34,191.36,5,0,2.7,50,basic,19,14,15,10.7,8,18.7,2,0
cust-07195,Customer 07195,39,120.46,0,0,-5.8,33,basic,6,6,0,-3.5,43,75.5,0,0
cust-07196,Customer 07196,54,468.08,4,2,23.0,95,standard,33,37,15,40.4,10,70.7,0,0
cust-07197,Customer 07197,59,239.36,2,0,11.2,42,basic,27,0,10,34.8,15,63.0,0,0
cust-07198,Customer 07198,19,606.35,1,1,17.7,53,standard,6,6,0,27.6,14,45.9,1,0
cust-07199,Customer 07199,26,226.09,0,1,4.7,53,basic,13,24,5,-8.4,79,55.3,2,0
cust-07200,Customer 07200,41,220.73,3,0,-0.6,34,basic,19,22,10,3.4,48,43.1,2,0
cust-07201,Customer 07201,14,187.44,0,0,-20.9,73,basic,11,15,0,-15.2,38,75.5,1,0
cust-07202,Customer 07202,30,287.68,2,2,40.7,38,standard,13,32,0,45.5,36,20.6,0,0
cust-07203,Customer 07203,8,113.35,0,0,-42.5,79,basic,56,22,0,-31.4,76,25.8,0,1
cust-07204,Customer 07204,20,1331.41,2,1,-6.8,46,premium,20,3,0,-16.3,32,57.6,0,0
cust-07205,Customer 07205,24,245.73,0,0,37.6,33,basic,7,12,0,50,81,50.2,2,0
cust-07206,Customer 07206,5,115.71,5,0,-37.8,10,basic,25,13,0,-25.7,8,41.9,1,0
cust-07207,Customer 07207,30,239.06,0,1,7.4,46,basic,45,16,0,-6.4,40,65.0,0,0
cust-07208,Customer 07208,29,200.51,0,0,-7.2,95,basic,47,5,10,-13.1,37,18.1,0,0
cust-07209,Customer 07209,50,378.79,2,1,10.2,75,standard,10,7,5,2.3,36,88.2,0,0
cust-07210,Customer 07210,24,953.51,0,2,17.0,29,premium,14,31,5,19.3,49,25.8,3,0
cust-07211,Customer 07211,18,436.17,1,0,18.3,60,standard,23,10,15,13.7,58,52.7,1,0
cust-07212,Customer 07212,5,326.21,0,0,-12.7,73,standard,30,4,15,-15.1,62,39.2,1,0
cust-07213,Customer 07213,24,870.02,1,0,-7.9,32,premium,27,11,20,-12.7,38,62.1,0,0
cust-07214,Customer 07214,47,413.77,2,0,27.3,63,standard,9,4,5,38.6,19,61.2,0,0
cust-07215,Customer 07215,40,319.25,0,0,14.3,39,basic,10,16,0,14.9,59,26.4,2,0
cust-07216,Customer 07216,25,211.38,1,2,4.5,38,basic,34,13,10,1.3,53,77.8,0,0
cust-07217,Customer 07217,14,84.68,6,0,-33.7,43,basic,31,7,0,-41.2,16,38.3,1,0
cust-07218,Customer 07218,27,105.16,1,2,-5.1,64,basic,15,12,0,-6.7,23,40.1,1,0
cust-07219,Customer 07219,15,1217.02,0,1,-5.7,37,premium,17,0,0,-10.8,61,45.2,0,0
cust-07220,Customer 07220,13,193.13,2,0,43.6,45,standard,10,0,5,36.9,26,44.1,0,0
cust-07221,Customer 07221,29,224.27,1,1,1.8,95,basic,12,19,0,11.6,22,60.9,0,0
cust-07222,Customer 07222,47,191.83,0,0,45,68,basic,11,22,5,50,49,68.1,0,0
cust-07223,Customer 07223,38,438.68,0,0,4.2,52,standard,12,13,0,5.9,69,41.1,0,0
cust-07224,Customer 07224,18,173.91,1,0,-35.2,76,basic,15,13,10,-48.0,7,55.0,0,0
cust-07225,Customer 07225,12,284.22,7,0,36.5,13,standard,1,3,5,39.7,46,100,0,0
cust-07226,Customer 07226,10,1006.4,0,1,-8.7,19,premium,21,0,5,-3.4,90,84.6,0,0
cust-07227,Customer 07227,12,171.48,1,0,-46.4,35,basic,29,0,0,-53.1,50,100,1,0
cust-07228,Customer 07228,26,100.35,0,0,-3.5,60,basic,10,2,5,-5.1,48,30.3,1,0
cust-07229,Customer 07229,40,172.93,0,2,41.9,19,basic,17,6,0,44.3,25,26.5,0,0
cust-07230,Customer 07230,19,182.21,2,1,-1.9,38,basic,13,12,0,9.5,19,61.1,0,0
cust-07231,Customer 07231,29,580.23,0,0,8.8,34,premium,26,20,0,19.9,52,53.8,0,0
cust-07232,Customer 07232,28,187.64,1,0,10.0,-10,basic,9,29,0,6.4,36,19.1,2,0
cust-07233,Customer 07233,60,256.32,0,0,-30.2,12,standard,11,12,0,-36.9,71,68.7,0,0
cust-07234,Customer 07234,21,730.21,5,0,4.9,61,premium,21,25,0,-2.4,2,68.0,1,0
cust-07235,Customer 07235,32,386.22,1,0,-61.6,61,standard,19,13,0,-64.6,29,35.4,1,0
cust-07236,Customer 07236,37,1142.68,0,0,2.4,68,premium,12,0,0,-2.5,84,92.6,3,0
cust-07237,Customer 07237,21,490.18,0,0,11.2,69,standard,24,0,5,14.7,34,24.7,1,0
cust-07238,Customer 07238,32,525.25,0,0,11.7,69,standard,12,0,0,16.0,29,33.3,0,0
cust-07239,Customer 07239,34,117.32,0,2,-0.6,72,basic,21,16,10,-9.9,45,31.7,2,1
cust-07240,Customer 07240,40,385.86,1,0,37.4,15,standard,5,20,0,50,77,62.1,0,0
cust-07241,Customer 07241,26,313.13,0,1,24.3,46,standard,43,7,0,15.2,51,34.7,2,0
cust-07242,Customer 07242,10,323.6,0,1,-52.7,72,standard,30,6,5,-32.9,84,32.2,0,1
cust-07243,Customer 07243,72,194.33,1,0,-20.5,47,basic,12,7,0,-13.0,4,35.5,0,0
cust-07244,Customer 07244,23,794.13,0,1,-12.3,86,premium,13,14,10,-2.4,42,37.6,1,0
cust-07245,Customer 07245,14,96.7,2,1,2.8,20,basic,21,29,0,-1.2,35,43.2,3,0
cust-07246,Customer 07246,20,411.62,12,1,-11.2,42,standard,35,18,0,-17.4,13,37.7,0,1
cust-07247,Customer 07247,10,497.93,0,0,-21.5,51,standard,17,6,0,-23.0,34,67.7,2,0
cust-07248,Customer 07248,13,146.14,0,2,-7.0,16,basic,20,11,10,-10.7,56,83.7,1,0
cust-07249,Customer 07249,72,515.55,2,1,0.9,9,standard,33,18,0,4.2,29,30.6,0,0
cust-07250,Customer 07250,18,489.38,0,0,-32.3,58,standard,38,27,0,-38.4,47,62.3,0,0
cust-07251,Customer 07251,13,762.34,2,0,1.5,91,premium,29,10,5,7.2,7,90.9,0,0
cust-07252,Customer 07252,14,1146.51,7,0,-5.4,68,premium,3,15,0,1.9,13,39.7,0,0
cust-07253,Customer 07253,41,115.14,0,0,14.9,51,basic,23,20,0,20.2,86,21.1,0,0
cust-07254,Customer 07254,1,427.0,0,2,17.3,59,standard,13,4,0,11.8,67,58.0,3,0
cust-07255,Customer 07255,19,656.8,0,0,-12.0,41,premium,24,0,0,-19.4,89,74.2,1,0
cust-07256,Customer 07256,40,395.74,3,0,-9.9,57,standard,10,19,5,-4.9,18,68.8,0,0
cust-07257,Customer 07257,72,129.38,2,1,-29.7,59,basic,14,0,15,-27.6,4,68.2,0,1
cust-07258,Customer 07258,12,489.26,4,0,-1.8,73,standard,47,14,15,-2.7,26,47.4,2,0
cust-07259,Customer 07259,17,1250.33,0,0,-5.8,69,premium,4,16,5,5.5,48,72.8,0,0
cust-07260,Customer 07260,17,217.74,6,0,38.1,25,basic,12,0,0,38.1,3,44.9,1,0
cust-07261,Customer 07261,15,169.09,1,0,-47.2,95,basic,43,13,5,-39.3,22,66.9,1,0
cust-07262,Customer 07262,35,343.59,2,0,-8.7,15,standard,3,5,0,-6.3,90,39.4,0,0
cust-07263,Customer 07263,15,119.95,2,0,-32.5,46,basic,10,10,0,-38.8,70,100,2,0
cust-07264,Customer 07264,72,211.71,0,1,-34.3,58,basic,76,13,5,-35.2,56,86.4,2,1
cust-07265,Customer 07265,43,992.31,3,0,15.1,64,premium,15,4,0,11.1,90,100,3,0
cust-07266,Customer 07266,16,182.02,1,0,0.5,49,basic,6,6,5,1.5,38,41.4,3,0
cust-07267,Customer 07267,1,425.44,0,2,27.2,51,standard,67,0,5,30.7,69,60.1,1,0
cust-07268,Customer 07268,31,114.96,1,1,10.8,46,basic,47,6,15,-7.0,68,100,1,0
cust-07269,Customer 07269,16,904.69,1,1,-43.2,21,premium,15,26,0,-24.9,29,69.3,1,1
cust-07270,Customer 07270,11,122.9,3,0,-29.1,36,basic,22,11,5,-19.9,7,44.9,1,0
cust-07271,Customer 07271,34,340.64,1,0,29.1,39,standard,5,10,0,23.1,30,52.5,2,0
cust-07272,Customer 07272,20,138.58,0,0,1.2,52,basic,17,0,10,5.0,46,45.1,0,0
cust-07273,Customer 07273,24,373.38,1,0,-33.6,67,standard,27,14,0,-38.4,29,76.2,2,0
cust-07274,Customer 07274,22,324.72,1,0,6.2,17,standard,15,0,0,3.5,27,52.9,0,0
cust-07275,Customer 07275,35,76.26,1,3,-22.3,49,basic,46,0,20,-23.7,8,70.3,1,1
cust-07276,Customer 07276,15,1653.59,1,1,5.1,35,premium,16,7,10,-2.3,13,53.2,1,0
cust-07277,Customer 07277,26,426.44,0,3,-15.1,57,standard,2,0,0,-13.6,53,35.2,0,0
cust-07278,Customer 07278,11,154.99,4,2,38.1,32,basic,20,9,0,44.1,27,27.8,2,0
cust-07279,Customer 07279,24,178.94,1,0,43.7,57,basic,10,0,0,37.9,12,54.3,0,0
cust-07280,Customer 07280,42,124.58,1,0,-10.7,35,basic,5,23,10,-14.0,45,71.3,2,0
cust-07281,Customer 07281,53,303.54,3,2,41.5,44,standard,24,22,0,40.2,43,26.6,2,0
cust-07282,Customer 07282,20,283.2,0,0,6.5,35,standard,35,0,0,-0.8,38,61.8,2,0
cust-07283,Customer 07283,22,827.81,1,1,45,19,premium,20,6,0,50,20,46.3,2,0
cust-07284,Customer 07284,71,496.08,1,2,2.3,9,standard,9,6,0,-1.4,12,41.3,2,0
cust-07285,Customer 07285,15,159.98,0,0,19.7,32,basic,3,8,15,19.6,86,48.7,0,1
cust-07286,Customer 07286,7,571.84,0,0,37.4,13,standard,22,8,20,39.6,70,69.5,2,1
cust-07287,Customer 07287,40,260.29,0,2,12.7,40,standard,22,0,5,11.0,56,56.8,1,1
cust-07288,Customer 07288,28,177.77,2,0,18.5,53,basic,7,3,0,8.6,18,38.3,2,0
cust-07289,Customer 07289,9,935.49,5,1,-5.6,75,premium,19,7,0,-2.9,69,74.9,2,0
cust-07290,Customer 07290,25,1052.01,5,0,-53.2,23,premium,34,15,0,-50.4,22,49.3,1,1
cust-07291,Customer 07291,34,407.01,4,0,14.8,13,standard,26,7,0,23.9,25,54.7,0,0
cust-07292,Customer 07292,22,554.1,1,0,-8.2,31,standard,9,19,5,-19.8,17,32.5,0,0
cust-07293,Customer 07293,9,136.49,1,0,22.1,95,basic,45,12,10,35.6,62,73.4,2,0
cust-07294,Customer 07294,58,334.9,6,3,10.2,36,standard,1,21,0,13.9,45,17.0,1,1
cust-07295,Customer 07295,12,673.49,0,2,-28.3,70,premium,25,8,10,-19.7,88,21.9,0,1
cust-07296,Customer 07296,69,692.73,7,3,-20.4,71,premium,9,8,15,-32.1,27,86.4,0,1
cust-07297,Customer 07297,16,1213.39,1,0,-10.4,32,premium,8,0,0,9.0,3,91.5,2,1
cust-07298,Customer 07298,12,153.25,2,0,34.5,9,basic,41,30,5,42.1,38,60.2,0,0
cust-07299,Customer 07299,31,913.26,0,0,9.7,64,premium,6,17,15,25.9,27,50.6,1,0
cust-07300,Customer 07300,36,120.83,0,1,26.8,95,basic,40,18,5,30.4,47,89.4,0,0
cust-07301,Customer 07301,5,219.03,0,0,12.2,65,basic,30,9,0,-0.6,28,92.6,1,0
cust-07302,Customer 07302,72,195.99,3,0,-13.0,52,basic,17,17,5,-12.2,49,74.9,0,0
cust-07303,Customer 07303,24,168.66,0,1,-42.5,64,basic,24,13,0,-44.6,63,5,0,0
cust-07304,Customer 07304,37,115.11,0,0,17.7,77,basic,30,0,0,25.4,52,35.7,1,0
cust-07305,Customer 07305,54,858.12,4,0,-13.0,71,premium,10,11,10,-18.9,19,32.5,0,0
cust-07306,Customer 07306,6,147.7,3,1,10.8,79,basic,37,2,0,27.8,30,72.4,0,0
cust-07307,Customer 07307,6,430.23,2,0,-7.2,33,standard,30,30,0,-4.1,30,46.7,1,0
cust-07308,Customer 07308,31,99.33,0,0,24.5,71,basic,47,14,0,8.7,41,35.3,0,0
cust-07309,Customer 07309,35,336.14,2,3,-24.8,0,standard,5,19,0,-23.1,14,34.5,1,1
cust-07310,Customer 07310,5,338.51,6,0,-17.0,51,standard,10,18,10,-31.7,4,100,3,0
cust-07311,Customer 07311,18,410.54,0,0,-29.4,8,standard,26,26,0,-22.3,28,63.7,1,0
cust-07312,Customer 07312,16,142.98,7,0,-0.2,26,basic,10,0,20,-8.7,30,18.3,0,0
cust-07313,Customer 07313,48,1286.51,2,0,33.2,56,premium,9,25,10,32.5,15,64.0,1,0
cust-07314,Customer 07314,27,682.7,1,2,13.2,34,standard,4,8,5,17.6,23,30.7,2,1
cust-07315,Customer 07315,9,1047.34,0,0,-9.4,63,premium,4,14,10,-2.0,45,29.2,2,0
cust-07316,Customer 07316,46,371.31,2,1,-21.6,57,standard,13,24,15,-28.6,16,46.8,2,0
cust-07317,Customer 07317,32,428.64,0,1,9.4,42,standard,18,5,5,17.2,88,45.4,1,0
cust-07318,Customer 07318,5,251.58,2,0,28.2,58,standard,9,9,0,20.8,28,12.3,2,0
cust-07319,Customer 07319,63,827.43,1,2,-15.1,41,premium,7,27,5,-8.0,10,40.3,1,1
cust-07320,Customer 07320,18,509.93,2,1,-15.6,28,standard,28,7,15,-14.4,23,63.8,0,0
cust-07321,Customer 07321,47,350.98,2,0,6.8,39,standard,38,12,5,4.0,23,81.8,1,0
cust-07322,Customer 07322,26,268.87,1,0,-3.3,67,standard,15,17,0,-4.6,15,100,1,0
cust-07323,Customer 07323,19,137.91,9,0,1.9,46,basic,46,0,0,1.8,4,87.1,1,0
cust-07324,Customer 07324,16,1230.51,4,0,14.8,22,premium,34,15,5,-5.0,5,19.8,0,0
cust-07325,Customer 07325,11,575.64,1,2,-28.5,46,standard,14,8,10,-33.0,18,84.3,1,0
cust-07326,Customer 07326,44,425.22,2,0,10.1,52,standard,25,4,0,2.6,20,40.8,1,0
cust-07327,Customer 07327,20,117.09,1,0,-31.6,55,basic,30,22,0,-31.5,34,61.1,1,0
cust-07328,Customer 07328,6,86.98,2,0,41.9,46,basic,25,18,0,50,13,62.5,0,0
cust-07329,Customer 07329,28,1168.41,2,1,28.5,46,premium,10,9,0,25.0,72,52.3,1,0
cust-07330,Customer 07330,10,358.83,12,0,-4.6,64,standard,45,11,0,4.1,86,58.5,0,0
cust-07331,Customer 07331,29,189.84,0,1,23.2,53,basic,29,31,15,17.3,75,55.4,1,0
cust-07332,Customer 07332,5,117.84,5,0,-5.3,95,basic,14,27,0,-15.1,7,51.6,0,0
cust-07333,Customer 07333,5,152.71,0,0,11.5,54,basic,33,6,5,18.0,65,70.9,1,0
cust-07334,Customer 07334,42,381.11,3,0,2.3,59,standard,30,3,0,2.6,38,36.2,0,0
cust-07335,Customer 07335,8,199.59,1,1,-22.6,43,basic,10,5,20,-30.3,3,55.3,1,1
cust-07336,Customer 07336,20,173.55,2,0,20.8,16,basic,14,9,10,23.0,38,69.1,1,0
cust-07337,Customer 07337,22,218.58,0,0,10.0,6,basic,31,6,10,15.4,37,59.1,3,0
cust-07338,Customer 07338,7,415.89,10,1,4.2,44,standard,23,8,0,9.1,23,53.6,1,1
cust-07339,Customer 07339,49,122.2,5,2,10.6,67,basic,45,19,0,9.2,48,48.2,1,0
cust-07340,Customer 07340,11,236.33,0,0,7.0,71,standard,25,17,5,12.4,81,87.6,2,0
cust-07341,Customer 07341,37,517.78,2,0,-35.5,44,standard,12,0,0,-47.1,9,33.1,0,0
cust-07342,Customer 07342,22,578.06,1,0,37.3,76,premium,19,0,0,44.8,4,49.7,3,0
cust-07343,Customer 07343,33,192.79,1,2,17.9,23,basic,23,22,5,24.7,26,44.2,0,0
cust-07344,Customer 07344,5,1114.88,2,1,10.0,45,premium,6,0,10,-1.0,15,69.9,0,0
cust-07345,Customer 07345,21,1203.22,3,0,-36.6,71,premium,31,10,0,-35.3,27,39.3,0,0
cust-07346,Customer 07346,2,352.12,2,1,12.8,66,standard,6,0,10,8.5,45,43.4,1,0
cust-07347,Customer 07347,9,177.76,2,0,14.0,40,basic,7,13,10,7.2,15,55.0,0,0
cust-07348,Customer 07348,39,169.59,0,0,-10.3,89,basic,18,0,5,-16.2,31,36.7,0,0
cust-07349,Customer 07349,13,393.92,0,0,-15.7,71,standard,24,33,10,-8.9,43,49.2,2,0
cust-07350,Customer 07350,44,1428.7,1,0,-70,80,premium,51,14,0,-67.8,34,57.6,0,0
cust-07351,Customer 07351,44,398.54,0,0,-33.4,16,standard,28,7,15,-29.6,62,50.8,1,0
cust-07352,Customer 07352,31,160.65,2,0,-6.1,32,basic,12,13,0,-9.3,20,46.0,0,0
cust-07353,Customer 07353,23,199.44,1,1,14.7,16,basic,15,35,0,4.7,24,80.9,1,0
cust-07354,Customer 07354,11,957.54,0,0,-26.5,65,premium,21,12,0,-28.8,36,36.0,0,0
cust-07355,Customer 07355,18,1252.75,0,0,-13.1,33,premium,6,0,0,-8.0,60,18.8,0,0
cust-07356,Customer 07356,61,466.0,0,0,-14.8,63,standard,10,1,0,-13.5,25,79.0,2,0
cust-07357,Customer 07357,11,240.15,1,0,-8.8,48,basic,77,11,0,-13.0,7,75.2,0,0
cust-07358,Customer 07358,30,132.22,0,1,-6.4,25,basic,61,20,0,-6.8,68,80.5,1,0
cust-07359,Customer 07359,17,1490.63,1,2,2.4,33,premium,5,4,0,24.3,24,64.4,0,0
cust-07360,Customer 07360,11,396.39,2,0,-43.8,36,standard,27,0,10,-54.5,20,48.6,0,0
cust-07361,Customer 07361,9,923.07,0,0,-9.8,34,premium,5,20,15,-3.1,33,35.1,0,1
cust-07362,Customer 07362,23,428.96,4,1,-9.0,95,standard,13,28,10,1.0,29,46.3,3,0
cust-07363,Customer 07363,15,474.06,5,2,-12.0,29,standard,73,15,10,-13.7,12,17.6,1,1
cust-07364,Customer 07364,1,905.65,1,1,43.1,55,premium,11,31,0,46.8,19,67.9,2,0
cust-07365,Customer 07365,13,248.19,0,1,2.5,95,basic,8,12,10,-7.5,72,60.3,2,0
cust-07366,Customer 07366,6,156.23,1,0,16.4,26,basic,18,12,5,2.8,90,5,1,0
cust-07367,Customer 07367,4,199.58,1,1,-12.5,41,basic,21,27,5,-17.2,63,5.3,1,1
cust-07368,Customer 07368,14,238.96,0,1,23.1,22,basic,36,7,0,21.0,89,50.5,1,0
cust-07369,Customer 07369,22,161.23,0,0,2.1,54,basic,24,11,0,-11.5,38,42.7,3,0
cust-07370,Customer 07370,24,373.6,0,1,45,27,standard,24,0,0,50,52,63.9,1,0
cust-07371,Customer 07371,8,456.34,0,0,-6.3,61,standard,9,26,0,-8.0,31,43.3,0,0
cust-07372,Customer 07372,72,229.45,9,0,-32.5,61,standard,29,4,0,-38.0,16,100,0,0
cust-07373,Customer 07373,51,961.15,0,2,5.7,47,premium,20,3,10,3.4,57,94.1,0,0
cust-07374,Customer 07374,15,124.91,0,0,-1.9,46,basic,35,0,0,-14.7,81,65.1,0,0
cust-07375,Customer 07375,40,1068.7,2,1,2.3,62,premium,7,7,0,7.1,29,48.1,3,0
cust-07376,Customer 07376,39,247.82,1,0,16.0,54,basic,8,6,0,16.1,10,53.2,1,0
cust-07377,Customer 07377,21,1005.04,1,0,-5.3,38,premium,43,13,0,-10.7,13,48.1,0,0
cust-07378,Customer 07378,71,171.83,0,0,43.4,59,basic,2,1,5,39.4,31,33.5,0,0
cust-07379,Customer 07379,18,225.37,0,1,-21.1,90,basic,13,0,5,-10.5,44,13.7,0,0
cust-07380,Customer 07380,21,1055.95,0,0,-38.2,81,premium,12,20,0,-39.7,27,34.6,0,0
cust-07381,Customer 07381,17,415.37,0,0,13.2,22,standard,8,11,0,8.5,35,44.7,0,0
cust-07382,Customer 07382,35,458.76,1,0,11.3,46,standard,8,18,5,13.6,27,74.3,1,0
cust-07383,Customer 07383,10,1849.17,3,0,20.7,71,premium,16,23,5,28.4,5,64.2,2,0
cust-07384,Customer 07384,10,260.74,6,0,21.0,13,standard,41,11,5,18.3,5,45.5,0,1
cust-07385,Customer 07385,72,242.38,3,2,11.8,6,basic,52,8,0,23.0,19,43.8,2,0
cust-07386,Customer 07386,15,427.47,1,0,-9.5,6,standard,15,15,0,-11.4,17,43.1,0,0
cust-07387,Customer 07387,62,520.53,3,1,-17.4,38,standard,15,19,0,-13.4,51,50.5,1,0
cust-07388,Customer 07388,8,311.29,2,1,-17.5,81,standard,16,6,15,-24.1,58,38.4,0,0
cust-07389,Customer 07389,23,141.43,9,1,2.3,30,basic,10,7,0,-11.1,56,39.3,1,0
cust-07390,Customer 07390,11,296.33,2,1,12.3,33,standard,15,15,0,9.5,19,35.4,1,0
cust-07391,Customer 07391,33,246.55,2,0,-12.6,59,basic,9,6,0,-19.7,21,58.8,0,0
cust-07392,Customer 07392,26,241.2,1,0,-33.0,52,basic,23,14,15,-23.1,37,44.9,2,0
cust-07393,Customer 07393,22,97.73,3,0,-15.8,71,basic,9,11,10,-7.7,18,84.5,0,0
cust-07394,Customer 07394,27,405.39,1,0,17.6,78,standard,8,23,0,13.7,20,41.9,1,0
cust-07395,Customer 07395,20,412.2,1,1,-16.9,47,standard,30,8,10,-18.8,31,80.7,0,0
cust-07396,Customer 07396,72,106.2,1,1,2.5,14,basic,12,5,0,5.3,76,48.3,0,0
cust-07397,Customer 07397,4,262.94,0,0,5.1,18,standard,5,9,0,4.1,61,10.3,2,1
cust-07398,Customer 07398,3,1245.06,0,3,-44.4,57,premium,35,7,10,-46.4,60,58.4,1,1
cust-07399,Customer 07399,5,483.27,0,1,-18.0,18,standard,16,6,10,-16.6,48,43.9,1,0
cust-07400,Customer 07400,36,409.25,0,2,-20.5,36,standard,8,18,0,-17.9,27,50.7,1,0
cust-07401,Customer 07401,52,334.27,1,0,-26.3,51,standard,72,21,15,-26.3,37,62.6,0,1
cust-07402,Customer 07402,58,236.79,7,1,10.7,20,basic,9,0,0,4.5,5,56.5,0,0
cust-07403,Customer 07403,16,159.4,0,0,16.9,52,basic,11,15,15,28.9,82,91.0,2,0
cust-07404,Customer 07404,43,424.34,0,0,-19.7,23,standard,21,23,20,-12.3,57,46.1,2,1
cust-07405,Customer 07405,12,188.74,3,0,-14.3,53,basic,24,0,0,-5.4,60,43.3,0,0
cust-07406,Customer 07406,26,272.03,0,0,12.5,36,standard,16,0,15,13.3,49,44.1,0,0
cust-07407,Customer 07407,52,1178.29,4,0,9.4,95,premium,15,17,0,6.6,10,83.7,1,0
cust-07408,Customer 07408,24,1521.52,6,0,20.8,12,premium,36,23,10,17.2,5,44.0,2,1
cust-07409,Customer 07409,18,108.69,6,1,-1.9,84,basic,21,23,0,-5.6,50,47.0,1,0
cust-07410,Customer 07410,17,116.03,1,1,21.3,42,basic,23,4,10,15.4,38,48.1,0,0
cust-07411,Customer 07411,27,520.41,0,0,0.6,95,standard,12,10,10,10.9,65,71.4,0,0
cust-07412,Customer 07412,30,929.01,0,0,-15.0,62,premium,38,23,15,-10.0,89,50.4,0,0
cust-07413,Customer 07413,24,672.01,2,0,-34.8,22,standard,27,17,5,-33.6,31,50.0,1,0
cust-07414,Customer 07414,14,196.39,0,1,10.0,20,basic,21,11,5,30.1,60,33.7,2,0
cust-07415,Customer 07415,15,136.39,1,0,-0.0,33,basic,13,3,0,2.6,46,50.3,2,0
cust-07416,Customer 07416,44,150.56,1,0,-1.6,91,basic,11,3,0,4.7,40,70.3,0,0
cust-07417,Customer 07417,14,502.98,6,0,-6.0,20,standard,46,9,0,-17.5,26,84.0,1,0
cust-07418,Customer 07418,14,224.98,2,3,26.0,70,basic,13,3,15,14.1,63,63.0,1,0
cust-07419,Customer 07419,22,94.24,4,0,4.5,66,basic,15,0,5,8.9,7,78.5,1,0
cust-07420,Customer 07420,43,490.61,0,0,4.5,95,standard,19,5,0,9.4,70,62.0,1,0
cust-07421,Customer 07421,5,609.61,0,0,13.0,64,premium,2,4,5,2.5,63,30.0,0,0
cust-07422,Customer 07422,16,185.26,0,0,4.5,46,basic,45,18,10,0.2,31,72.7,2,0
cust-07423,Customer 07423,24,463.87,1,2,-6.8,35,standard,31,12,0,-9.0,29,50.5,1,1
cust-07424,Customer 07424,13,492.63,2,0,-28.6,68,standard,27,1,0,-30.4,45,36.0,0,0
cust-07425,Customer 07425,43,413.14,1,0,-26.5,42,standard,23,1,0,-15.6,34,63.9,0,0
cust-07426,Customer 07426,25,433.67,1,0,7.4,23,standard,14,0,0,-0.2,42,71.7,1,0
cust-07427,Customer 07427,26,909.56,4,0,-7.8,2,premium,9,1,0,-9.3,13,43.7,0,0
cust-07428,Customer 07428,22,141.87,3,1,-20.0,77,basic,5,0,0,-36.0,31,86.6,0,0
cust-07429,Customer 07429,12,620.85,2,3,-0.8,67,standard,17,16,0,-2.1,72,49.3,0,0
cust-07430,Customer 07430,24,197.29,0,1,-32.6,50,basic,20,17,0,-31.4,72,71.6,0,0
cust-07431,Customer 07431,34,422.91,6,0,-26.0,65,standard,29,0,5,-22.7,46,36.6,0,0
cust-07432,Customer 07432,15,1152.08,3,0,24.0,79,premium,19,0,0,20.0,28,65.5,1,0
cust-07433,Customer 07433,10,634.38,0,1,-1.8,69,standard,10,28,10,-6.4,33,67.4,0,0
cust-07434,Customer 07434,8,176.66,4,1,0.8,15,basic,16,14,0,2.0,14,69.2,1,0
cust-07435,Customer 07435,5,158.85,2,0,-23.7,68,basic,26,7,0,-22.4,8,61.3,0,0
cust-07436,Customer 07436,16,404.22,4,1,19.9,43,standard,20,22,0,11.2,12,68.4,0,0
cust-07437,Customer 07437,6,345.87,0,2,14.5,37,standard,9,5,10,4.5,41,74.7,0,0
cust-07438,Customer 07438,6,492.97,5,0,24.4,45,premium,6,6,0,15.2,50,83.7,0,1
cust-07439,Customer 07439,56,168.92,2,0,-31.7,67,basic,30,20,0,-29.9,25,45.4,1,0
cust-07440,Customer 07440,16,172.17,3,2,3.1,48,basic,9,19,15,2.2,6,60.4,1,1
cust-07441,Customer 07441,25,187.21,5,0,11.5,69,basic,19,20,0,14.8,32,44.8,2,0
cust-07442,Customer 07442,29,325.88,1,2,10.3,67,standard,8,27,0,17.8,18,72.4,2,0
cust-07443,Customer 07443,12,426.91,1,1,15.3,41,standard,22,6,0,11.7,5,16.0,2,0
cust-07444,Customer 07444,20,892.3,4,0,15.2,78,premium,71,15,5,1.3,30,45.8,0,0
cust-07445,Customer 07445,11,84.07,1,0,18.1,19,basic,10,4,0,35.0,25,68.6,0,0
cust-07446,Customer 07446,9,202.83,4,1,13.3,28,basic,31,30,0,17.6,15,52.7,0,0
cust-07447,Customer 07447,28,848.55,12,0,-2.5,36,premium,2,19,0,-6.7,4,77.8,0,0
cust-07448,Customer 07448,22,395.4,4,0,-24.8,-9,standard,13,23,0,-28.0,17,5,0,0
cust-07449,Customer 07449,25,392.65,5,0,8.0,95,standard,15,12,0,13.0,36,46.2,0,0
cust-07450,Customer 07450,24,341.64,2,2,4.4,50,standard,20,4,15,11.4,27,81.8,0,0
cust-07451,Customer 07451,24,176.57,9,0,11.7,63,basic,45,9,0,18.2,33,33.2,0,0
cust-07452,Customer 07452,31,296.1,0,0,22.3,25,standard,4,5,15,12.9,76,96.7,1,0
cust-07453,Customer 07453,45,1386.63,0,2,-5.8,32,premium,4,0,0,-8.5,88,30.0,1,0
cust-07454,Customer 07454,14,132.1,3,1,18.9,55,basic,10,20,0,26.6,90,54.6,0,0
cust-07455,Customer 07455,20,435.18,5,0,36.5,64,standard,21,18,5,50,26,56.0,1,0
cust-07456,Customer 07456,15,138.14,3,0,-0.2,51,basic,10,1,0,-2.6,33,77.4,0,0
cust-07457,Customer 07457,49,183.98,0,1,-32.2,70,basic,29,8,0,-39.3,87,61.7,0,0
cust-07458,Customer 07458,17,91.49,2,0,16.3,41,basic,11,9,0,12.8,44,19.6,0,0
cust-07459,Customer 07459,3,193.62,5,0,-4.6,33,basic,11,19,0,-4.3,45,56.0,0,0
cust-07460,Customer 07460,23,429.26,1,0,-45.0,35,standard,20,13,10,-49.3,34,58.0,1,1
cust-07461,Customer 07461,16,1266.9,5,1,-33.2,37,premium,49,15,0,-39.6,45,38.2,2,1
cust-07462,Customer 07462,28,1064.47,1,0,17.6,13,premium,62,10,20,19.4,9,57.6,0,0
cust-07463,Customer 07463,55,712.51,1,2,-24.6,36,premium,9,6,0,-27.7,24,14.5,2,0
cust-07464,Customer 07464,23,147.24,2,2,19.3,31,basic,11,6,0,9.5,28,53.5,1,0
cust-07465,Customer 07465,39,953.05,2,1,-17.9,29,premium,7,14,0,-16.8,1,5,0,0
cust-07466,Customer 07466,23,173.33,0,4,-16.0,79,basic,38,7,15,-10.0,72,65.0,0,0
cust-07467,Customer 07467,19,404.67,1,0,22.9,67,standard,24,23,0,25.3,71,81.0,0,0
cust-07468,Customer 07468,44,139.37,0,0,-20.3,58,basic,11,24,10,-29.0,47,74.1,0,0
cust-07469,Customer 07469,32,1066.01,4,1,35.2,57,premium,11,6,5,30.2,37,66.8,0,0
cust-07470,Customer 07470,4,483.66,0,0,-22.2,17,standard,14,0,0,-26.4,89,28.4,0,0
cust-07471,Customer 07471,14,1211.14,0,1,-16.3,33,premium,27,0,0,-22.2,63,35.7,0,0
cust-07472,Customer 07472,15,221.68,4,0,0.3,60,basic,5,4,10,-3.1,12,33.8,0,0
cust-07473,Customer 07473,53,997.46,0,2,16.0,64,premium,11,3,0,-0.2,81,50.6,3,0
cust-07474,Customer 07474,28,265.27,1,0,12.6,22,standard,24,5,0,9.5,55,82.0,2,0
cust-07475,Customer 07475,57,291.96,3,0,6.2,58,standard,14,35,0,5.8,24,73.6,0,0
cust-07476,Customer 07476,47,411.15,1,1,-24.7,25,standard,20,21,0,-9.6,8,38.1,0,1
cust-07477,Customer 07477,43,193.8,1,1,6.4,45,standard,9,10,5,0.1,10,66.7,0,0
cust-07478,Customer 07478,8,1106.98,0,0,14.0,95,premium,11,12,10,-3.4,29,69.7,2,0
cust-07479,Customer 07479,23,226.02,0,1,-2.4,42,basic,9,21,0,4.4,81,46.8,0,0
cust-07480,Customer 07480,23,189.56,1,0,-0.1,34,basic,25,25,0,1.2,12,87.7,1,0
cust-07481,Customer 07481,24,1425.51,1,0,-12.0,-13,premium,18,0,0,-20.2,26,41.4,0,0
cust-07482,Customer 07482,16,1329.48,1,1,9.7,61,premium,43,3,0,9.3,16,81.3,0,0
cust-07483,Customer 07483,17,280.13,1,2,-36.6,62,standard,21,14,10,-50.2,55,63.3,2,0
cust-07484,Customer 07484,27,692.41,4,1,15.0,43,premium,19,10,10,16.0,26,89.8,0,0
cust-07485,Customer 07485,72,989.08,1,0,14.3,22,premium,17,0,0,14.4,30,77.8,0,0
cust-07486,Customer 07486,17,392.71,0,1,3.8,45,standard,38,0,0,10.3,29,57.3,0,0
cust-07487,Customer 07487,17,841.53,4,0,21.5,-6,premium,31,13,0,24.1,33,45.0,0,1
cust-07488,Customer 07488,12,227.31,1,0,-26.4,39,basic,63,4,20,-27.6,27,39.3,0,1
cust-07489,Customer 07489,40,1367.57,0,0,8.7,34,premium,12,13,0,4.0,66,75.3,1,1
cust-07490,Customer 07490,25,156.38,0,0,-24.7,60,basic,38,24,10,-30.4,79,78.1,0,0
cust-07491,Customer 07491,1,147.65,2,1,-12.6,53,basic,26,19,0,-18.4,11,64.8,0,0
cust-07492,Customer 07492,72,164.63,1,3,1.5,73,basic,35,2,10,-14.5,69,32.9,0,0
cust-07493,Customer 07493,8,1159.42,0,0,-15.5,59,premium,7,19,0,-14.8,86,57.8,2,0
cust-07494,Customer 07494,51,178.09,1,0,5.0,46,basic,12,18,0,11.6,16,58.2,0,0
cust-07495,Customer 07495,46,326.9,1,0,-25.4,71,standard,31,8,10,-25.3,12,59.7,0,0
cust-07496,Customer 07496,50,114.95,1,1,-4.1,57,basic,7,6,15,3.5,22,66.1,1,0
cust-07497,Customer 07497,22,169.03,1,0,-21.9,7,basic,8,0,0,-18.8,34,51.5,2,0
cust-07498,Customer 07498,40,200.71,0,0,2.3,43,basic,35,27,10,-4.9,90,66.1,0,0
cust-07499,Customer 07499,23,1063.37,0,1,-38.4,43,premium,25,16,5,-36.2,59,75.2,1,0
cust-07500,Customer 07500,4,81.62,8,0,23.0,57,basic,19,13,5,29.0,34,84.5,0,0
cust-07501,Customer 07501,66,480.44,3,1,43.5,30,standard,5,23,0,27.9,19,46.7,0,0
cust-07502,Customer 07502,12,113.12,1,0,-4.0,53,basic,2,0,0,5.8,87,53.6,2,0
cust-07503,Customer 07503,15,262.69,1,2,1.0,68,standard,30,7,0,9.7,43,79.0,1,0
cust-07504,Customer 07504,57,287.99,1,0,-1.9,77,standard,14,1,10,4.7,54,34.5,0,0
cust-07505,Customer 07505,17,142.42,0,1,-10.2,43,basic,15,22,0,-19.0,77,71.3,0,0
cust-07506,Customer 07506,17,1154.96,1,0,-11.8,91,premium,9,8,0,-1.5,23,59.1,1,0
cust-07507,Customer 07507,21,373.87,3,0,-7.8,50,standard,9,10,5,-9.8,36,55.7,1,0
cust-07508,Customer 07508,22,172.58,0,0,29.4,45,basic,32,0,0,24.4,51,47.1,0,0
cust-07509,Customer 07509,36,923.47,0,0,-5.9,18,premium,20,6,5,-20.2,32,79.1,1,0
cust-07510,Customer 07510,23,212.77,9,0,-16.1,41,basic,3,19,0,-18.7,89,50.9,0,0
cust-07511,Customer 07511,41,442.14,0,0,-14.7,54,standard,15,21,0,-16.6,64,67.1,1,0
cust-07512,Customer 07512,21,220.67,0,1,24.1,46,basic,34,13,0,29.5,35,46.5,0,0
cust-07513,Customer 07513,65,514.6,0,1,-42.8,17,standard,17,25,0,-50.6,40,5,0,0
cust-07514,Customer 07514,38,138.19,0,1,26.5,68,basic,25,16,5,34.7,88,34.5,1,0
cust-07515,Customer 07515,3,441.41,0,0,-7.0,49,standard,19,7,5,-10.4,78,54.1,1,0
cust-07516,Customer 07516,37,451.31,2,0,-23.9,57,standard,23,18,0,-15.7,34,85.8,0,0
cust-07517,Customer 07517,30,121.41,2,0,10.3,34,basic,10,3,5,-5.2,14,72.8,1,0
cust-07518,Customer 07518,27,388.35,2,0,5.8,6,standard,2,19,0,-4.1,58,95.2,0,0
cust-07519,Customer 07519,9,143.89,0,1,25.6,95,basic,30,11,0,25.0,89,50.4,0,0
cust-07520,Customer 07520,20,252.8,2,2,6.5,28,standard,2,20,5,25.3,21,97.8,1,0
cust-07521,Customer 07521,8,235.49,3,1,-7.4,56,basic,23,23,0,-5.5,37,57.0,0,0
cust-07522,Customer 07522,11,741.28,0,2,-26.7,4,premium,44,1,0,-32.1,40,77.3,2,1
cust-07523,Customer 07523,50,599.23,0,0,30.7,56,standard,14,17,0,35.2,39,74.8,1,0
cust-07524,Customer 07524,10,158.94,3,1,2.5,60,basic,4,8,5,9.5,39,43.2,0,0
cust-07525,Customer 07525,55,374.67,2,0,18.1,30,standard,3,27,0,19.6,17,61.7,0,0
cust-07526,Customer 07526,34,886.42,0,0,31.0,41,premium,21,19,0,25.8,43,82.2,3,0
cust-07527,Customer 07527,18,432.93,0,0,28.6,78,standard,2,22,5,34.2,54,39.7,1,0
cust-07528,Customer 07528,26,1017.06,0,1,-20.3,35,premium,5,3,0,-10.7,31,60.1,1,0
cust-07529,Customer 07529,52,1299.45,3,1,-11.3,16,premium,55,5,5,-15.4,22,29.8,0,0
cust-07530,Customer 07530,46,357.17,0,2,-16.3,55,standard,28,14,5,-11.4,43,60.2,0,0
cust-07531,Customer 07531,19,1384.04,0,0,6.2,54,premium,7,0,10,5.6,25,50.6,0,0
cust-07532,Customer 07532,43,341.67,3,1,23.7,23,standard,27,14,0,20.7,40,30.3,0,0
cust-07533,Customer 07533,25,196.67,1,1,-16.8,51,basic,11,16,5,-11.3,26,66.4,0,0
cust-07534,Customer 07534,4,157.99,2,2,36.3,73,basic,14,0,15,29.3,59,90.6,1,0
cust-07535,Customer 07535,7,241.73,2,2,-30.9,34,standard,11,31,15,-21.2,39,57.3,1,0
cust-07536,Customer 07536,20,951.27,3,1,1.9,25,premium,36,10,0,11.5,90,64.3,0,0
cust-07537,Customer 07537,27,253.09,4,0,42.5,61,standard,8,20,0,39.2,41,33.9,1,0
cust-07538,Customer 07538,34,80.97,2,0,0.7,69,basic,49,24,0,4.1,65,71.3,2,1
cust-07539,Customer 07539,15,169.97,3,0,-23.5,69,basic,5,15,0,-8.6,12,84.9,0,0
cust-07540,Customer 07540,4,1128.61,4,1,2.5,33,premium,5,14,0,4.8,20,59.7,1,0
cust-07541,Customer 07541,2,166.58,5,0,5.8,7,basic,40,27,0,9.3,12,24.1,1,1
cust-07542,Customer 07542,6,193.44,1,1,-12.7,95,basic,13,9,0,-10.7,39,55.3,1,0
cust-07543,Customer 07543,9,106.87,2,1,-11.9,28,basic,8,19,0,-16.0,56,35.0,2,1
cust-07544,Customer 07544,9,420.93,0,0,6.8,44,standard,23,0,10,1.5,87,80.0,1,0
cust-07545,Customer 07545,30,271.28,2,0,30.2,16,standard,21,21,5,49.3,25,20.6,0,0
cust-07546,Customer 07546,25,139.69,4,0,-29.6,36,basic,38,9,0,-30.6,72,66.3,0,0
cust-07547,Customer 07547,27,589.57,0,0,1.2,62,standard,17,10,10,3.1,68,35.9,0,0
cust-07548,Customer 07548,37,123.96,3,1,0.5,88,basic,4,19,0,3.0,47,53.9,0,0
cust-07549,Customer 07549,28,165.08,1,0,7.7,95,basic,59,24,10,-2.0,44,59.4,1,0
cust-07550,Customer 07550,23,332.42,8,0,9.1,66,standard,9,0,0,9.4,13,44.3,1,0
cust-07551,Customer 07551,15,482.86,2,0,32.5,46,standard,14,15,5,28.3,7,38.2,1,0
cust-07552,Customer 07552,28,280.62,0,2,15.1,79,standard,17,0,0,32.8,25,34.2,2,0
cust-07553,Customer 07553,42,203.43,7,0,9.9,90,standard,24,19,5,12.5,6,76.5,1,0
cust-07554,Customer 07554,56,282.87,0,1,8.7,34,standard,19,1,0,10.5,32,50.4,0,0
cust-07555,Customer 07555,30,428.96,10,1,-2.5,69,standard,16,9,0,-7.7,18,72.3,0,0
cust-07556,Customer 07556,10,614.14,1,0,-9.5,59,premium,16,14,5,-10.2,90,62.0,0,0
cust-07557,Customer 07557,3,164.29,1,1,22.6,28,basic,15,7,0,19.6,51,69.8,0,0
cust-07558,Customer 07558,21,1166.11,0,0,-31.6,74,premium,44,20,0,-46.5,41,20.7,1,0
cust-07559,Customer 07559,2,264.78,0,0,-4.2,68,standard,28,9,0,-2.2,77,46.6,1,0
cust-07560,Customer 07560,7,1170.41,1,1,10.1,54,premium,3,9,10,9.8,12,32.4,0,0
cust-07561,Customer 07561,10,449.43,6,0,17.8,13,standard,22,4,5,17.8,35,26.2,0,1
cust-07562,Customer 07562,21,196.51,4,0,-19.9,75,basic,5,9,0,-28.3,14,100,0,0
cust-07563,Customer 07563,9,383.42,2,3,15.5,25,standard,11,13,0,14.7,25,53.1,1,1
cust-07564,Customer 07564,13,150.59,7,1,-4.1,43,basic,16,15,10,-0.0,10,67.5,0,0
cust-07565,Customer 07565,50,886.5,4,0,-5.7,33,premium,3,19,10,2.2,34,38.6,2,1
cust-07566,Customer 07566,22,227.64,4,1,7.1,29,basic,13,13,0,18.2,10,70.0,1,0
cust-07567,Customer 07567,18,191.89,1,0,-37.0,53,standard,24,31,5,-45.4,26,36.0,1,0
cust-07568,Customer 07568,22,98.51,2,0,31.1,57,basic,10,4,10,48.0,24,75.2,3,0
cust-07569,Customer 07569,19,163.34,1,3,26.9,54,basic,39,17,5,29.6,29,89.8,0,0
cust-07570,Customer 07570,18,1260.96,2,0,45,41,premium,8,10,5,33.3,33,100,2,0
cust-07571,Customer 07571,13,215.31,0,1,-26.8,51,basic,33,17,0,-30.1,79,71.0,0,0
cust-07572,Customer 07572,25,720.25,0,0,-36.3,42,premium,15,0,0,-29.6,66,52.3,3,0
cust-07573,Customer 07573,34,389.5,2,0,-22.0,42,standard,11,4,0,-3.8,41,46.9,1,0
cust-07574,Customer 07574,14,1150.58,0,3,24.3,72,premium,94,0,5,33.8,25,77.4,1,1
cust-07575,Customer 07575,37,496.86,1,0,-14.4,49,standard,20,17,10,-12.4,43,32.8,1,0
cust-07576,Customer 07576,44,222.11,1,0,2.9,41,basic,6,10,5,5.0,28,59.5,0,0
cust-07577,Customer 07577,25,127.18,0,3,-48.6,87,basic,23,7,0,-48.6,33,74.1,0,0
cust-07578,Customer 07578,9,552.78,0,1,-13.4,66,standard,6,5,0,-14.9,50,33.0,0,0
cust-07579,Customer 07579,34,947.66,0,0,-10.4,47,premium,25,0,0,-12.7,70,87.1,0,0
cust-07580,Customer 07580,10,149.57,0,1,-11.3,39,basic,0,12,10,-16.1,87,35.8,0,0
cust-07581,Customer 07581,27,1107.64,0,1,6.5,31,premium,15,9,10,12.8,53,58.9,1,0
cust-07582,Customer 07582,19,403.64,3,0,-19.3,28,premium,36,0,15,-11.2,35,94.1,2,1
cust-07583,Customer 07583,72,272.12,0,1,5.8,48,basic,6,22,0,7.1,36,83.2,1,0
cust-07584,Customer 07584,39,400.34,1,0,13.6,44,standard,31,31,20,14.6,8,80.8,1,0
cust-07585,Customer 07585,50,78.63,5,0,-9.3,75,basic,56,18,0,-2.9,12,53.8,1,0
cust-07586,Customer 07586,9,259.45,0,0,6.8,9,basic,61,5,0,15.9,46,77.7,0,0
cust-07587,Customer 07587,26,787.02,1,1,-18.1,84,premium,25,0,0,-12.1,4,45.3,3,0
cust-07588,Customer 07588,26,509.55,0,0,-16.9,91,standard,29,10,10,-31.8,79,48.9,1,0
cust-07589,Customer 07589,14,191.24,1,1,19.9,70,basic,5,15,0,38.4,4,74.2,1,0
cust-07590,Customer 07590,26,394.11,1,1,-43.1,51,standard,24,0,10,-49.4,77,39.1,1,0
cust-07591,Customer 07591,13,124.54,4,0,10.4,63,basic,6,6,0,9.3,13,64.4,0,0
cust-07592,Customer 07592,44,128.7,1,0,-6.3,78,basic,32,0,15,-2.3,23,25.9,1,0
cust-07593,Customer 07593,16,377.17,0,1,-22.1,25,standard,16,16,20,-28.3,29,33.9,2,0
cust-07594,Customer 07594,29,187.1,4,1,-35.8,85,basic,23,8,15,-25.7,21,5,1,0
cust-07595,Customer 07595,15,146.23,2,0,13.3,52,basic,19,13,0,15.4,29,49.7,3,0
cust-07596,Customer 07596,5,709.54,4,0,-10.4,77,premium,3,5,0,-4.3,32,100,0,0
cust-07597,Customer 07597,31,147.18,2,1,-12.5,86,basic,1,0,0,-23.4,15,34.8,0,0
cust-07598,Customer 07598,22,155.36,2,0,6.5,95,basic,18,13,0,7.9,50,88.6,3,0
cust-07599,Customer 07599,42,197.26,3,0,-14.5,34,basic,27,7,0,-26.1,56,24.4,0,0
cust-07600,Customer 07600,44,161.85,3,0,-7.5,22,basic,8,15,0,-8.0,26,22.8,1,0
cust-07601,Customer 07601,28,1077.2,0,1,-16.4,39,premium,29,21,10,0.3,26,44.1,3,1
cust-07602,Customer 07602,67,1110.6,0,1,-16.8,-11,premium,15,0,5,-21.0,44,83.8,0,0
cust-07603,Customer 07603,41,1242.71,0,1,-26.0,42,premium,32,19,15,-25.7,47,18.5,2,0
cust-07604,Customer 07604,72,266.2,1,0,2.8,41,basic,11,18,0,9.3,46,61.5,0,0
cust-07605,Customer 07605,57,400.56,8,0,-14.1,30,standard,14,10,5,-8.7,90,85.4,0,0
cust-07606,Customer 07606,72,445.83,0,0,-4.7,78,standard,18,17,0,-10.1,42,72.1,2,0
cust-07607,Customer 07607,8,150.78,7,0,6.8,39,basic,11,8,0,12.5,44,33.5,1,0
cust-07608,Customer 07608,72,282.28,0,0,11.6,48,standard,17,11,0,14.1,26,35.1,1,0
cust-07609,Customer 07609,20,439.85,1,0,-2.3,68,standard,15,13,5,-8.0,18,5,0,0
cust-07610,Customer 07610,1,428.73,1,0,-14.6,41,standard,33,25,0,-20.2,20,31.6,0,0
cust-07611,Customer 07611,32,96.92,0,0,-30.7,38,basic,25,29,0,-21.6,34,81.0,0,0
cust-07612,Customer 07612,44,308.81,0,1,-21.4,34,standard,11,20,15,-16.9,56,57.1,2,1
cust-07613,Customer 07613,27,979.89,0,0,-15.9,61,premium,4,9,0,-25.9,31,22.7,0,0
cust-07614,Customer 07614,13,447.59,0,1,33.9,55,standard,11,10,5,24.4,41,60.0,1,0
cust-07615,Customer 07615,4,973.69,2,0,-25.9,54,premium,9,11,10,-23.9,15,82.3,2,0
cust-07616,Customer 07616,13,1103.84,0,0,17.1,-6,premium,12,21,0,16.9,71,45.3,0,0
cust-07617,Customer 07617,41,387.41,0,2,26.7,79,standard,20,27,0,15.5,61,5.6,3,0
cust-07618,Customer 07618,19,766.53,0,0,-29.1,33,premium,18,27,5,-39.3,78,77.1,0,1
cust-07619,Customer 07619,43,267.94,2,1,18.1,22,basic,27,13,5,15.9,22,50.5,3,0
cust-07620,Customer 07620,18,861.08,6,0,-20.9,49,premium,10,3,0,-18.7,33,66.4,0,0
cust-07621,Customer 07621,31,150.23,0,0,6.2,7,basic,20,1,0,18.9,43,66.5,0,0
cust-07622,Customer 07622,34,315.73,0,0,-5.5,-3,standard,22,13,10,3.3,73,32.7,0,0
cust-07623,Customer 07623,69,710.78,3,0,17.9,89,standard,21,11,5,6.5,12,57.5,0,0
cust-07624,Customer 07624,3,132.65,4,0,-8.7,45,basic,29,24,10,-6.0,7,53.2,3,1
cust-07625,Customer 07625,46,99.34,3,1,6.8,40,basic,23,2,0,13.2,27,77.3,0,0
cust-07626,Customer 07626,12,151.66,1,0,-16.0,82,basic,15,2,15,-8.1,34,72.6,0,0
cust-07627,Customer 07627,36,502.6,0,0,-15.6,57,standard,14,20,0,-28.1,84,77.2,2,0
cust-07628,Customer 07628,4,301.85,2,2,-24.4,33,standard,7,9,0,-29.4,32,53.6,1,0
cust-07629,Customer 07629,37,514.6,0,1,27.6,48,standard,10,7,15,24.0,34,51.2,0,0
cust-07630,Customer 07630,19,159.55,0,0,0.8,9,basic,17,16,0,1.9,44,61.7,0,0
cust-07631,Customer 07631,36,279.82,4,2,0.5,21,basic,4,24,5,9.8,15,81.1,1,0
cust-07632,Customer 07632,15,275.89,2,1,-8.1,46,standard,19,0,5,-2.5,27,26.6,1,1
cust-07633,Customer 07633,21,1341.88,0,0,22.9,42,premium,15,0,15,29.1,71,69.0,1,0
cust-07634,Customer 07634,7,246.59,0,0,-49.0,32,basic,15,0,10,-50.7,76,39.3,1,1
cust-07635,Customer 07635,29,417.6,3,0,11.9,47,standard,14,8,0,12.0,13,70.9,0,0
cust-07636,Customer 07636,4,1299.68,3,0,10.1,87,premium,21,9,0,7.4,38,37.6,0,0
cust-07637,Customer 07637,14,564.83,1,1,-10.5,48,standard,36,5,15,-11.5,43,18.0,0,0
cust-07638,Customer 07638,19,225.12,7,1,21.9,53,basic,5,5,15,28.5,6,46.9,1,0
cust-07639,Customer 07639,33,160.0,2,0,-24.1,16,basic,1,9,5,-8.9,3,83.6,0,0
cust-07640,Customer 07640,19,373.23,0,1,-4.7,65,standard,8,7,0,-11.3,65,48.9,0,0
cust-07641,Customer 07641,39,1008.46,4,1,-26.3,84,premium,37,3,0,-21.0,32,28.4,0,0
cust-07642,Customer 07642,26,219.48,1,0,-14.6,38,basic,9,0,10,-11.9,9,59.4,0,0
cust-07643,Customer 07643,44,168.98,3,0,-15.3,91,basic,2,11,5,-37.7,4,89.8,0,0
cust-07644,Customer 07644,17,143.08,0,0,-11.2,53,basic,6,10,10,-17.5,39,47.9,1,0
cust-07645,Customer 07645,36,495.56,1,1,-5.8,33,standard,2,10,0,-7.4,20,62.0,2,0
cust-07646,Customer 07646,17,157.13,1,0,22.3,40,basic,16,21,5,21.2,51,91.6,0,0
cust-07647,Customer 07647,21,379.31,2,1,-12.2,17,standard,16,27,0,-19.6,56,47.8,3,0
cust-07648,Customer 07648,60,438.87,4,0,13.4,14,standard,13,13,15,17.5,59,39.6,0,0
cust-07649,Customer 07649,9,171.02,4,1,-10.7,11,basic,14,22,5,-3.6,16,22.7,2,0
cust-07650,Customer 07650,72,1254.2,0,0,0.1,59,premium,3,0,20,-5.4,58,67.6,0,0
cust-07651,Customer 07651,15,730.21,2,1,-11.7,48,premium,10,14,0,2.9,23,52.1,0,0
cust-07652,Customer 07652,34,212.16,4,0,-1.7,58,standard,23,23,5,-2.4,5,38.5,2,0
cust-07653,Customer 07653,32,578.09,3,0,-7.4,95,premium,23,10,0,12.5,4,25.8,3,0
cust-07654,Customer 07654,20,1037.29,1,2,8.1,25,premium,42,13,0,21.6,19,88.5,0,0
cust-07655,Customer 07655,14,404.6,2,0,-23.3,25,standard,33,6,20,-26.4,21,52.6,2,1
cust-07656,Customer 07656,45,1035.44,2,0,44.9,74,premium,25,2,0,41.2,26,93.5,2,0
cust-07657,Customer 07657,2,62.8,1,0,45,11,basic,4,7,15,38.0,30,87.1,1,0
cust-07658,Customer 07658,71,258.79,1,0,20.4,48,standard,14,4,0,24.4,15,66.4,3,0
cust-07659,Customer 07659,51,1454.15,2,0,-1.6,42,premium,36,3,5,-6.1,23,96.7,0,0
cust-07660,Customer 07660,35,353.69,4,0,-20.8,49,standard,10,11,15,-13.8,10,46.9,1,0
cust-07661,Customer 07661,72,333.69,7,2,13.7,67,standard,11,36,5,19.1,32,58.7,0,0
cust-07662,Customer 07662,60,161.0,1,0,-4.5,61,basic,6,17,0,-7.7,51,31.7,0,0
cust-07663,Customer 07663,28,486.24,1,0,11.7,56,standard,46,0,0,13.6,2,51.2,0,0
cust-07664,Customer 07664,15,1637.23,3,0,24.8,64,premium,14,0,0,28.6,14,52.4,2,0
cust-07665,Customer 07665,1,215.15,2,0,10.4,31,basic,5,10,0,23.1,22,13.3,1,0
cust-07666,Customer 07666,38,441.33,1,3,-1.7,47,standard,6,20,0,-9.0,26,95.5,1,0
cust-07667,Customer 07667,22,914.41,1,0,-15.8,37,premium,7,0,5,-12.5,33,38.2,1,1
cust-07668,Customer 07668,10,134.51,2,0,-44.8,75,basic,16,11,0,-41.2,14,60.2,1,0
cust-07669,Customer 07669,14,309.19,4,0,34.7,31,standard,10,18,0,50,46,5,1,0
cust-07670,Customer 07670,26,178.46,0,0,6.9,63,basic,16,16,15,7.6,34,60.8,1,0
cust-07671,Customer 07671,47,425.01,0,0,-16.3,-1,standard,39,16,0,-13.5,67,61.1,2,0
cust-07672,Customer 07672,39,1757.2,0,2,28.0,35,premium,16,8,0,46.3,45,66.0,0,0
cust-07673,Customer 07673,23,207.4,2,0,-2.0,47,basic,18,0,10,-12.8,18,88.0,0,0
cust-07674,Customer 07674,14,215.35,0,0,2.5,24,basic,16,11,0,-5.4,89,84.5,0,0
cust-07675,Customer 07675,28,321.23,0,1,-48.4,30,standard,42,7,0,-51.4,29,79.0,1,0
cust-07676,Customer 07676,17,137.79,2,1,-22.5,28,basic,25,0,0,-26.9,6,36.6,1,0
cust-07677,Customer 07677,26,259.89,2,0,31.2,91,basic,13,0,0,16.5,37,44.9,3,0
cust-07678,Customer 07678,43,540.85,0,0,15.2,73,standard,12,10,10,12.2,65,10.0,1,0
cust-07679,Customer 07679,26,924.11,0,1,-28.8,56,premium,21,7,0,-23.3,83,100,1,0
cust-07680,Customer 07680,9,222.63,5,0,-20.4,76,basic,19,4,0,-22.2,22,58.1,0,0
cust-07681,Customer 07681,16,146.92,0,0,-12.3,24,basic,19,2,5,-16.7,45,27.8,1,0
cust-07682,Customer 07682,23,193.7,0,0,8.5,59,basic,15,15,0,7.0,58,15.3,1,0
cust-07683,Customer 07683,16,223.68,3,0,17.5,53,basic,20,15,0,30.3,26,19.6,1,0
cust-07684,Customer 07684,17,1420.8,0,3,16.3,51,premium,25,14,0,24.0,28,87.5,0,0
cust-07685,Customer 07685,22,1106.17,4,0,34.0,81,premium,76,9,0,33.3,22,98.0,1,0
cust-07686,Customer 07686,9,1341.75,0,1,-21.7,61,premium,14,17,10,-45.5,65,59.9,1,0
cust-07687,Customer 07687,27,949.79,0,1,7.1,38,premium,7,26,0,18.2,63,74.1,0,0
cust-07688,Customer 07688,12,372.02,0,0,21.0,8,standard,14,0,10,16.2,42,65.0,1,0
cust-07689,Customer 07689,33,577.02,6,0,1.7,41,standard,22,18,0,2.8,35,80.1,0,0
cust-07690,Customer 07690,18,269.14,0,2,6.9,74,standard,30,10,20,2.3,58,56.4,2,0
cust-07691,Customer 07691,22,1227.67,0,0,-10.9,15,premium,28,3,0,-15.4,84,64.9,2,0
cust-07692,Customer 07692,19,158.34,0,0,-12.3,12,basic,19,17,0,-24.8,60,51.2,0,0
cust-07693,Customer 07693,16,171.1,4,0,21.8,40,basic,36,13,0,18.1,13,100,1,0
cust-07694,Customer 07694,48,450.46,1,0,-19.0,51,standard,10,6,0,-3.8,42,48.2,0,0
cust-07695,Customer 07695,19,264.44,0,2,12.3,69,basic,6,17,5,11.5,43,52.8,1,0
cust-07696,Customer 07696,16,348.63,3,0,7.1,51,standard,19,19,0,2.9,37,98.7,2,0
cust-07697,Customer 07697,34,216.11,0,0,0.1,35,basic,3,0,0,13.4,64,43.2,1,0
cust-07698,Customer 07698,34,163.0,0,0,33.4,23,basic,9,11,10,33.5,58,48.2,1,0
cust-07699,Customer 07699,8,373.13,0,1,45,52,standard,12,1,0,50,36,51.2,1,0
cust-07700,Customer 07700,60,873.73,2,3,11.1,27,premium,7,17,5,20.8,14,38.9,0,0
cust-07701,Customer 07701,53,1041.17,0,0,-0.1,70,premium,14,0,10,-4.6,68,18.9,1,0
cust-07702,Customer 07702,21,187.86,4,0,23.6,43,basic,2,21,0,9.2,56,88.3,0,0
cust-07703,Customer 07703,51,432.32,2,0,-3.2,41,standard,26,8,5,-7.7,90,73.0,2,0
cust-07704,Customer 07704,6,908.55,2,2,-32.3,39,premium,19,14,0,-36.2,5,56.6,0,0
cust-07705,Customer 07705,14,172.64,1,0,2.6,47,basic,40,18,10,7.1,40,37.2,1,0
cust-07706,Customer 07706,10,397.22,4,0,1.2,63,standard,28,13,0,4.4,9,76.0,0,0
cust-07707,Customer 07707,13,142.46,4,0,-6.3,30,basic,19,9,15,1.0,15,8.3,1,1
cust-07708,Customer 07708,48,428.34,5,1,-5.4,72,standard,13,12,0,-9.0,44,70.0,2,0
cust-07709,Customer 07709,31,136.01,2,1,-12.5,49,basic,28,10,0,-7.8,48,43.1,1,0
cust-07710,Customer 07710,24,528.42,1,1,0.1,59,standard,44,12,0,-2.0,90,64.4,0,0
cust-07711,Customer 07711,59,181.65,0,1,11.0,26,basic,14,15,0,8.3,68,46.6,1,1
cust-07712,Customer 07712,54,823.41,4,4,-10.4,51,premium,20,24,0,-5.7,23,73.5,0,0
cust-07713,Customer 07713,19,542.79,0,1,30.6,42,standard,26,35,0,25.8,90,56.4,1,0
cust-07714,Customer 07714,49,1088.89,1,0,-31.4,2,premium,52,5,10,-44.5,19,44.5,0,0
cust-07715,Customer 07715,25,218.5,2,0,1.4,74,basic,6,14,0,2.0,5,82.2,0,0
cust-07716,Customer 07716,65,196.97,0,2,-24.9,56,standard,37,0,0,-10.1,30,54.2,0,0
cust-07717,Customer 07717,6,519.22,0,2,-35.2,78,standard,57,8,0,-42.2,63,74.0,0,1
cust-07718,Customer 07718,24,78.39,0,0,10.2,44,basic,10,10,0,13.6,79,34.5,2,0
cust-07719,Customer 07719,27,580.42,0,2,-4.2,32,standard,17,16,0,5.0,66,53.4,0,0
cust-07720,Customer 07720,31,1327.14,0,0,16.2,53,premium,42,0,10,22.4,72,56.0,0,0
cust-07721,Customer 07721,28,1055.3,0,0,8.3,64,premium,7,5,10,1.8,84,78.9,0,0
cust-07722,Customer 07722,14,198.81,1,0,-19.4,83,basic,29,5,0,-22.2,45,52.1,0,0
cust-07723,Customer 07723,19,503.19,2,2,10.6,55,standard,12,10,0,33.1,5,48.9,2,1
cust-07724,Customer 07724,28,507.72,1,0,27.2,75,standard,4,36,0,21.6,7,15.3,0,0
cust-07725,Customer 07725,62,122.07,6,2,23.9,46,basic,54,3,20,12.5,13,82.6,0,1
cust-07726,Customer 07726,38,643.5,0,0,-46.1,7,premium,19,1,0,-57.0,88,43.4,1,1
cust-07727,Customer 07727,72,227.63,0,3,-21.4,65,basic,13,11,0,-18.3,32,92.6,2,0
cust-07728,Customer 07728,29,820.99,4,0,-6.8,65,premium,14,17,5,-0.2,90,54.6,2,0
cust-07729,Customer 07729,10,949.15,1,3,-11.1,30,premium,15,5,0,0.5,34,37.2,2,1
cust-07730,Customer 07730,35,883.93,3,0,23.2,64,premium,10,14,10,8.8,40,41.8,2,1
cust-07731,Customer 07731,11,1192.95,2,1,-22.5,39,premium,29,17,10,-3.5,10,29.8,0,1
cust-07732,Customer 07732,14,135.88,6,1,17.1,46,basic,12,20,0,12.9,47,48.0,2,0
cust-07733,Customer 07733,25,435.0,1,0,13.6,59,standard,3,16,0,4.9,4,39.7,0,1
cust-07734,Customer 07734,14,219.06,4,0,-26.5,40,basic,30,16,5,-34.7,26,29.1,1,0
cust-07735,Customer 07735,36,349.95,2,0,-11.8,54,standard,30,15,5,-0.5,86,26.9,0,0
cust-07736,Customer 07736,42,611.75,2,3,24.8,21,standard,2,15,15,24.6,16,47.2,2,0
cust-07737,Customer 07737,3,118.93,3,0,7.1,87,basic,2,25,5,9.3,14,58.7,2,0
cust-07738,Customer 07738,25,190.5,1,0,45,22,basic,9,16,0,50,6,46.9,3,0
cust-07739,Customer 07739,36,1400.77,0,1,21.1,31,premium,6,20,0,30.7,73,64.3,1,0
cust-07740,Customer 07740,9,622.34,3,0,-26.7,59,standard,25,15,0,-30.3,90,40.5,2,0
cust-07741,Customer 07741,2,141.54,1,0,33.0,37,basic,4,10,0,35.8,28,57.2,3,0
cust-07742,Customer 07742,5,887.46,1,1,4.1,15,premium,1,0,10,4.8,18,100,0,0
cust-07743,Customer 07743,8,164.36,3,0,19.5,71,basic,4,18,0,30.0,6,79.4,1,0
cust-07744,Customer 07744,23,411.58,3,0,23.9,39,standard,4,10,0,25.2,12,51.6,0,0
cust-07745,Customer 07745,19,1140.31,1,0,2.6,36,premium,80,22,0,-0.6,18,45.8,0,0
cust-07746,Customer 07746,22,340.9,0,2,27.6,39,standard,17,20,0,15.5,48,84.7,0,0
cust-07747,Customer 07747,24,518.75,4,0,18.4,36,standard,77,25,15,30.6,27,67.7,0,1
cust-07748,Customer 07748,52,215.3,1,0,-47.1,95,basic,19,9,0,-43.8,23,38.3,2,0
cust-07749,Customer 07749,17,488.56,2,3,-25.6,70,standard,20,18,5,-34.9,76,88.6,0,0
cust-07750,Customer 07750,28,743.77,1,0,1.9,45,premium,37,25,0,-10.6,36,31.2,2,0
cust-07751,Customer 07751,38,197.78,0,0,-34.9,55,basic,39,21,0,-23.5,30,53.3,0,0
cust-07752,Customer 07752,10,965.93,2,0,-7.3,36,premium,5,5,10,-17.4,22,68.6,0,0
cust-07753,Customer 07753,42,213.04,1,2,23.8,62,basic,6,10,0,24.7,56,63.5,0,0
cust-07754,Customer 07754,9,207.17,0,1,-4.7,38,basic,10,20,5,-5.8,77,62.8,1,1
cust-07755,Customer 07755,5,179.05,2,1,3.7,28,basic,22,10,5,11.2,23,59.0,0,0
cust-07756,Customer 07756,15,501.2,1,0,-10.6,36,standard,15,14,0,0.7,36,5,0,0
cust-07757,Customer 07757,5,321.44,0,0,8.3,45,standard,6,0,15,18.1,82,58.4,3,0
cust-07758,Customer 07758,53,173.43,5,0,-30.7,63,basic,24,21,0,-38.0,11,73.2,0,0
cust-07759,Customer 07759,22,1350.83,1,3,8.7,47,premium,11,7,5,13.8,13,24.5,1,0
cust-07760,Customer 07760,48,1766.22,0,0,-3.0,54,premium,21,19,10,-7.9,82,14.8,0,0
cust-07761,Customer 07761,47,397.0,2,0,-22.5,69,standard,11,0,10,-13.7,19,56.1,0,0
cust-07762,Customer 07762,49,180.38,0,1,-19.9,61,standard,9,0,0,-11.9,53,100,1,0
cust-07763,Customer 07763,35,212.69,0,0,-0.6,37,basic,36,0,0,6.2,47,61.0,0,0
cust-07764,Customer 07764,31,177.43,1,2,-10.9,46,basic,23,5,0,-14.2,39,54.7,0,0
cust-07765,Customer 07765,43,316.58,1,0,-11.7,36,standard,8,16,5,-12.0,9,71.9,0,0
cust-07766,Customer 07766,15,915.47,0,0,17.2,79,premium,25,8,0,13.5,67,42.8,2,0
cust-07767,Customer 07767,64,76.46,0,0,-8.1,67,basic,7,14,0,-8.0,33,61.3,1,0
cust-07768,Customer 07768,22,572.36,2,2,-6.2,42,premium,5,0,0,-20.2,19,52.3,1,0
cust-07769,Customer 07769,19,403.09,0,0,-14.0,53,standard,21,0,0,-17.6,56,71.4,0,0
cust-07770,Customer 07770,30,223.91,0,1,-18.1,95,basic,18,16,10,-7.5,90,29.1,0,0
cust-07771,Customer 07771,14,332.71,1,0,-50.3,42,standard,5,18,10,-53.3,37,85.8,0,0
cust-07772,Customer 07772,37,192.65,0,0,13.4,52,basic,7,21,0,2.4,58,79.4,2,0
cust-07773,Customer 07773,39,425.48,3,0,-5.2,69,standard,14,18,0,1.8,35,34.3,1,0
cust-07774,Customer 07774,39,158.82,0,0,-33.2,26,basic,25,0,10,-47.6,31,10.8,0,0
cust-07775,Customer 07775,20,158.69,0,2,-19.3,34,basic,9,23,5,-25.9,65,76.0,0,0
cust-07776,Customer 07776,39,434.85,2,0,6.9,84,standard,21,19,10,10.5,29,49.7,3,0
cust-07777,Customer 07777,36,159.21,0,0,3.5,41,basic,16,27,10,-0.3,76,32.7,0,0
cust-07778,Customer 07778,28,307.63,8,1,-1.8,69,standard,6,0,0,17.7,10,81.4,1,0
cust-07779,Customer 07779,12,380.38,0,2,6.8,3,standard,14,17,15,-4.0,63,90.0,2,0
cust-07780,Customer 07780,37,96.92,1,2,6.9,53,basic,8,20,15,-6.3,40,60.8,1,0
cust-07781,Customer 07781,20,178.95,2,0,-13.2,68,basic,14,0,5,-29.3,8,11.6,2,0
cust-07782,Customer 07782,26,169.45,1,0,-25.2,95,basic,30,15,0,-19.1,5,58.8,0,0
cust-07783,Customer 07783,17,178.11,8,0,29.8,49,basic,17,13,15,28.2,14,27.9,1,1
cust-07784,Customer 07784,1,1123.71,0,0,-34.2,51,premium,43,14,10,-48.3,72,46.0,1,1
cust-07785,Customer 07785,53,575.64,0,1,5.3,24,standard,11,27,10,15.9,52,79.4,0,0
cust-07786,Customer 07786,9,452.16,4,0,12.2,45,standard,19,7,0,-0.3,32,49.1,1,0
cust-07787,Customer 07787,5,881.53,0,0,-10.3,67,premium,21,0,0,-6.2,63,48.6,1,0
cust-07788,Customer 07788,8,116.65,1,1,-1.7,20,basic,44,17,5,-1.8,33,70.6,2,0
cust-07789,Customer 07789,3,140.88,3,1,-26.3,26,basic,10,0,5,-28.7,14,74.2,0,0
cust-07790,Customer 07790,23,171.51,2,0,27.6,34,basic,12,8,5,21.9,16,42.9,0,0
cust-07791,Customer 07791,7,156.33,2,1,-15.1,38,basic,2,16,0,4.2,9,41.7,0,0
cust-07792,Customer 07792,27,1258.8,0,0,-39.9,34,premium,30,24,0,-44.8,34,70.6,2,0
cust-07793,Customer 07793,45,842.84,0,0,-16.6,66,premium,18,16,0,-6.7,35,64.5,0,0
cust-07794,Customer 07794,44,274.95,0,0,-41.4,28,standard,10,19,0,-54.2,70,47.1,0,0
cust-07795,Customer 07795,15,204.57,0,0,15.0,30,basic,12,13,20,5.7,56,65.6,0,0
cust-07796,Customer 07796,18,841.09,3,1,6.1,45,premium,12,17,0,16.9,68,40.3,3,1
cust-07797,Customer 07797,9,417.5,0,0,9.6,38,standard,22,10,0,11.7,44,63.9,0,0
cust-07798,Customer 07798,28,869.1,0,0,-3.0,68,premium,28,0,0,14.6,53,22.5,1,0
cust-07799,Customer 07799,49,1327.06,1,1,3.5,42,premium,22,0,0,17.0,37,62.3,2,0
cust-07800,Customer 07800,17,874.83,8,1,22.0,60,premium,13,22,10,25.8,14,57.3,1,0
cust-07801,Customer 07801,26,177.13,0,0,45,44,basic,20,8,0,43.7,66,54.6,2,0
cust-07802,Customer 07802,30,88.06,1,0,15.6,49,basic,20,12,5,26.3,48,100,3,1
cust-07803,Customer 07803,36,125.84,1,0,11.5,31,basic,19,0,0,3.5,25,67.0,1,0
cust-07804,Customer 07804,13,739.92,0,0,-0.9,80,premium,28,13,15,-20.5,41,74.0,1,0
cust-07805,Customer 07805,10,377.11,0,2,-9.0,51,standard,38,8,5,2.8,69,35.5,0,1
cust-07806,Customer 07806,14,378.33,8,1,-22.9,12,standard,20,10,0,-18.7,54,80.4,2,1
cust-07807,Customer 07807,53,228.02,2,0,19.0,95,basic,5,7,5,18.8,25,55.8,0,0
cust-07808,Customer 07808,19,113.81,7,1,-37.2,31,basic,51,15,10,-24.1,14,50.9,0,1
cust-07809,Customer 07809,18,1498.78,0,1,-29.4,95,premium,66,0,0,-32.6,69,50.1,1,0
cust-07810,Customer 07810,11,378.06,2,1,-13.7,41,standard,18,11,5,-30.0,7,48.3,0,0
cust-07811,Customer 07811,29,1415.05,0,0,38.1,29,premium,33,0,5,30.7,88,100,0,0
cust-07812,Customer 07812,17,832.52,0,1,8.6,42,premium,28,10,20,2.7,33,55.6,0,0
cust-07813,Customer 07813,15,424.28,0,0,14.7,55,standard,13,29,10,18.4,33,69.1,0,0
cust-07814,Customer 07814,21,1299.09,1,0,-26.5,66,premium,51,7,0,-27.1,16,52.2,3,0
cust-07815,Customer 07815,31,405.71,0,0,-39.0,56,standard,47,10,0,-45.3,72,94.1,1,0
cust-07816,Customer 07816,16,508.59,1,0,11.4,85,standard,27,20,5,10.3,18,78.8,2,0
cust-07817,Customer 07817,37,220.54,8,0,39.5,66,basic,11,10,0,36.5,20,91.2,0,0
cust-07818,Customer 07818,9,573.9,0,0,-1.0,41,standard,25,18,0,4.6,43,10.3,1,0
cust-07819,Customer 07819,52,432.0,0,1,-20.7,53,standard,14,4,0,-36.1,84,50.3,2,0
cust-07820,Customer 07820,39,549.9,2,1,-3.8,43,standard,3,0,10,-5.0,7,37.9,0,0
cust-07821,Customer 07821,7,441.57,1,0,19.7,42,standard,54,13,0,20.6,26,34.4,2,1
cust-07822,Customer 07822,5,498.0,1,0,-32.4,39,standard,60,16,5,-22.1,1,14.9,1,1
cust-07823,Customer 07823,54,144.77,5,1,-23.8,40,basic,16,12,0,-24.1,26,60.9,0,0
cust-07824,Customer 07824,15,162.2,1,0,27.7,91,basic,11,33,0,42.8,32,94.9,0,0
cust-07825,Customer 07825,34,166.72,0,3,31.7,74,basic,30,3,0,20.7,49,31.6,2,1
cust-07826,Customer 07826,7,181.01,2,0,1.6,24,basic,8,21,5,15.1,16,81.0,1,0
cust-07827,Customer 07827,27,1435.22,0,0,21.4,42,premium,12,10,0,22.5,65,57.1,1,0
cust-07828,Customer 07828,10,1000.5,3,0,8.9,58,premium,54,11,0,17.7,28,60.3,0,0
cust-07829,Customer 07829,6,455.52,3,0,7.6,55,standard,20,28,5,13.2,9,60.8,0,0
cust-07830,Customer 07830,24,549.5,1,0,33.4,54,standard,38,12,0,25.4,14,33.9,1,0
cust-07831,Customer 07831,72,417.61,0,4,-39.5,15,standard,33,16,0,-39.6,89,100,0,0
cust-07832,Customer 07832,31,1494.34,2,0,21.8,68,premium,11,16,10,22.7,8,70.9,1,0
cust-07833,Customer 07833,1,114.45,8,0,21.2,83,basic,1,20,15,25.0,13,72.9,2,1
cust-07834,Customer 07834,20,1341.36,3,0,24.3,71,premium,36,17,15,16.7,17,52.4,2,1
cust-07835,Customer 07835,9,137.1,0,0,-12.9,63,basic,3,17,0,-8.7,63,52.5,1,0
cust-07836,Customer 07836,17,388.23,4,0,-10.8,74,standard,13,19,0,-2.2,26,79.2,1,0
cust-07837,Customer 07837,62,421.21,0,0,5.6,21,standard,1,12,0,17.1,77,28.2,0,0
cust-07838,Customer 07838,35,178.88,2,1,42.5,29,basic,31,18,0,34.2,21,37.1,0,0
cust-07839,Customer 07839,60,1489.22,1,4,-14.1,90,premium,25,10,0,-11.6,9,45.1,0,0
cust-07840,Customer 07840,13,1305.75,0,1,12.6,62,premium,10,0,5,13.6,31,23.2,0,0
cust-07841,Customer 07841,24,398.72,2,0,-33.2,66,standard,9,4,10,-36.0,9,26.3,1,0
cust-07842,Customer 07842,26,371.61,0,0,26.4,37,standard,12,2,15,20.5,79,77.0,0,0
cust-07843,Customer 07843,21,170.43,4,2,13.2,44,basic,22,16,0,9.5,21,74.7,0,0
cust-07844,Customer 07844,29,286.68,2,1,10.6,45,standard,20,8,0,8.8,13,28.3,0,0
cust-07845,Customer 07845,27,307.3,1,1,4.7,25,standard,24,26,0,7.6,22,51.6,2,0
cust-07846,Customer 07846,11,139.84,0,1,-11.3,28,basic,8,13,15,-3.6,90,35.2,0,1
cust-07847,Customer 07847,49,1111.46,1,1,23.6,43,premium,28,11,0,15.2,27,61.6,2,0
cust-07848,Customer 07848,21,109.54,0,1,27.2,95,basic,14,27,0,29.4,50,32.5,0,0
cust-07849,Customer 07849,12,535.6,0,3,-3.3,33,standard,16,12,0,-6.6,73,75.8,0,0
cust-07850,Customer 07850,26,567.62,1,0,-6.3,-8,standard,11,13,0,-6.6,26,48.7,0,0
cust-07851,Customer 07851,41,929.73,0,0,-13.7,51,premium,16,22,0,-3.7,74,66.0,2,0
cust-07852,Customer 07852,13,166.64,2,1,-23.3,67,basic,7,24,0,-22.5,13,91.7,0,0
cust-07853,Customer 07853,32,1461.1,0,0,-2.0,34,premium,43,2,5,9.3,72,43.6,1,0
cust-07854,Customer 07854,35,453.77,0,0,-27.8,59,standard,60,8,0,-25.1,83,58.1,0,0
cust-07855,Customer 07855,44,413.65,1,1,-4.7,52,standard,22,0,0,8.1,18,65.8,2,0
cust-07856,Customer 07856,7,1318.17,4,1,12.9,32,premium,7,11,0,1.1,9,55.4,0,0
cust-07857,Customer 07857,70,207.82,0,0,11.8,33,basic,19,0,15,21.2,36,53.3,2,0
cust-07858,Customer 07858,30,1389.21,0,0,-15.1,37,premium,19,8,0,-22.3,55,35.2,0,0
cust-07859,Customer 07859,30,187.04,0,0,-28.8,78,basic,22,13,15,-31.4,36,69.3,0,0
cust-07860,Customer 07860,8,229.28,2,0,28.4,95,basic,7,19,0,20.5,17,49.6,0,0
cust-07861,Customer 07861,15,255.14,1,0,29.2,66,standard,15,33,0,24.6,2,25.4,0,0
cust-07862,Customer 07862,28,356.21,2,0,-1.2,25,standard,23,27,5,10.2,0,72.4,1,0
cust-07863,Customer 07863,29,163.11,0,0,14.6,50,basic,7,8,0,8.0,37,49.9,0,0
cust-07864,Customer 07864,5,412.81,1,0,22.3,-4,standard,46,5,0,10.8,25,72.5,1,0
cust-07865,Customer 07865,55,952.62,0,2,29.6,12,premium,45,0,10,31.5,33,45.9,0,1
cust-07866,Customer 07866,14,256.45,0,0,-0.4,38,standard,30,0,0,7.1,75,88.9,3,0
cust-07867,Customer 07867,16,308.34,1,0,-23.5,95,standard,12,17,5,-33.2,29,58.0,1,0
cust-07868,Customer 07868,8,382.69,1,1,-26.3,51,standard,29,20,10,-25.2,21,90.9,0,0
cust-07869,Customer 07869,8,322.83,1,0,-8.0,13,standard,9,0,0,-0.9,20,77.7,2,0
cust-07870,Customer 07870,18,1048.0,0,0,8.7,43,premium,10,13,15,-3.1,77,64.7,3,0
cust-07871,Customer 07871,11,103.09,2,2,-24.3,81,basic,0,16,0,-29.7,10,100,2,0
cust-07872,Customer 07872,23,508.53,0,1,7.3,48,standard,38,1,0,3.2,69,73.7,0,0
cust-07873,Customer 07873,12,153.61,0,0,27.6,46,basic,7,24,0,18.8,32,71.3,3,0
cust-07874,Customer 07874,14,454.9,3,0,24.8,27,standard,2,19,20,10.6,44,70.3,1,0
cust-07875,Customer 07875,14,178.7,4,0,-16.4,32,basic,29,3,5,-13.2,58,64.8,1,0
cust-07876,Customer 07876,12,192.8,2,0,5.7,59,basic,50,17,0,13.2,35,78.9,0,0
cust-07877,Customer 07877,11,527.97,6,0,-14.3,15,standard,28,12,10,-9.4,32,47.5,0,0
cust-07878,Customer 07878,40,162.69,2,0,45,47,basic,15,26,0,50,11,54.1,1,0
cust-07879,Customer 07879,11,394.06,10,1,-21.5,44,standard,18,5,0,-13.5,5,77.2,1,0
cust-07880,Customer 07880,70,471.13,1,0,44.9,90,standard,19,19,20,50,89,65.1,0,0
cust-07881,Customer 07881,11,1170.54,0,1,-0.1,19,premium,12,38,5,-2.5,36,52.9,3,0
cust-07882,Customer 07882,22,192.79,0,0,7.3,61,basic,13,8,0,13.9,88,57.0,0,0
cust-07883,Customer 07883,12,380.16,8,0,15.7,56,standard,35,9,15,8.6,1,81.5,1,0
cust-07884,Customer 07884,25,1223.58,0,2,-10.3,61,premium,10,15,0,-5.0,35,59.9,0,0
cust-07885,Customer 07885,28,253.05,7,0,17.9,44,basic,0,15,0,-4.2,31,78.1,2,1
cust-07886,Customer 07886,25,1080.49,5,2,-7.6,84,premium,17,0,10,-8.4,73,62.5,1,0
cust-07887,Customer 07887,6,136.08,0,0,-34.6,29,basic,13,9,10,-42.9,43,70.9,1,1
cust-07888,Customer 07888,20,1407.9,0,2,-9.8,28,premium,5,3,0,-6.2,30,28.0,0,0
cust-07889,Customer 07889,25,434.21,0,0,-27.2,30,standard,60,12,10,-30.4,34,46.4,1,0
cust-07890,Customer 07890,12,83.17,7,0,-23.4,31,basic,8,29,0,-33.7,25,49.4,2,1
cust-07891,Customer 07891,7,253.9,2,2,16.9,36,basic,30,14,0,30.4,62,84.6,0,1
cust-07892,Customer 07892,7,345.54,2,1,40.4,34,standard,7,2,10,44.4,46,47.5,0,0
cust-07893,Customer 07893,11,163.28,3,0,7.5,57,basic,16,17,10,10.8,15,34.1,0,0
cust-07894,Customer 07894,11,357.8,1,0,19.8,2,standard,5,2,5,31.0,61,66.8,0,0
cust-07895,Customer 07895,20,166.92,1,0,1.9,75,basic,30,11,10,2.3,45,63.9,0,0
cust-07896,Customer 07896,54,321.03,0,0,12.9,58,standard,12,0,10,3.6,43,24.6,0,0
cust-07897,Customer 07897,68,818.99,0,0,2.9,82,premium,14,34,0,13.1,50,48.9,0,0
cust-07898,Customer 07898,60,470.97,5,2,11.7,75,standard,5,27,0,10.0,22,28.6,0,0
cust-07899,Customer 07899,16,202.6,0,0,2.3,38,basic,28,0,0,4.3,44,64.4,1,0
cust-07900,Customer 07900,6,118.47,5,0,7.5,34,basic,7,4,0,1.2,22,96.4,1,0
cust-07901,Customer 07901,71,144.42,4,0,2.2,41,basic,15,16,0,-7.1,26,29.5,2,0
cust-07902,Customer 07902,11,188.44,3,0,2.9,53,standard,26,11,0,3.5,26,77.5,0,0
cust-07903,Customer 07903,36,836.21,0,1,2.8,52,premium,15,22,0,-4.3,44,64.3,0,0
cust-07904,Customer 07904,33,124.29,0,0,-3.0,40,basic,9,6,5,-1.8,73,51.7,0,0
cust-07905,Customer 07905,26,1181.49,0,0,18.1,59,premium,13,5,0,10.4,26,59.3,3,0
cust-07906,Customer 07906,35,263.87,3,0,-33.3,15,standard,14,12,0,-36.8,20,58.2,0,1
cust-07907,Customer 07907,32,1364.59,7,0,17.8,59,premium,14,12,5,30.7,13,51.9,1,0
cust-07908,Customer 07908,24,432.96,7,0,-7.4,76,standard,6,11,0,12.1,26,5,0,0
cust-07909,Customer 07909,21,214.2,5,1,-13.8,29,basic,5,23,0,-23.7,9,76.0,0,0
cust-07910,Customer 07910,19,311.38,2,0,-31.4,57,standard,55,15,5,-22.3,11,42.4,1,1
cust-07911,Customer 07911,24,1346.7,4,1,-6.1,14,premium,5,0,20,-18.0,23,37.8,0,1
cust-07912,Customer 07912,35,249.31,7,0,-58.7,51,standard,29,4,0,-66.0,14,58.5,0,1
cust-07913,Customer 07913,6,435.59,1,2,21.2,38,standard,17,8,0,11.7,21,51.7,2,0
cust-07914,Customer 07914,22,164.63,0,0,-19.8,83,basic,15,0,0,-3.7,29,66.4,3,0
cust-07915,Customer 07915,22,159.37,2,0,27.6,11,basic,34,0,5,32.6,21,29.2,0,0
cust-07916,Customer 07916,2,441.17,0,0,-13.2,2,standard,8,21,0,-14.2,56,67.0,1,0
cust-07917,Customer 07917,30,381.95,0,1,-32.5,49,standard,16,16,0,-35.5,71,69.8,1,0
cust-07918,Customer 07918,27,547.26,4,3,-8.1,70,standard,24,9,5,-3.2,21,86.5,3,0
cust-07919,Customer 07919,22,989.51,8,0,10.1,51,premium,24,20,0,3.8,16,47.3,3,0
cust-07920,Customer 07920,36,648.72,3,0,4.3,8,premium,5,11,0,21.7,56,76.1,0,0
cust-07921,Customer 07921,35,204.86,0,1,-29.3,14,basic,19,20,10,-37.3,70,17.3,1,0
cust-07922,Customer 07922,61,922.76,0,1,4.6,55,premium,24,12,15,21.3,52,34.5,0,0
cust-07923,Customer 07923,3,197.11,4,0,-18.9,41,basic,20,35,0,-15.4,30,57.5,3,1
cust-07924,Customer 07924,34,150.79,2,0,22.2,42,basic,14,7,0,8.1,38,23.4,1,0
cust-07925,Customer 07925,10,145.99,2,0,13.8,29,basic,8,0,0,21.8,31,94.8,0,0
cust-07926,Customer 07926,56,345.02,1,0,-9.6,59,standard,34,3,0,-1.0,40,51.3,1,0
cust-07927,Customer 07927,30,484.39,1,0,-7.6,53,standard,45,26,0,-6.4,30,62.4,0,0
cust-07928,Customer 07928,21,161.16,1,2,-48.6,75,basic,6,0,0,-62.3,25,84.9,0,0
cust-07929,Customer 07929,37,465.9,0,1,-10.1,54,standard,27,18,10,-18.6,43,47.7,0,0
cust-07930,Customer 07930,26,890.28,1,1,33.9,56,premium,14,0,15,25.5,18,56.1,0,0
cust-07931,Customer 07931,35,144.98,4,3,-14.8,85,basic,5,22,10,-14.8,27,86.8,1,0
cust-07932,Customer 07932,7,218.78,2,0,-22.1,27,basic,6,16,5,-23.6,19,58.3,1,0
cust-07933,Customer 07933,57,1044.71,1,2,-14.5,68,premium,7,1,0,-15.8,9,22.1,1,0
cust-07934,Customer 07934,21,1213.33,1,1,29.2,90,premium,29,0,5,34.7,90,35.0,2,0
cust-07935,Customer 07935,26,319.63,5,0,-2.4,56,standard,14,0,10,-11.5,60,24.2,0,0
cust-07936,Customer 07936,20,359.76,1,1,16.5,27,standard,22,9,10,24.9,10,64.9,1,0
cust-07937,Customer 07937,72,95.2,0,3,-26.8,47,basic,42,21,10,-28.0,61,62.9,1,0
cust-07938,Customer 07938,44,189.08,0,1,-4.4,43,basic,20,7,0,-12.1,78,44.2,0,0
cust-07939,Customer 07939,4,645.47,3,2,-0.7,63,standard,9,17,0,0.9,20,100,0,1
cust-07940,Customer 07940,14,1415.12,3,0,-0.7,64,premium,12,7,0,-3.8,51,59.5,0,0
cust-07941,Customer 07941,35,255.77,2,0,23.0,75,standard,18,0,10,27.6,10,100,0,0
cust-07942,Customer 07942,10,177.98,1,0,-25.0,26,basic,15,6,15,-24.2,19,24.5,2,0
cust-07943,Customer 07943,9,545.95,0,1,44.6,94,standard,12,9,0,38.2,52,66.8,0,0
cust-07944,Customer 07944,42,327.52,1,0,12.8,45,standard,18,31,0,13.5,32,5,3,0
cust-07945,Customer 07945,19,139.75,0,1,20.4,41,basic,9,31,10,16.8,33,46.2,0,0
cust-07946,Customer 07946,33,359.98,0,0,13.4,70,standard,48,0,0,9.4,72,43.8,1,0
cust-07947,Customer 07947,25,151.22,3,1,-11.4,41,basic,11,14,15,-10.3,47,37.8,0,0
cust-07948,Customer 07948,61,123.21,2,0,-24.7,25,basic,43,7,15,-29.4,38,58.5,1,0
cust-07949,Customer 07949,14,371.53,0,0,20.6,73,standard,5,9,10,23.4,71,54.1,0,0
cust-07950,Customer 07950,6,134.24,0,2,-7.2,22,basic,6,7,0,-10.6,71,61.8,1,0
cust-07951,Customer 07951,23,465.59,0,0,-1.6,48,standard,15,16,0,-7.3,57,48.6,0,0
cust-07952,Customer 07952,26,512.18,0,0,-4.8,52,standard,21,12,5,-1.5,71,100,3,0
cust-07953,Customer 07953,24,301.76,1,0,14.6,90,standard,6,15,10,11.5,27,51.5,2,0
cust-07954,Customer 07954,15,517.5,1,0,-21.4,65,standard,26,20,20,-27.0,75,33.5,0,0
cust-07955,Customer 07955,40,198.64,2,0,-12.2,52,basic,11,15,20,-12.2,41,53.4,0,0
cust-07956,Customer 07956,48,357.66,2,1,-0.1,90,standard,17,27,0,19.0,18,64.4,1,0
cust-07957,Customer 07957,9,430.96,0,1,4.2,36,standard,22,19,10,12.2,65,37.0,0,0
cust-07958,Customer 07958,9,184.75,2,1,-21.5,48,basic,25,36,5,-32.4,20,64.2,2,1
cust-07959,Customer 07959,29,472.49,1,0,-4.0,26,standard,21,26,0,7.7,28,58.6,2,0
cust-07960,Customer 07960,26,169.88,6,0,-34.3,72,basic,39,14,0,-47.7,15,22.7,2,1
cust-07961,Customer 07961,38,144.12,2,1,-1.0,56,basic,49,19,0,3.1,4,100,0,0
cust-07962,Customer 07962,16,849.45,1,1,-8.9,49,premium,17,18,5,-19.0,25,100,1,0
cust-07963,Customer 07963,54,321.51,0,2,-41.9,38,standard,16,13,15,-17.8,68,81.8,2,1
cust-07964,Customer 07964,33,338.56,0,1,14.8,36,standard,9,19,0,22.1,71,72.0,0,0
cust-07965,Customer 07965,22,1243.59,2,0,29.7,35,premium,11,1,15,23.1,10,54.3,0,0
cust-07966,Customer 07966,16,100.03,1,0,-14.5,16,basic,26,7,0,-20.4,18,100,1,0
cust-07967,Customer 07967,19,139.37,1,1,11.3,82,basic,10,12,15,21.3,59,37.8,0,0
cust-07968,Customer 07968,43,110.89,1,0,-33.8,95,basic,26,9,0,-38.6,44,72.5,1,0
cust-07969,Customer 07969,42,906.72,5,2,-23.6,12,premium,39,0,0,-13.7,7,58.7,0,1
cust-07970,Customer 07970,4,392.76,1,0,-10.1,18,standard,16,26,0,-8.9,44,44.3,1,0
cust-07971,Customer 07971,20,133.1,5,0,-19.2,40,basic,19,0,10,-23.7,56,45.2,0,0
cust-07972,Customer 07972,28,268.87,1,1,11.0,72,basic,27,11,15,1.3,23,52.9,0,0
cust-07973,Customer 07973,6,116.85,0,0,44.3,26,basic,17,26,15,40.8,26,60.8,0,0
cust-07974,Customer 07974,30,189.6,3,0,10.3,33,basic,7,0,0,8.5,7,22.6,3,0
cust-07975,Customer 07975,16,605.05,8,0,-18.5,73,premium,23,7,5,-17.5,33,84.4,1,1
cust-07976,Customer 07976,33,285.32,4,0,-35.5,92,standard,20,26,15,-47.9,21,34.5,2,0
cust-07977,Customer 07977,13,385.61,0,0,-8.6,95,standard,20,9,0,-10.6,61,41.1,0,0
cust-07978,Customer 07978,9,1110.52,1,2,-9.1,95,premium,13,0,0,-11.9,27,75.2,0,0
cust-07979,Customer 07979,18,606.59,0,2,-1.7,25,standard,29,9,0,-3.0,81,39.2,1,0
cust-07980,Customer 07980,5,338.1,1,0,-56.3,49,standard,21,12,0,-58.5,71,19.5,0,0
cust-07981,Customer 07981,30,122.97,1,0,-17.3,26,basic,11,1,0,-11.4,11,56.2,1,1
cust-07982,Customer 07982,18,109.8,0,2,20.1,46,basic,12,7,0,21.3,79,30.8,0,0
cust-07983,Customer 07983,6,347.04,3,2,-0.9,24,standard,34,11,0,8.8,10,36.1,0,1
cust-07984,Customer 07984,9,143.19,0,1,1.0,49,basic,28,20,0,-17.1,78,100,2,0
cust-07985,Customer 07985,15,296.68,0,1,1.3,12,standard,12,7,10,2.2,35,44.6,1,0
cust-07986,Customer 07986,13,200.1,1,0,6.7,80,basic,10,2,10,6.3,29,66.6,0,0
cust-07987,Customer 07987,8,188.68,1,1,25.2,52,standard,19,17,10,32.1,22,44.8,0,0
cust-07988,Customer 07988,16,935.34,0,1,20.1,49,premium,27,25,0,17.9,55,75.3,0,0
cust-07989,Customer 07989,21,330.95,4,1,-3.7,62,standard,12,18,10,1.8,6,52.3,0,1
cust-07990,Customer 07990,17,95.07,0,0,-13.7,41,basic,20,0,5,-17.7,29,54.0,1,0
cust-07991,Customer 07991,16,139.68,2,1,-1.2,46,basic,11,29,5,-3.5,39,53.3,0,0
cust-07992,Customer 07992,22,941.68,4,0,9.7,71,premium,16,23,0,-0.9,44,51.1,2,0
cust-07993,Customer 07993,17,217.51,0,0,11.6,43,basic,21,22,10,9.7,48,63.0,1,1
cust-07994,Customer 07994,51,540.36,0,1,45,19,premium,36,1,0,50,35,58.4,1,0
cust-07995,Customer 07995,20,130.88,2,0,-15.1,51,basic,25,16,0,-10.8,30,55.4,0,0
cust-07996,Customer 07996,3,1138.75,1,1,-9.7,57,premium,15,0,0,-10.5,27,20.3,0,0
cust-07997,Customer 07997,10,254.75,0,0,23.8,71,standard,16,11,0,27.3,62,55.7,1,0
cust-07998,Customer 07998,9,340.4,5,0,-12.0,54,standard,20,19,5,-14.3,50,77.0,2,0
cust-07999,Customer 07999,22,199.5,12,0,-4.0,51,basic,37,9,0,0.4,44,20.9,0,0
cust-08000,Customer 08000,21,256.93,0,0,-24.0,36,standard,4,20,0,-26.4,46,53.9,2,0
